trial	subject	sample	posid	nReads	nFrags	nUMIs	leaderSeq
test	subjectA	sample1	chr14+86748515	125	5	5	TCTGCGCGCTCGCTCGCTCA
test	subjectA	sample1	chr13-112286005	125	5	5	TCTGCGCGCTCGCTCGCTCA
test	subjectA	sample1	chr12+95872631	125	5	5	TCTGCGCGCTCGCTCGCTCA
test	subjectA	sample1	chr3+178118018	125	5	5	TCTGCGCGCTCGCTCGCTCA
test	subjectA	sample1	chr18+51840676	125	5	5	TCTGCGCGCTCGCTCGCTCA
test	subjectA	sample1	chr15+97654366	125	5	5	TCTGCGCGCTCGCTCGCTCA
test	subjectA	sample1	chr12+22442440	125	5	5	TCTGCGCGCTCGCTCGCTCA
test	subjectA	sample1	chr11+120278015	125	5	5	TCTGCGCGCTCGCTCGCTCA
test	subjectA	sample1	chr9-78305667	125	5	5	TCTGCGCGCTCGCTCGCTCA
test	subjectA	sample1	chr4+147933315	125	5	5	TCTGCGCGCTCGCTCGCTCA
test	subjectA	sample1	chr18+69524185	125	5	5	TCTGCGCGCTCGCTCGCTCA
test	subjectA	sample1	chr9+75341012	125	5	5	TCTGCGCGCTCGCTCGCTCA
test	subjectA	sample1	chr9+137741892	125	5	5	TCTGCGCGCTCGCTCGCTCA
test	subjectA	sample1	chr14-69706698	125	5	5	TCTGCGCGCTCGCTCGCTCA
test	subjectA	sample1	chr19+17723108	125	5	5	TCTGCGCGCTCGCTCGCTCA
test	subjectA	sample1	chr3-49975410	125	5	5	TCTGCGCGCTCGCTCGCTCA
test	subjectA	sample1	chr11-75468290	125	5	5	TCTGCGCGCTCGCTCGCTCA
test	subjectA	sample1	chr7+151101499	125	5	5	TCTGCGCGCTCGCTCGCTCA
test	subjectA	sample1	chr18+47871691	125	5	5	TCTGCGCGCTCGCTCGCTCA
test	subjectA	sample1	chr14-71183135	125	5	5	TCTGCGCGCTCGCTCGCTCA
test	subjectA	sample1	chr11+113917085	125	5	5	TCTGCGCGCTCGCTCGCTCA
test	subjectA	sample1	chr2-120289180	125	5	5	TCTGCGCGCTCGCTCGCTCA
test	subjectA	sample1	chr2-124118271	125	5	5	TCTGCGCGCTCGCTCGCTCA
test	subjectA	sample1	chr3-172647873	125	5	5	TCTGCGCGCTCGCTCGCTCA
test	subjectA	sample1	chr18+9395360	125	5	5	TCTGCGCGCTCGCTCGCTCA
test	subjectA	sample1	chr7+88440149	125	5	5	TCTGCGCGCTCGCTCGCTCA
test	subjectA	sample1	chr14+37901998	125	5	5	TCTGCGCGCTCGCTCGCTCA
test	subjectA	sample1	chr9+34207535	125	5	5	TCTGCGCGCTCGCTCGCTCA
test	subjectA	sample1	chr14-69053876	125	5	5	TCTGCGCGCTCGCTCGCTCA
test	subjectA	sample1	chr18+3430309	125	5	5	TCTGCGCGCTCGCTCGCTCA
test	subjectA	sample1	chr17+57310525	125	5	5	TCTGCGCGCTCGCTCGCTCA
test	subjectA	sample1	chr6+133369400	125	5	5	TCTGCGCGCTCGCTCGCTCA
test	subjectA	sample1	chr14+81223566	125	5	5	TCTGCGCGCTCGCTCGCTCA
test	subjectA	sample1	chr8-68120709	125	5	5	TCTGCGCGCTCGCTCGCTCA
test	subjectA	sample1	chr7-57219337	125	5	5	TCTGCGCGCTCGCTCGCTCA
test	subjectA	sample1	chr13-56343646	125	5	5	TCTGCGCGCTCGCTCGCTCA
test	subjectA	sample1	chr7-113789263	125	5	5	TCTGCGCGCTCGCTCGCTCA
test	subjectA	sample1	chr22-31827692	125	5	5	TCTGCGCGCTCGCTCGCTCA
test	subjectA	sample1	chr16-84391644	125	5	5	TCTGCGCGCTCGCTCGCTCA
test	subjectA	sample1	chr1+154961071	125	5	5	TCTGCGCGCTCGCTCGCTCA
test	subjectA	sample1	chr8+92533813	125	5	5	TCTGCGCGCTCGCTCGCTCA
test	subjectA	sample1	chr2-230203634	125	5	5	TCTGCGCGCTCGCTCGCTCA
test	subjectA	sample1	chrX-63228157	125	5	5	TCTGCGCGCTCGCTCGCTCA
test	subjectA	sample1	chr19+14135879	125	5	5	TCTGCGCGCTCGCTCGCTCA
test	subjectA	sample1	chr11-101176512	125	5	5	TCTGCGCGCTCGCTCGCTCA
test	subjectA	sample1	chr22+41697079	125	5	5	TCTGCGCGCTCGCTCGCTCA
test	subjectA	sample1	chr9-106988089	125	5	5	TCTGCGCGCTCGCTCGCTCA
test	subjectA	sample1	chr14+25654376	125	5	5	TCTGCGCGCTCGCTCGCTCA
test	subjectA	sample1	chr17+7158822	125	5	5	TCTGCGCGCTCGCTCGCTCA
test	subjectA	sample1	chr11+114587952	125	5	5	TCTGCGCGCTCGCTCGCTCA
test	subjectA	sample1	chr16-50062041	125	5	5	TCTGCGCGCTCGCTCGCTCA
test	subjectA	sample1	chr1+44388729	125	5	5	TCTGCGCGCTCGCTCGCTCA
test	subjectA	sample1	chr7+38495780	125	5	5	TCTGCGCGCTCGCTCGCTCA
test	subjectA	sample1	chr20+10302683	125	5	5	TCTGCGCGCTCGCTCGCTCA
test	subjectA	sample1	chr22-25809499	125	5	5	TCTGCGCGCTCGCTCGCTCA
test	subjectA	sample1	chr16-63121251	125	5	5	TCTGCGCGCTCGCTCGCTCA
test	subjectA	sample1	chr21-37871430	125	5	5	TCTGCGCGCTCGCTCGCTCA
test	subjectA	sample1	chr18+35083187	125	5	5	TCTGCGCGCTCGCTCGCTCA
test	subjectA	sample1	chr16-63649738	125	5	5	TCTGCGCGCTCGCTCGCTCA
test	subjectA	sample1	chr19-55573018	125	5	5	TCTGCGCGCTCGCTCGCTCA
test	subjectA	sample1	chr14-85106608	125	5	5	TCTGCGCGCTCGCTCGCTCA
test	subjectA	sample1	chr5+134401526	125	5	5	TCTGCGCGCTCGCTCGCTCA
test	subjectA	sample1	chr1+247646640	125	5	5	TCTGCGCGCTCGCTCGCTCA
test	subjectA	sample1	chr2-129516901	125	5	5	TCTGCGCGCTCGCTCGCTCA
test	subjectA	sample1	chr11-11299689	125	5	5	TCTGCGCGCTCGCTCGCTCA
test	subjectA	sample1	chr14-97194747	125	5	5	TCTGCGCGCTCGCTCGCTCA
test	subjectA	sample1	chr21+38931915	125	5	5	TCTGCGCGCTCGCTCGCTCA
test	subjectA	sample1	chr16-3686607	125	5	5	TCTGCGCGCTCGCTCGCTCA
test	subjectA	sample1	chr2+9218909	125	5	5	TCTGCGCGCTCGCTCGCTCA
test	subjectA	sample1	chr13-94944839	125	5	5	TCTGCGCGCTCGCTCGCTCA
test	subjectA	sample1	chr15-71937996	125	5	5	TCTGCGCGCTCGCTCGCTCA
test	subjectA	sample1	chr10-119030498	125	5	5	TCTGCGCGCTCGCTCGCTCA
test	subjectA	sample1	chr19-32866584	125	5	5	TCTGCGCGCTCGCTCGCTCA
test	subjectA	sample1	chr18-62097227	125	5	5	TCTGCGCGCTCGCTCGCTCA
test	subjectA	sample1	chr6-45827057	125	5	5	TCTGCGCGCTCGCTCGCTCA
test	subjectA	sample1	chrX-89498777	125	5	5	TCTGCGCGCTCGCTCGCTCA
test	subjectA	sample1	chr7+80772411	125	5	5	TCTGCGCGCTCGCTCGCTCA
test	subjectA	sample1	chr3+148137293	125	5	5	TCTGCGCGCTCGCTCGCTCA
test	subjectA	sample1	chr3-75781805	125	5	5	TCTGCGCGCTCGCTCGCTCA
test	subjectA	sample1	chr7-137501773	125	5	5	TCTGCGCGCTCGCTCGCTCA
test	subjectA	sample1	chr11-56845000	125	5	5	TCTGCGCGCTCGCTCGCTCA
test	subjectA	sample1	chr2-12887950	125	5	5	TCTGCGCGCTCGCTCGCTCA
test	subjectA	sample1	chr10+54569304	125	5	5	TCTGCGCGCTCGCTCGCTCA
test	subjectA	sample1	chr3+182750213	125	5	5	TCTGCGCGCTCGCTCGCTCA
test	subjectA	sample1	chr10-18183546	125	5	5	TCTGCGCGCTCGCTCGCTCA
test	subjectA	sample1	chr15+86308420	125	5	5	TCTGCGCGCTCGCTCGCTCA
test	subjectA	sample1	chr15-56858224	125	5	5	TCTGCGCGCTCGCTCGCTCA
test	subjectA	sample1	chr13-60704268	125	5	5	TCTGCGCGCTCGCTCGCTCA
test	subjectA	sample1	chr19+35801614	125	5	5	TCTGCGCGCTCGCTCGCTCA
test	subjectA	sample1	chr4+145868256	125	5	5	TCTGCGCGCTCGCTCGCTCA
test	subjectA	sample1	chr16+576130	125	5	5	TCTGCGCGCTCGCTCGCTCA
test	subjectA	sample1	chr19+13901179	125	5	5	TCTGCGCGCTCGCTCGCTCA
test	subjectA	sample1	chr16-50160007	125	5	5	TCTGCGCGCTCGCTCGCTCA
test	subjectA	sample1	chr7+79320501	125	5	5	TCTGCGCGCTCGCTCGCTCA
test	subjectA	sample1	chr14-99544585	125	5	5	TCTGCGCGCTCGCTCGCTCA
test	subjectA	sample1	chr4+41104947	125	5	5	TCTGCGCGCTCGCTCGCTCA
test	subjectA	sample1	chr9-18135654	125	5	5	TCTGCGCGCTCGCTCGCTCA
test	subjectA	sample1	chr10-72330484	125	5	5	TCTGCGCGCTCGCTCGCTCA
test	subjectA	sample1	chr19+23556133	125	5	5	TCTGCGCGCTCGCTCGCTCA
test	subjectA	sample1	chr13+24010422	125	5	5	TCTGCGCGCTCGCTCGCTCA
test	subjectA	sample1	chr12-19962704	125	5	5	TCTGCGCGCTCGCTCGCTCA
test	subjectA	sample1	chr13+58926900	125	5	5	TCTGCGCGCTCGCTCGCTCA
test	subjectA	sample1	chr10-42846433	125	5	5	TCTGCGCGCTCGCTCGCTCA
test	subjectA	sample1	chr1+112505588	125	5	5	TCTGCGCGCTCGCTCGCTCA
test	subjectA	sample1	chr16-58999120	125	5	5	TCTGCGCGCTCGCTCGCTCA
test	subjectA	sample1	chr19+28236920	125	5	5	TCTGCGCGCTCGCTCGCTCA
test	subjectA	sample1	chr6+162554286	125	5	5	TCTGCGCGCTCGCTCGCTCA
test	subjectA	sample1	chr20+46862217	125	5	5	TCTGCGCGCTCGCTCGCTCA
test	subjectA	sample1	chr1+106802957	125	5	5	TCTGCGCGCTCGCTCGCTCA
test	subjectA	sample1	chr18+54917128	125	5	5	TCTGCGCGCTCGCTCGCTCA
test	subjectA	sample1	chr6-34521861	125	5	5	TCTGCGCGCTCGCTCGCTCA
test	subjectA	sample1	chr14-64538275	125	5	5	TCTGCGCGCTCGCTCGCTCA
test	subjectA	sample1	chr2+113995182	125	5	5	TCTGCGCGCTCGCTCGCTCA
test	subjectA	sample1	chrX+121556186	125	5	5	TCTGCGCGCTCGCTCGCTCA
test	subjectA	sample1	chr13+53989214	125	5	5	TCTGCGCGCTCGCTCGCTCA
test	subjectA	sample1	chr1+155124918	125	5	5	TCTGCGCGCTCGCTCGCTCA
test	subjectA	sample1	chr7-149721386	125	5	5	TCTGCGCGCTCGCTCGCTCA
test	subjectA	sample1	chr17+41958428	125	5	5	TCTGCGCGCTCGCTCGCTCA
test	subjectA	sample1	chr18-12831874	125	5	5	TCTGCGCGCTCGCTCGCTCA
test	subjectA	sample1	chr18-38381539	125	5	5	TCTGCGCGCTCGCTCGCTCA
test	subjectA	sample1	chr19+15608465	125	5	5	TCTGCGCGCTCGCTCGCTCA
test	subjectA	sample1	chr20-8405078	125	5	5	TCTGCGCGCTCGCTCGCTCA
test	subjectA	sample1	chr1-244830522	125	5	5	TCTGCGCGCTCGCTCGCTCA
test	subjectA	sample1	chr19-5785693	125	5	5	TCTGCGCGCTCGCTCGCTCA
test	subjectA	sample1	chr4+84280414	125	5	5	TCTGCGCGCTCGCTCGCTCA
test	subjectA	sample1	chr18+12961060	125	5	5	TCTGCGCGCTCGCTCGCTCA
test	subjectA	sample1	chr8-16889835	125	5	5	TCTGCGCGCTCGCTCGCTCA
test	subjectA	sample1	chr12-69045419	125	5	5	TCTGCGCGCTCGCTCGCTCA
test	subjectA	sample1	chr20+46974010	125	5	5	TCTGCGCGCTCGCTCGCTCA
test	subjectA	sample1	chr5-153082245	125	5	5	TCTGCGCGCTCGCTCGCTCA
test	subjectA	sample1	chr4+37545090	125	5	5	TCTGCGCGCTCGCTCGCTCA
test	subjectA	sample1	chr22+11836511	125	5	5	TCTGCGCGCTCGCTCGCTCA
test	subjectA	sample1	chr15-45618194	125	5	5	TCTGCGCGCTCGCTCGCTCA
test	subjectA	sample1	chr18-43287068	125	5	5	TCTGCGCGCTCGCTCGCTCA
test	subjectA	sample1	chr2-95968699	125	5	5	TCTGCGCGCTCGCTCGCTCA
test	subjectA	sample1	chrX-141149643	125	5	5	TCTGCGCGCTCGCTCGCTCA
test	subjectA	sample1	chr9-43537651	125	5	5	TCTGCGCGCTCGCTCGCTCA
test	subjectA	sample1	chr19-41612713	125	5	5	TCTGCGCGCTCGCTCGCTCA
test	subjectA	sample1	chr18-41942214	125	5	5	TCTGCGCGCTCGCTCGCTCA
test	subjectA	sample1	chr17+49288053	125	5	5	TCTGCGCGCTCGCTCGCTCA
test	subjectA	sample1	chr14-80934983	125	5	5	TCTGCGCGCTCGCTCGCTCA
test	subjectA	sample1	chr20-41012325	125	5	5	TCTGCGCGCTCGCTCGCTCA
test	subjectA	sample1	chr6+24193814	125	5	5	TCTGCGCGCTCGCTCGCTCA
test	subjectA	sample1	chr4+139538030	125	5	5	TCTGCGCGCTCGCTCGCTCA
test	subjectA	sample1	chr20-24592290	125	5	5	TCTGCGCGCTCGCTCGCTCA
test	subjectA	sample1	chr15-65450099	125	5	5	TCTGCGCGCTCGCTCGCTCA
test	subjectA	sample1	chr7-32411649	125	5	5	TCTGCGCGCTCGCTCGCTCA
test	subjectA	sample1	chr10+5035623	125	5	5	TCTGCGCGCTCGCTCGCTCA
test	subjectA	sample1	chr4-54970337	125	5	5	TCTGCGCGCTCGCTCGCTCA
test	subjectA	sample1	chr17-77689314	125	5	5	TCTGCGCGCTCGCTCGCTCA
test	subjectA	sample1	chr15+85247641	125	5	5	TCTGCGCGCTCGCTCGCTCA
test	subjectA	sample1	chr5+126242118	125	5	5	TCTGCGCGCTCGCTCGCTCA
test	subjectA	sample1	chr21-46302923	125	5	5	TCTGCGCGCTCGCTCGCTCA
test	subjectA	sample1	chr2+162098626	125	5	5	TCTGCGCGCTCGCTCGCTCA
test	subjectA	sample1	chr12-82041173	125	5	5	TCTGCGCGCTCGCTCGCTCA
test	subjectA	sample1	chr2-103042846	125	5	5	TCTGCGCGCTCGCTCGCTCA
test	subjectA	sample1	chr14-77196666	125	5	5	TCTGCGCGCTCGCTCGCTCA
test	subjectA	sample1	chr11-92368620	125	5	5	TCTGCGCGCTCGCTCGCTCA
test	subjectA	sample1	chr10-46236446	125	5	5	TCTGCGCGCTCGCTCGCTCA
test	subjectA	sample1	chr10+33515830	125	5	5	TCTGCGCGCTCGCTCGCTCA
test	subjectA	sample1	chr19+37380775	125	5	5	TCTGCGCGCTCGCTCGCTCA
test	subjectA	sample1	chr4+180058399	125	5	5	TCTGCGCGCTCGCTCGCTCA
test	subjectA	sample1	chr19+45757140	125	5	5	TCTGCGCGCTCGCTCGCTCA
test	subjectA	sample1	chr1+107824948	125	5	5	TCTGCGCGCTCGCTCGCTCA
test	subjectA	sample1	chr15+23891641	125	5	5	TCTGCGCGCTCGCTCGCTCA
test	subjectA	sample1	chr20+37240489	125	5	5	TCTGCGCGCTCGCTCGCTCA
test	subjectA	sample1	chr8+67614987	125	5	5	TCTGCGCGCTCGCTCGCTCA
test	subjectA	sample1	chr22-30711573	125	5	5	TCTGCGCGCTCGCTCGCTCA
test	subjectA	sample1	chr17+9499223	125	5	5	TCTGCGCGCTCGCTCGCTCA
test	subjectA	sample1	chr19-15055848	125	5	5	TCTGCGCGCTCGCTCGCTCA
test	subjectA	sample1	chr16+22240263	125	5	5	TCTGCGCGCTCGCTCGCTCA
test	subjectA	sample1	chr16-74119352	125	5	5	TCTGCGCGCTCGCTCGCTCA
test	subjectA	sample1	chr17+56128705	125	5	5	TCTGCGCGCTCGCTCGCTCA
test	subjectA	sample1	chr3+68758533	125	5	5	TCTGCGCGCTCGCTCGCTCA
test	subjectA	sample1	chr15+25843556	125	5	5	TCTGCGCGCTCGCTCGCTCA
test	subjectA	sample1	chr14+30300734	125	5	5	TCTGCGCGCTCGCTCGCTCA
test	subjectA	sample1	chr4+14282099	125	5	5	TCTGCGCGCTCGCTCGCTCA
test	subjectA	sample1	chr20+12901283	125	5	5	TCTGCGCGCTCGCTCGCTCA
test	subjectA	sample1	chrX-65079691	125	5	5	TCTGCGCGCTCGCTCGCTCA
test	subjectA	sample1	chr18-12248240	125	5	5	TCTGCGCGCTCGCTCGCTCA
test	subjectA	sample1	chr8-120111989	125	5	5	TCTGCGCGCTCGCTCGCTCA
test	subjectA	sample1	chr5-117470868	125	5	5	TCTGCGCGCTCGCTCGCTCA
test	subjectA	sample1	chr21+40634930	125	5	5	TCTGCGCGCTCGCTCGCTCA
test	subjectA	sample1	chr13-101872384	125	5	5	TCTGCGCGCTCGCTCGCTCA
test	subjectA	sample1	chr7+83161854	125	5	5	TCTGCGCGCTCGCTCGCTCA
test	subjectA	sample1	chr16+14151599	125	5	5	TCTGCGCGCTCGCTCGCTCA
test	subjectA	sample1	chr17-17025736	125	5	5	TCTGCGCGCTCGCTCGCTCA
test	subjectA	sample1	chr17+69037838	125	5	5	TCTGCGCGCTCGCTCGCTCA
test	subjectA	sample1	chr22-28638633	125	5	5	TCTGCGCGCTCGCTCGCTCA
test	subjectA	sample1	chr6-47313477	125	5	5	TCTGCGCGCTCGCTCGCTCA
test	subjectA	sample1	chr16-23141904	125	5	5	TCTGCGCGCTCGCTCGCTCA
test	subjectA	sample1	chr8+14755416	125	5	5	TCTGCGCGCTCGCTCGCTCA
test	subjectA	sample1	chr13-58455483	125	5	5	TCTGCGCGCTCGCTCGCTCA
test	subjectA	sample1	chr5-27216310	125	5	5	TCTGCGCGCTCGCTCGCTCA
test	subjectA	sample1	chr9+9551001	125	5	5	TCTGCGCGCTCGCTCGCTCA
test	subjectA	sample1	chr22+39305919	125	5	5	TCTGCGCGCTCGCTCGCTCA
test	subjectA	sample1	chr20+41821071	125	5	5	TCTGCGCGCTCGCTCGCTCA
test	subjectA	sample1	chr19-37250354	125	5	5	TCTGCGCGCTCGCTCGCTCA
test	subjectA	sample1	chr4+87862830	125	5	5	TCTGCGCGCTCGCTCGCTCA
test	subjectA	sample1	chr17+65546024	125	5	5	TCTGCGCGCTCGCTCGCTCA
test	subjectA	sample1	chr20-24497720	125	5	5	TCTGCGCGCTCGCTCGCTCA
test	subjectA	sample1	chr22+22037087	125	5	5	TCTGCGCGCTCGCTCGCTCA
test	subjectA	sample1	chr12+95702561	125	5	5	TCTGCGCGCTCGCTCGCTCA
test	subjectA	sample1	chr13+78967464	125	5	5	TCTGCGCGCTCGCTCGCTCA
test	subjectA	sample1	chr12+73515407	125	5	5	TCTGCGCGCTCGCTCGCTCA
test	subjectA	sample1	chr5-117445093	125	5	5	TCTGCGCGCTCGCTCGCTCA
test	subjectA	sample1	chr22+31878842	125	5	5	TCTGCGCGCTCGCTCGCTCA
test	subjectA	sample1	chr18-52240220	125	5	5	TCTGCGCGCTCGCTCGCTCA
test	subjectA	sample1	chr17-46344270	125	5	5	TCTGCGCGCTCGCTCGCTCA
test	subjectA	sample1	chr5-708941	125	5	5	TCTGCGCGCTCGCTCGCTCA
test	subjectA	sample1	chr20-33236997	125	5	5	TCTGCGCGCTCGCTCGCTCA
test	subjectA	sample1	chr1-206347773	125	5	5	TCTGCGCGCTCGCTCGCTCA
test	subjectA	sample1	chr14+33320202	125	5	5	TCTGCGCGCTCGCTCGCTCA
test	subjectA	sample1	chr13-65618833	125	5	5	TCTGCGCGCTCGCTCGCTCA
test	subjectA	sample1	chr18+15956293	125	5	5	TCTGCGCGCTCGCTCGCTCA
test	subjectA	sample1	chr2-126450718	125	5	5	TCTGCGCGCTCGCTCGCTCA
test	subjectA	sample1	chr15-50957339	125	5	5	TCTGCGCGCTCGCTCGCTCA
test	subjectA	sample1	chr21-5690882	125	5	5	TCTGCGCGCTCGCTCGCTCA
test	subjectA	sample1	chr16+5233015	125	5	5	TCTGCGCGCTCGCTCGCTCA
test	subjectA	sample1	chr2+147863953	125	5	5	TCTGCGCGCTCGCTCGCTCA
test	subjectA	sample1	chr16+55206106	125	5	5	TCTGCGCGCTCGCTCGCTCA
test	subjectA	sample1	chr21-6864634	125	5	5	TCTGCGCGCTCGCTCGCTCA
test	subjectA	sample1	chr10-61836957	125	5	5	TCTGCGCGCTCGCTCGCTCA
test	subjectA	sample1	chr12-13262009	125	5	5	TCTGCGCGCTCGCTCGCTCA
test	subjectA	sample1	chr7-136249040	125	5	5	TCTGCGCGCTCGCTCGCTCA
test	subjectA	sample1	chr5+24465141	125	5	5	TCTGCGCGCTCGCTCGCTCA
test	subjectA	sample1	chr9+103901213	125	5	5	TCTGCGCGCTCGCTCGCTCA
test	subjectA	sample1	chr11+96078755	125	5	5	TCTGCGCGCTCGCTCGCTCA
test	subjectA	sample1	chr10+119608108	125	5	5	TCTGCGCGCTCGCTCGCTCA
test	subjectA	sample1	chr13+61530027	125	5	5	TCTGCGCGCTCGCTCGCTCA
test	subjectA	sample1	chr13+23387498	125	5	5	TCTGCGCGCTCGCTCGCTCA
test	subjectA	sample1	chr19-12832298	125	5	5	TCTGCGCGCTCGCTCGCTCA
test	subjectA	sample1	chr4-340949	125	5	5	TCTGCGCGCTCGCTCGCTCA
test	subjectA	sample1	chr2+220219374	125	5	5	TCTGCGCGCTCGCTCGCTCA
test	subjectA	sample1	chr4-89834019	125	5	5	TCTGCGCGCTCGCTCGCTCA
test	subjectA	sample1	chr7-128035452	125	5	5	TCTGCGCGCTCGCTCGCTCA
test	subjectA	sample1	chr3+15041194	125	5	5	TCTGCGCGCTCGCTCGCTCA
test	subjectA	sample1	chr20+63136272	125	5	5	TCTGCGCGCTCGCTCGCTCA
test	subjectA	sample1	chr7+72174103	125	5	5	TCTGCGCGCTCGCTCGCTCA
test	subjectA	sample1	chr4-189389511	125	5	5	TCTGCGCGCTCGCTCGCTCA
test	subjectA	sample1	chr19-27584525	125	5	5	TCTGCGCGCTCGCTCGCTCA
test	subjectA	sample1	chr10+31344958	125	5	5	TCTGCGCGCTCGCTCGCTCA
test	subjectA	sample1	chr4+171507151	125	5	5	TCTGCGCGCTCGCTCGCTCA
test	subjectA	sample1	chr12+123698296	125	5	5	TCTGCGCGCTCGCTCGCTCA
test	subjectA	sample1	chr21+8200788	125	5	5	TCTGCGCGCTCGCTCGCTCA
test	subjectA	sample1	chr22-30460458	125	5	5	TCTGCGCGCTCGCTCGCTCA
test	subjectA	sample1	chr17+75343180	125	5	5	TCTGCGCGCTCGCTCGCTCA
test	subjectA	sample1	chr10-105192936	125	5	5	TCTGCGCGCTCGCTCGCTCA
test	subjectA	sample1	chr16+7317262	125	5	5	TCTGCGCGCTCGCTCGCTCA
test	subjectA	sample1	chr3+156501199	125	5	5	TCTGCGCGCTCGCTCGCTCA
test	subjectA	sample1	chr9+21376248	125	5	5	TCTGCGCGCTCGCTCGCTCA
test	subjectA	sample1	chr1+18631014	125	5	5	TCTGCGCGCTCGCTCGCTCA
test	subjectA	sample1	chr22+33666473	125	5	5	TCTGCGCGCTCGCTCGCTCA
test	subjectA	sample1	chr16-61627468	125	5	5	TCTGCGCGCTCGCTCGCTCA
test	subjectA	sample1	chr1-194798710	125	5	5	TCTGCGCGCTCGCTCGCTCA
test	subjectA	sample1	chr20+37781776	125	5	5	TCTGCGCGCTCGCTCGCTCA
test	subjectA	sample1	chr9-24933205	125	5	5	TCTGCGCGCTCGCTCGCTCA
test	subjectA	sample1	chr4+23029768	125	5	5	TCTGCGCGCTCGCTCGCTCA
test	subjectA	sample1	chr18-8473247	125	5	5	TCTGCGCGCTCGCTCGCTCA
test	subjectA	sample1	chr9-14223255	125	5	5	TCTGCGCGCTCGCTCGCTCA
test	subjectA	sample1	chr4-172791892	125	5	5	TCTGCGCGCTCGCTCGCTCA
test	subjectA	sample1	chr21+32685230	125	5	5	TCTGCGCGCTCGCTCGCTCA
test	subjectA	sample1	chr3+14081504	125	5	5	TCTGCGCGCTCGCTCGCTCA
test	subjectA	sample1	chr7+7266149	125	5	5	TCTGCGCGCTCGCTCGCTCA
test	subjectA	sample1	chr3-180905667	125	5	5	TCTGCGCGCTCGCTCGCTCA
test	subjectA	sample1	chr11+42693839	125	5	5	TCTGCGCGCTCGCTCGCTCA
test	subjectA	sample1	chr18-36774145	125	5	5	TCTGCGCGCTCGCTCGCTCA
test	subjectA	sample1	chr11+118171947	125	5	5	TCTGCGCGCTCGCTCGCTCA
test	subjectA	sample1	chr21-42349348	125	5	5	TCTGCGCGCTCGCTCGCTCA
test	subjectA	sample1	chr8+6969742	125	5	5	TCTGCGCGCTCGCTCGCTCA
test	subjectA	sample1	chr1-65177749	125	5	5	TCTGCGCGCTCGCTCGCTCA
test	subjectA	sample1	chr9+37890242	125	5	5	TCTGCGCGCTCGCTCGCTCA
test	subjectA	sample1	chr20-49828738	125	5	5	TCTGCGCGCTCGCTCGCTCA
test	subjectA	sample1	chr18+66153832	125	5	5	TCTGCGCGCTCGCTCGCTCA
test	subjectA	sample1	chrX-63579163	125	5	5	TCTGCGCGCTCGCTCGCTCA
test	subjectA	sample1	chr13-23335901	125	5	5	TCTGCGCGCTCGCTCGCTCA
test	subjectA	sample1	chr4+9672336	125	5	5	TCTGCGCGCTCGCTCGCTCA
test	subjectA	sample1	chr12-104140183	125	5	5	TCTGCGCGCTCGCTCGCTCA
test	subjectA	sample1	chr9+92811970	125	5	5	TCTGCGCGCTCGCTCGCTCA
test	subjectA	sample1	chr15-49873288	125	5	5	TCTGCGCGCTCGCTCGCTCA
test	subjectA	sample1	chr4+94954679	125	5	5	TCTGCGCGCTCGCTCGCTCA
test	subjectA	sample1	chr18+9368387	125	5	5	TCTGCGCGCTCGCTCGCTCA
test	subjectA	sample1	chr22-22563195	125	5	5	TCTGCGCGCTCGCTCGCTCA
test	subjectA	sample1	chr6-40834608	125	5	5	TCTGCGCGCTCGCTCGCTCA
test	subjectA	sample1	chr19-268740	125	5	5	TCTGCGCGCTCGCTCGCTCA
test	subjectA	sample1	chr15+100537280	125	5	5	TCTGCGCGCTCGCTCGCTCA
test	subjectA	sample1	chr6-73310653	125	5	5	TCTGCGCGCTCGCTCGCTCA
test	subjectA	sample1	chr21+12896778	125	5	5	TCTGCGCGCTCGCTCGCTCA
test	subjectA	sample1	chr5+729952	125	5	5	TCTGCGCGCTCGCTCGCTCA
test	subjectA	sample1	chr1-153730459	125	5	5	TCTGCGCGCTCGCTCGCTCA
test	subjectA	sample1	chr8-44974870	125	5	5	TCTGCGCGCTCGCTCGCTCA
test	subjectA	sample1	chr20-59083779	125	5	5	TCTGCGCGCTCGCTCGCTCA
test	subjectA	sample1	chr21-30053664	125	5	5	TCTGCGCGCTCGCTCGCTCA
test	subjectA	sample1	chr9-36421114	125	5	5	TCTGCGCGCTCGCTCGCTCA
test	subjectA	sample1	chr16-67088384	125	5	5	TCTGCGCGCTCGCTCGCTCA
test	subjectA	sample1	chr19+14197464	125	5	5	TCTGCGCGCTCGCTCGCTCA
test	subjectA	sample1	chr21-23805944	125	5	5	TCTGCGCGCTCGCTCGCTCA
test	subjectA	sample1	chr9-24792511	125	5	5	TCTGCGCGCTCGCTCGCTCA
test	subjectA	sample1	chr20-35915636	125	5	5	TCTGCGCGCTCGCTCGCTCA
test	subjectA	sample1	chrX-1553610	125	5	5	TCTGCGCGCTCGCTCGCTCA
test	subjectA	sample1	chr11+6263057	125	5	5	TCTGCGCGCTCGCTCGCTCA
test	subjectA	sample1	chr8+42940239	125	5	5	TCTGCGCGCTCGCTCGCTCA
test	subjectA	sample1	chr10+75973796	125	5	5	TCTGCGCGCTCGCTCGCTCA
test	subjectA	sample1	chr21-8539475	125	5	5	TCTGCGCGCTCGCTCGCTCA
test	subjectA	sample1	chr22+36164827	125	5	5	TCTGCGCGCTCGCTCGCTCA
test	subjectA	sample1	chr14-56914902	125	5	5	TCTGCGCGCTCGCTCGCTCA
test	subjectA	sample1	chr2-138875598	125	5	5	TCTGCGCGCTCGCTCGCTCA
test	subjectA	sample1	chr1+195481553	125	5	5	TCTGCGCGCTCGCTCGCTCA
test	subjectA	sample1	chr22-50477126	125	5	5	TCTGCGCGCTCGCTCGCTCA
test	subjectA	sample1	chr15-42555819	125	5	5	TCTGCGCGCTCGCTCGCTCA
test	subjectA	sample1	chr7+100301213	125	5	5	TCTGCGCGCTCGCTCGCTCA
test	subjectA	sample1	chr9+15758071	125	5	5	TCTGCGCGCTCGCTCGCTCA
test	subjectA	sample1	chr17-43766963	125	5	5	TCTGCGCGCTCGCTCGCTCA
test	subjectA	sample1	chr11+29888173	125	5	5	TCTGCGCGCTCGCTCGCTCA
test	subjectA	sample1	chrX+127404878	125	5	5	TCTGCGCGCTCGCTCGCTCA
test	subjectA	sample1	chrX+91192750	125	5	5	TCTGCGCGCTCGCTCGCTCA
test	subjectA	sample1	chr7-94515813	125	5	5	TCTGCGCGCTCGCTCGCTCA
test	subjectA	sample1	chr9+40277597	125	5	5	TCTGCGCGCTCGCTCGCTCA
test	subjectA	sample1	chr7+15799550	125	5	5	TCTGCGCGCTCGCTCGCTCA
test	subjectA	sample1	chr19-20788960	125	5	5	TCTGCGCGCTCGCTCGCTCA
test	subjectA	sample1	chr12-114535230	125	5	5	TCTGCGCGCTCGCTCGCTCA
test	subjectA	sample1	chr14-20056878	125	5	5	TCTGCGCGCTCGCTCGCTCA
test	subjectA	sample1	chr14+82917194	125	5	5	TCTGCGCGCTCGCTCGCTCA
test	subjectA	sample1	chr14-46389041	125	5	5	TCTGCGCGCTCGCTCGCTCA
test	subjectA	sample1	chr11-89780832	125	5	5	TCTGCGCGCTCGCTCGCTCA
test	subjectA	sample1	chr9+10562441	125	5	5	TCTGCGCGCTCGCTCGCTCA
test	subjectA	sample1	chr4-108664043	125	5	5	TCTGCGCGCTCGCTCGCTCA
test	subjectA	sample1	chr21-33443004	125	5	5	TCTGCGCGCTCGCTCGCTCA
test	subjectA	sample1	chr11+56310808	125	5	5	TCTGCGCGCTCGCTCGCTCA
test	subjectA	sample1	chr14+71404164	125	5	5	TCTGCGCGCTCGCTCGCTCA
test	subjectA	sample1	chr12-64699804	125	5	5	TCTGCGCGCTCGCTCGCTCA
test	subjectA	sample1	chr16+79993461	125	5	5	TCTGCGCGCTCGCTCGCTCA
test	subjectA	sample1	chr10+70776040	125	5	5	TCTGCGCGCTCGCTCGCTCA
test	subjectA	sample1	chr6-103406495	125	5	5	TCTGCGCGCTCGCTCGCTCA
test	subjectA	sample1	chr17+13410811	125	5	5	TCTGCGCGCTCGCTCGCTCA
test	subjectA	sample1	chr6-105471560	125	5	5	TCTGCGCGCTCGCTCGCTCA
test	subjectA	sample1	chr22-41096308	125	5	5	TCTGCGCGCTCGCTCGCTCA
test	subjectA	sample1	chr14+56789815	125	5	5	TCTGCGCGCTCGCTCGCTCA
test	subjectA	sample1	chr20+45492947	125	5	5	TCTGCGCGCTCGCTCGCTCA
test	subjectA	sample1	chr2+68986710	125	5	5	TCTGCGCGCTCGCTCGCTCA
test	subjectA	sample1	chrX+89038034	125	5	5	TCTGCGCGCTCGCTCGCTCA
test	subjectA	sample1	chr9+91031560	125	5	5	TCTGCGCGCTCGCTCGCTCA
test	subjectA	sample1	chr17+78779965	125	5	5	TCTGCGCGCTCGCTCGCTCA
test	subjectA	sample1	chr21-24983852	125	5	5	TCTGCGCGCTCGCTCGCTCA
test	subjectA	sample1	chr7-153771449	125	5	5	TCTGCGCGCTCGCTCGCTCA
test	subjectA	sample1	chr6-75023558	125	5	5	TCTGCGCGCTCGCTCGCTCA
test	subjectA	sample1	chr20-11831187	125	5	5	TCTGCGCGCTCGCTCGCTCA
test	subjectA	sample1	chr12-125095565	125	5	5	TCTGCGCGCTCGCTCGCTCA
test	subjectA	sample1	chr20+12270179	125	5	5	TCTGCGCGCTCGCTCGCTCA
test	subjectA	sample1	chr10+28036887	125	5	5	TCTGCGCGCTCGCTCGCTCA
test	subjectA	sample1	chr22+45692550	125	5	5	TCTGCGCGCTCGCTCGCTCA
test	subjectA	sample1	chr5-74630876	125	5	5	TCTGCGCGCTCGCTCGCTCA
test	subjectA	sample1	chr9-25374058	125	5	5	TCTGCGCGCTCGCTCGCTCA
test	subjectA	sample1	chr6+75243333	125	5	5	TCTGCGCGCTCGCTCGCTCA
test	subjectA	sample1	chr15+24160855	125	5	5	TCTGCGCGCTCGCTCGCTCA
test	subjectA	sample1	chr19+3884085	125	5	5	TCTGCGCGCTCGCTCGCTCA
test	subjectA	sample1	chr1-48329904	125	5	5	TCTGCGCGCTCGCTCGCTCA
test	subjectA	sample1	chr3+58820762	125	5	5	TCTGCGCGCTCGCTCGCTCA
test	subjectA	sample1	chr5-7787380	125	5	5	TCTGCGCGCTCGCTCGCTCA
test	subjectA	sample1	chr20+39706241	125	5	5	TCTGCGCGCTCGCTCGCTCA
test	subjectA	sample1	chr21+32674893	125	5	5	TCTGCGCGCTCGCTCGCTCA
test	subjectA	sample1	chr22-21529036	125	5	5	TCTGCGCGCTCGCTCGCTCA
test	subjectA	sample1	chr5+127883447	125	5	5	TCTGCGCGCTCGCTCGCTCA
test	subjectA	sample1	chr14+57661191	125	5	5	TCTGCGCGCTCGCTCGCTCA
test	subjectA	sample1	chr17+2645014	125	5	5	TCTGCGCGCTCGCTCGCTCA
test	subjectA	sample1	chr6+50823166	125	5	5	TCTGCGCGCTCGCTCGCTCA
test	subjectA	sample1	chr22+18170425	125	5	5	TCTGCGCGCTCGCTCGCTCA
test	subjectA	sample1	chr16-50281536	125	5	5	TCTGCGCGCTCGCTCGCTCA
test	subjectA	sample1	chr3-76200298	125	5	5	TCTGCGCGCTCGCTCGCTCA
test	subjectA	sample1	chr11+100287094	125	5	5	TCTGCGCGCTCGCTCGCTCA
test	subjectA	sample1	chr2-133689236	125	5	5	TCTGCGCGCTCGCTCGCTCA
test	subjectA	sample1	chr5-117595523	125	5	5	TCTGCGCGCTCGCTCGCTCA
test	subjectA	sample1	chr1+69458	125	5	5	TCTGCGCGCTCGCTCGCTCA
test	subjectA	sample1	chr8+10700800	125	5	5	TCTGCGCGCTCGCTCGCTCA
test	subjectA	sample1	chr19+29147710	125	5	5	TCTGCGCGCTCGCTCGCTCA
test	subjectA	sample1	chrX-111696945	125	5	5	TCTGCGCGCTCGCTCGCTCA
test	subjectA	sample1	chr6+76377706	125	5	5	TCTGCGCGCTCGCTCGCTCA
test	subjectA	sample1	chr12-21384294	125	5	5	TCTGCGCGCTCGCTCGCTCA
test	subjectA	sample1	chr11+113312055	125	5	5	TCTGCGCGCTCGCTCGCTCA
test	subjectA	sample1	chr14+25038509	125	5	5	TCTGCGCGCTCGCTCGCTCA
test	subjectA	sample1	chr6+96222321	125	5	5	TCTGCGCGCTCGCTCGCTCA
test	subjectA	sample1	chr16-52452412	125	5	5	TCTGCGCGCTCGCTCGCTCA
test	subjectA	sample1	chr22-19062304	125	5	5	TCTGCGCGCTCGCTCGCTCA
test	subjectA	sample1	chr20+53220352	125	5	5	TCTGCGCGCTCGCTCGCTCA
test	subjectA	sample1	chr9-106153451	125	5	5	TCTGCGCGCTCGCTCGCTCA
test	subjectA	sample1	chr1+109265277	125	5	5	TCTGCGCGCTCGCTCGCTCA
test	subjectA	sample1	chr4+105425842	125	5	5	TCTGCGCGCTCGCTCGCTCA
test	subjectA	sample1	chr2+35205000	125	5	5	TCTGCGCGCTCGCTCGCTCA
test	subjectA	sample1	chr22-40205046	125	5	5	TCTGCGCGCTCGCTCGCTCA
test	subjectA	sample1	chr18-56268557	125	5	5	TCTGCGCGCTCGCTCGCTCA
test	subjectA	sample1	chr16-25630232	125	5	5	TCTGCGCGCTCGCTCGCTCA
test	subjectA	sample1	chr8-62842866	125	5	5	TCTGCGCGCTCGCTCGCTCA
test	subjectA	sample1	chr19+6126808	125	5	5	TCTGCGCGCTCGCTCGCTCA
test	subjectA	sample1	chr14-17060924	125	5	5	TCTGCGCGCTCGCTCGCTCA
test	subjectA	sample1	chr20-10796053	125	5	5	TCTGCGCGCTCGCTCGCTCA
test	subjectA	sample1	chr4+123813703	125	5	5	TCTGCGCGCTCGCTCGCTCA
test	subjectA	sample1	chr16+60579789	125	5	5	TCTGCGCGCTCGCTCGCTCA
test	subjectA	sample1	chrX-59197668	125	5	5	TCTGCGCGCTCGCTCGCTCA
test	subjectA	sample1	chr14+83761217	125	5	5	TCTGCGCGCTCGCTCGCTCA
test	subjectA	sample1	chr4-31727865	125	5	5	TCTGCGCGCTCGCTCGCTCA
test	subjectA	sample1	chr17+66893500	125	5	5	TCTGCGCGCTCGCTCGCTCA
test	subjectA	sample1	chr14+104583438	125	5	5	TCTGCGCGCTCGCTCGCTCA
test	subjectA	sample1	chr1-78617953	125	5	5	TCTGCGCGCTCGCTCGCTCA
test	subjectA	sample1	chr2-213862053	125	5	5	TCTGCGCGCTCGCTCGCTCA
test	subjectA	sample1	chr2+222692697	125	5	5	TCTGCGCGCTCGCTCGCTCA
test	subjectA	sample1	chr18-24555566	125	5	5	TCTGCGCGCTCGCTCGCTCA
test	subjectA	sample1	chr2-241885537	125	5	5	TCTGCGCGCTCGCTCGCTCA
test	subjectA	sample1	chr2+209573581	125	5	5	TCTGCGCGCTCGCTCGCTCA
test	subjectA	sample1	chr7+121458900	125	5	5	TCTGCGCGCTCGCTCGCTCA
test	subjectA	sample1	chr11-128843485	125	5	5	TCTGCGCGCTCGCTCGCTCA
test	subjectA	sample1	chr11+115953455	125	5	5	TCTGCGCGCTCGCTCGCTCA
test	subjectA	sample1	chr18+57648608	125	5	5	TCTGCGCGCTCGCTCGCTCA
test	subjectA	sample1	chr11-33982270	125	5	5	TCTGCGCGCTCGCTCGCTCA
test	subjectA	sample1	chr19-7969653	125	5	5	TCTGCGCGCTCGCTCGCTCA
test	subjectA	sample1	chr2-81439298	125	5	5	TCTGCGCGCTCGCTCGCTCA
test	subjectA	sample1	chr9-115482786	125	5	5	TCTGCGCGCTCGCTCGCTCA
test	subjectA	sample1	chr13-38814662	125	5	5	TCTGCGCGCTCGCTCGCTCA
test	subjectA	sample1	chr13-95342274	125	5	5	TCTGCGCGCTCGCTCGCTCA
test	subjectA	sample1	chr17+66370424	125	5	5	TCTGCGCGCTCGCTCGCTCA
test	subjectA	sample1	chr4-70788575	125	5	5	TCTGCGCGCTCGCTCGCTCA
test	subjectA	sample1	chr16+53281506	125	5	5	TCTGCGCGCTCGCTCGCTCA
test	subjectA	sample1	chr14+40600654	125	5	5	TCTGCGCGCTCGCTCGCTCA
test	subjectA	sample1	chr5-81102354	125	5	5	TCTGCGCGCTCGCTCGCTCA
test	subjectA	sample1	chr1+45436372	125	5	5	TCTGCGCGCTCGCTCGCTCA
test	subjectA	sample1	chr14-103136322	125	5	5	TCTGCGCGCTCGCTCGCTCA
test	subjectA	sample1	chr2+216518051	125	5	5	TCTGCGCGCTCGCTCGCTCA
test	subjectA	sample1	chr5-149187300	125	5	5	TCTGCGCGCTCGCTCGCTCA
test	subjectA	sample1	chr20+34337677	125	5	5	TCTGCGCGCTCGCTCGCTCA
test	subjectA	sample1	chr16-58307242	125	5	5	TCTGCGCGCTCGCTCGCTCA
test	subjectA	sample1	chr8-14598779	125	5	5	TCTGCGCGCTCGCTCGCTCA
test	subjectA	sample1	chr7-47195875	125	5	5	TCTGCGCGCTCGCTCGCTCA
test	subjectA	sample1	chr13-69960438	125	5	5	TCTGCGCGCTCGCTCGCTCA
test	subjectA	sample1	chr13-41088179	125	5	5	TCTGCGCGCTCGCTCGCTCA
test	subjectA	sample1	chr22+39875129	125	5	5	TCTGCGCGCTCGCTCGCTCA
test	subjectA	sample1	chr14-85835223	125	5	5	TCTGCGCGCTCGCTCGCTCA
test	subjectA	sample1	chr18-11310929	125	5	5	TCTGCGCGCTCGCTCGCTCA
test	subjectA	sample1	chr17+49820707	125	5	5	TCTGCGCGCTCGCTCGCTCA
test	subjectA	sample1	chrX-112773483	125	5	5	TCTGCGCGCTCGCTCGCTCA
test	subjectA	sample1	chr5-22739452	125	5	5	TCTGCGCGCTCGCTCGCTCA
test	subjectA	sample1	chr5+93066915	125	5	5	TCTGCGCGCTCGCTCGCTCA
test	subjectA	sample1	chr11+14288870	125	5	5	TCTGCGCGCTCGCTCGCTCA
test	subjectA	sample1	chr1+115745758	125	5	5	TCTGCGCGCTCGCTCGCTCA
test	subjectA	sample1	chr18+75236015	125	5	5	TCTGCGCGCTCGCTCGCTCA
test	subjectA	sample1	chr21+12469647	125	5	5	TCTGCGCGCTCGCTCGCTCA
test	subjectA	sample1	chr3+111005076	125	5	5	TCTGCGCGCTCGCTCGCTCA
test	subjectA	sample1	chr18+52055729	125	5	5	TCTGCGCGCTCGCTCGCTCA
test	subjectA	sample1	chrX-55468490	125	5	5	TCTGCGCGCTCGCTCGCTCA
test	subjectA	sample1	chr6-142653143	125	5	5	TCTGCGCGCTCGCTCGCTCA
test	subjectA	sample1	chr14-71014548	125	5	5	TCTGCGCGCTCGCTCGCTCA
test	subjectA	sample1	chr18-32004841	125	5	5	TCTGCGCGCTCGCTCGCTCA
test	subjectA	sample1	chr22-49025070	125	5	5	TCTGCGCGCTCGCTCGCTCA
test	subjectA	sample1	chr5+148665087	125	5	5	TCTGCGCGCTCGCTCGCTCA
test	subjectA	sample1	chr22-19188580	125	5	5	TCTGCGCGCTCGCTCGCTCA
test	subjectA	sample1	chr9-85304889	125	5	5	TCTGCGCGCTCGCTCGCTCA
test	subjectA	sample1	chr9+83489291	125	5	5	TCTGCGCGCTCGCTCGCTCA
test	subjectA	sample1	chr19-22981802	125	5	5	TCTGCGCGCTCGCTCGCTCA
test	subjectA	sample1	chr22-33595058	125	5	5	TCTGCGCGCTCGCTCGCTCA
test	subjectA	sample1	chr8+133546142	125	5	5	TCTGCGCGCTCGCTCGCTCA
test	subjectA	sample1	chr5+86677766	125	5	5	TCTGCGCGCTCGCTCGCTCA
test	subjectA	sample1	chr4-76133269	125	5	5	TCTGCGCGCTCGCTCGCTCA
test	subjectA	sample1	chr11-100933544	125	5	5	TCTGCGCGCTCGCTCGCTCA
test	subjectA	sample1	chr20+10825469	125	5	5	TCTGCGCGCTCGCTCGCTCA
test	subjectA	sample1	chr10-65722664	125	5	5	TCTGCGCGCTCGCTCGCTCA
test	subjectA	sample1	chr22-37771766	125	5	5	TCTGCGCGCTCGCTCGCTCA
test	subjectA	sample1	chr14-66506687	125	5	5	TCTGCGCGCTCGCTCGCTCA
test	subjectA	sample1	chr8+16071339	125	5	5	TCTGCGCGCTCGCTCGCTCA
test	subjectA	sample1	chr19-30577053	125	5	5	TCTGCGCGCTCGCTCGCTCA
test	subjectA	sample1	chr15+93726312	125	5	5	TCTGCGCGCTCGCTCGCTCA
test	subjectA	sample1	chr18+76619809	125	5	5	TCTGCGCGCTCGCTCGCTCA
test	subjectA	sample1	chr1-92670415	125	5	5	TCTGCGCGCTCGCTCGCTCA
test	subjectA	sample1	chr18+35456662	125	5	5	TCTGCGCGCTCGCTCGCTCA
test	subjectA	sample1	chr4-7426868	125	5	5	TCTGCGCGCTCGCTCGCTCA
test	subjectA	sample1	chr13+24484271	125	5	5	TCTGCGCGCTCGCTCGCTCA
test	subjectA	sample1	chr8-63397407	125	5	5	TCTGCGCGCTCGCTCGCTCA
test	subjectA	sample1	chr3+196676905	125	5	5	TCTGCGCGCTCGCTCGCTCA
test	subjectA	sample1	chr18+18076197	125	5	5	TCTGCGCGCTCGCTCGCTCA
test	subjectA	sample1	chr11+132546279	125	5	5	TCTGCGCGCTCGCTCGCTCA
test	subjectA	sample1	chr9+5186065	125	5	5	TCTGCGCGCTCGCTCGCTCA
test	subjectA	sample1	chr22+32165168	125	5	5	TCTGCGCGCTCGCTCGCTCA
test	subjectA	sample1	chr12-25324898	125	5	5	TCTGCGCGCTCGCTCGCTCA
test	subjectA	sample1	chr4-65387899	125	5	5	TCTGCGCGCTCGCTCGCTCA
test	subjectA	sample1	chr2+175455051	125	5	5	TCTGCGCGCTCGCTCGCTCA
test	subjectA	sample1	chr3-185974130	125	5	5	TCTGCGCGCTCGCTCGCTCA
test	subjectA	sample1	chrX+101289083	125	5	5	TCTGCGCGCTCGCTCGCTCA
test	subjectA	sample1	chr5+35116620	125	5	5	TCTGCGCGCTCGCTCGCTCA
test	subjectA	sample1	chr7-26033267	125	5	5	TCTGCGCGCTCGCTCGCTCA
test	subjectA	sample1	chr15-90962370	125	5	5	TCTGCGCGCTCGCTCGCTCA
test	subjectA	sample1	chr12-112672768	125	5	5	TCTGCGCGCTCGCTCGCTCA
test	subjectA	sample1	chr6-140747327	125	5	5	TCTGCGCGCTCGCTCGCTCA
test	subjectA	sample1	chr2-40775798	125	5	5	TCTGCGCGCTCGCTCGCTCA
test	subjectA	sample1	chr19+44162562	125	5	5	TCTGCGCGCTCGCTCGCTCA
test	subjectA	sample1	chr19+57894324	125	5	5	TCTGCGCGCTCGCTCGCTCA
test	subjectA	sample1	chr2-189375172	125	5	5	TCTGCGCGCTCGCTCGCTCA
test	subjectA	sample1	chr13+78415715	125	5	5	TCTGCGCGCTCGCTCGCTCA
test	subjectA	sample1	chr1-24299644	125	5	5	TCTGCGCGCTCGCTCGCTCA
test	subjectA	sample1	chr2+102341042	125	5	5	TCTGCGCGCTCGCTCGCTCA
test	subjectA	sample1	chr7-140690712	125	5	5	TCTGCGCGCTCGCTCGCTCA
test	subjectA	sample1	chr15-96836809	125	5	5	TCTGCGCGCTCGCTCGCTCA
test	subjectA	sample1	chr15-80897586	125	5	5	TCTGCGCGCTCGCTCGCTCA
test	subjectA	sample1	chr12+85695994	125	5	5	TCTGCGCGCTCGCTCGCTCA
test	subjectA	sample1	chr15+80037735	125	5	5	TCTGCGCGCTCGCTCGCTCA
test	subjectA	sample1	chr8+60357574	125	5	5	TCTGCGCGCTCGCTCGCTCA
test	subjectA	sample1	chrX+121253798	125	5	5	TCTGCGCGCTCGCTCGCTCA
test	subjectA	sample1	chr14-31773611	125	5	5	TCTGCGCGCTCGCTCGCTCA
test	subjectA	sample1	chr8+98298100	125	5	5	TCTGCGCGCTCGCTCGCTCA
test	subjectA	sample1	chr19-3557202	125	5	5	TCTGCGCGCTCGCTCGCTCA
test	subjectA	sample1	chr3+2510734	125	5	5	TCTGCGCGCTCGCTCGCTCA
test	subjectA	sample1	chr8+95620373	125	5	5	TCTGCGCGCTCGCTCGCTCA
test	subjectA	sample1	chr4-170613802	125	5	5	TCTGCGCGCTCGCTCGCTCA
test	subjectA	sample1	chr8-141125082	125	5	5	TCTGCGCGCTCGCTCGCTCA
test	subjectA	sample1	chr17-40948256	125	5	5	TCTGCGCGCTCGCTCGCTCA
test	subjectA	sample1	chr11+125644887	125	5	5	TCTGCGCGCTCGCTCGCTCA
test	subjectA	sample1	chr13+47862816	125	5	5	TCTGCGCGCTCGCTCGCTCA
test	subjectA	sample1	chr9+15868256	125	5	5	TCTGCGCGCTCGCTCGCTCA
test	subjectA	sample1	chr10-53043299	125	5	5	TCTGCGCGCTCGCTCGCTCA
test	subjectA	sample1	chr5+106904980	125	5	5	TCTGCGCGCTCGCTCGCTCA
test	subjectA	sample1	chr1-95549834	125	5	5	TCTGCGCGCTCGCTCGCTCA
test	subjectA	sample1	chr6+35885573	125	5	5	TCTGCGCGCTCGCTCGCTCA
test	subjectA	sample1	chr9+125075666	125	5	5	TCTGCGCGCTCGCTCGCTCA
test	subjectA	sample1	chr22-28407575	125	5	5	TCTGCGCGCTCGCTCGCTCA
test	subjectA	sample1	chr16-4409084	125	5	5	TCTGCGCGCTCGCTCGCTCA
test	subjectA	sample1	chr9-112661997	125	5	5	TCTGCGCGCTCGCTCGCTCA
test	subjectA	sample1	chr16-7129944	125	5	5	TCTGCGCGCTCGCTCGCTCA
test	subjectA	sample1	chr22-25155232	125	5	5	TCTGCGCGCTCGCTCGCTCA
test	subjectA	sample1	chr2-7382498	125	5	5	TCTGCGCGCTCGCTCGCTCA
test	subjectA	sample1	chr9+13534334	125	5	5	TCTGCGCGCTCGCTCGCTCA
test	subjectA	sample1	chr14-98622162	125	5	5	TCTGCGCGCTCGCTCGCTCA
test	subjectA	sample1	chr10+2790582	125	5	5	TCTGCGCGCTCGCTCGCTCA
test	subjectA	sample1	chr16-56942409	125	5	5	TCTGCGCGCTCGCTCGCTCA
test	subjectA	sample1	chr3+62880608	125	5	5	TCTGCGCGCTCGCTCGCTCA
test	subjectA	sample1	chr1-66944820	125	5	5	TCTGCGCGCTCGCTCGCTCA
test	subjectA	sample1	chr8-30033267	125	5	5	TCTGCGCGCTCGCTCGCTCA
test	subjectA	sample1	chr8+89079553	125	5	5	TCTGCGCGCTCGCTCGCTCA
test	subjectA	sample1	chr15+82421044	125	5	5	TCTGCGCGCTCGCTCGCTCA
test	subjectA	sample1	chr3-176355972	125	5	5	TCTGCGCGCTCGCTCGCTCA
test	subjectA	sample1	chr7-66061507	125	5	5	TCTGCGCGCTCGCTCGCTCA
test	subjectA	sample1	chr7-49858233	125	5	5	TCTGCGCGCTCGCTCGCTCA
test	subjectA	sample1	chr18-70550884	125	5	5	TCTGCGCGCTCGCTCGCTCA
test	subjectA	sample1	chr22+14361061	125	5	5	TCTGCGCGCTCGCTCGCTCA
test	subjectA	sample1	chr10-4089819	125	5	5	TCTGCGCGCTCGCTCGCTCA
test	subjectA	sample1	chr2+237971413	125	5	5	TCTGCGCGCTCGCTCGCTCA
test	subjectA	sample1	chr8-86863476	125	5	5	TCTGCGCGCTCGCTCGCTCA
test	subjectA	sample1	chr20-14672293	125	5	5	TCTGCGCGCTCGCTCGCTCA
test	subjectA	sample1	chr8+70673275	125	5	5	TCTGCGCGCTCGCTCGCTCA
test	subjectA	sample1	chr11-98786562	125	5	5	TCTGCGCGCTCGCTCGCTCA
test	subjectA	sample1	chr15-30553569	125	5	5	TCTGCGCGCTCGCTCGCTCA
test	subjectA	sample1	chrX+17906579	125	5	5	TCTGCGCGCTCGCTCGCTCA
test	subjectA	sample1	chr10+69236292	125	5	5	TCTGCGCGCTCGCTCGCTCA
test	subjectA	sample1	chr14+25053672	125	5	5	TCTGCGCGCTCGCTCGCTCA
test	subjectA	sample1	chr18+1809657	125	5	5	TCTGCGCGCTCGCTCGCTCA
test	subjectA	sample1	chr21+35404794	125	5	5	TCTGCGCGCTCGCTCGCTCA
test	subjectA	sample1	chr21-25027377	125	5	5	TCTGCGCGCTCGCTCGCTCA
test	subjectA	sample1	chr21+28891137	125	5	5	TCTGCGCGCTCGCTCGCTCA
test	subjectA	sample1	chr3-130511605	125	5	5	TCTGCGCGCTCGCTCGCTCA
test	subjectA	sample1	chr16+23548461	125	5	5	TCTGCGCGCTCGCTCGCTCA
test	subjectA	sample1	chr22+38992229	125	5	5	TCTGCGCGCTCGCTCGCTCA
test	subjectA	sample1	chr7-92627807	125	5	5	TCTGCGCGCTCGCTCGCTCA
test	subjectA	sample1	chr13-18700848	125	5	5	TCTGCGCGCTCGCTCGCTCA
test	subjectA	sample1	chr9+6894100	125	5	5	TCTGCGCGCTCGCTCGCTCA
test	subjectA	sample1	chr2-55482278	125	5	5	TCTGCGCGCTCGCTCGCTCA
test	subjectA	sample1	chr7-53021596	125	5	5	TCTGCGCGCTCGCTCGCTCA
test	subjectA	sample1	chr9+63754878	125	5	5	TCTGCGCGCTCGCTCGCTCA
test	subjectA	sample1	chr7+139518421	125	5	5	TCTGCGCGCTCGCTCGCTCA
test	subjectA	sample1	chr6-56900869	125	5	5	TCTGCGCGCTCGCTCGCTCA
test	subjectA	sample1	chr18-55390597	125	5	5	TCTGCGCGCTCGCTCGCTCA
test	subjectA	sample1	chr18+23735061	125	5	5	TCTGCGCGCTCGCTCGCTCA
test	subjectA	sample1	chr14+45781236	125	5	5	TCTGCGCGCTCGCTCGCTCA
test	subjectA	sample1	chr1+205784847	125	5	5	TCTGCGCGCTCGCTCGCTCA
test	subjectA	sample1	chr1-155925710	125	5	5	TCTGCGCGCTCGCTCGCTCA
test	subjectA	sample1	chr5+172825287	125	5	5	TCTGCGCGCTCGCTCGCTCA
test	subjectA	sample1	chr13+73475043	125	5	5	TCTGCGCGCTCGCTCGCTCA
test	subjectA	sample1	chr14-85421941	125	5	5	TCTGCGCGCTCGCTCGCTCA
test	subjectA	sample1	chr19-55510357	125	5	5	TCTGCGCGCTCGCTCGCTCA
test	subjectA	sample1	chr18+52616715	125	5	5	TCTGCGCGCTCGCTCGCTCA
test	subjectA	sample1	chr11+72877647	125	5	5	TCTGCGCGCTCGCTCGCTCA
test	subjectA	sample1	chr6+156061715	125	5	5	TCTGCGCGCTCGCTCGCTCA
test	subjectA	sample1	chr19-22649414	125	5	5	TCTGCGCGCTCGCTCGCTCA
test	subjectA	sample1	chr6-80560429	125	5	5	TCTGCGCGCTCGCTCGCTCA
test	subjectA	sample1	chr20-36319827	125	5	5	TCTGCGCGCTCGCTCGCTCA
test	subjectA	sample1	chr11-125032606	125	5	5	TCTGCGCGCTCGCTCGCTCA
test	subjectA	sample1	chr3-191063771	125	5	5	TCTGCGCGCTCGCTCGCTCA
test	subjectA	sample1	chr20+43907310	125	5	5	TCTGCGCGCTCGCTCGCTCA
test	subjectA	sample1	chr21+15141565	125	5	5	TCTGCGCGCTCGCTCGCTCA
test	subjectA	sample1	chr15-65048328	125	5	5	TCTGCGCGCTCGCTCGCTCA
test	subjectA	sample1	chr4-92871237	125	5	5	TCTGCGCGCTCGCTCGCTCA
test	subjectA	sample1	chr16+31596289	125	5	5	TCTGCGCGCTCGCTCGCTCA
test	subjectA	sample1	chr14-24962498	125	5	5	TCTGCGCGCTCGCTCGCTCA
test	subjectA	sample1	chr21+10162712	125	5	5	TCTGCGCGCTCGCTCGCTCA
test	subjectA	sample1	chr13-92483375	125	5	5	TCTGCGCGCTCGCTCGCTCA
test	subjectA	sample1	chr13-104115486	125	5	5	TCTGCGCGCTCGCTCGCTCA
test	subjectA	sample1	chr4+83306812	125	5	5	TCTGCGCGCTCGCTCGCTCA
test	subjectA	sample1	chr21-35406170	125	5	5	TCTGCGCGCTCGCTCGCTCA
test	subjectA	sample1	chr17-24653108	125	5	5	TCTGCGCGCTCGCTCGCTCA
test	subjectA	sample1	chr21-10374116	125	5	5	TCTGCGCGCTCGCTCGCTCA
test	subjectA	sample1	chr1-10186705	125	5	5	TCTGCGCGCTCGCTCGCTCA
test	subjectA	sample1	chr9+21410214	125	5	5	TCTGCGCGCTCGCTCGCTCA
test	subjectA	sample1	chr3-33882534	125	5	5	TCTGCGCGCTCGCTCGCTCA
test	subjectA	sample1	chr3+65625946	125	5	5	TCTGCGCGCTCGCTCGCTCA
test	subjectA	sample1	chr20+51661109	125	5	5	TCTGCGCGCTCGCTCGCTCA
test	subjectA	sample1	chr5-123473855	125	5	5	TCTGCGCGCTCGCTCGCTCA
test	subjectA	sample1	chr6-147882982	125	5	5	TCTGCGCGCTCGCTCGCTCA
test	subjectA	sample1	chr5-69224107	125	5	5	TCTGCGCGCTCGCTCGCTCA
test	subjectA	sample1	chr13+32547205	125	5	5	TCTGCGCGCTCGCTCGCTCA
test	subjectA	sample1	chr5+116951377	125	5	5	TCTGCGCGCTCGCTCGCTCA
test	subjectA	sample1	chr5-156881302	125	5	5	TCTGCGCGCTCGCTCGCTCA
test	subjectA	sample1	chr3+193151664	125	5	5	TCTGCGCGCTCGCTCGCTCA
test	subjectA	sample1	chr13+20688322	125	5	5	TCTGCGCGCTCGCTCGCTCA
test	subjectA	sample1	chr14+54149817	125	5	5	TCTGCGCGCTCGCTCGCTCA
test	subjectA	sample1	chr22-35717408	125	5	5	TCTGCGCGCTCGCTCGCTCA
test	subjectA	sample1	chr20-62712433	125	5	5	TCTGCGCGCTCGCTCGCTCA
test	subjectA	sample1	chr16-85008270	125	5	5	TCTGCGCGCTCGCTCGCTCA
test	subjectA	sample1	chr3-53055497	125	5	5	TCTGCGCGCTCGCTCGCTCA
test	subjectA	sample1	chr14+24494409	125	5	5	TCTGCGCGCTCGCTCGCTCA
test	subjectA	sample1	chr2-103686565	125	5	5	TCTGCGCGCTCGCTCGCTCA
test	subjectA	sample1	chr14-40806647	125	5	5	TCTGCGCGCTCGCTCGCTCA
test	subjectA	sample1	chr17-17208115	125	5	5	TCTGCGCGCTCGCTCGCTCA
test	subjectA	sample1	chr3-178258436	125	5	5	TCTGCGCGCTCGCTCGCTCA
test	subjectA	sample1	chr22-44607711	125	5	5	TCTGCGCGCTCGCTCGCTCA
test	subjectA	sample1	chr8-81219268	125	5	5	TCTGCGCGCTCGCTCGCTCA
test	subjectA	sample1	chr4+79898219	125	5	5	TCTGCGCGCTCGCTCGCTCA
test	subjectA	sample1	chr4-33241284	125	5	5	TCTGCGCGCTCGCTCGCTCA
test	subjectA	sample1	chr15+101960925	125	5	5	TCTGCGCGCTCGCTCGCTCA
test	subjectA	sample1	chr21+16963826	125	5	5	TCTGCGCGCTCGCTCGCTCA
test	subjectA	sample1	chr15-69430784	125	5	5	TCTGCGCGCTCGCTCGCTCA
test	subjectA	sample1	chr22-28633109	125	5	5	TCTGCGCGCTCGCTCGCTCA
test	subjectA	sample1	chr5-79062411	125	5	5	TCTGCGCGCTCGCTCGCTCA
test	subjectA	sample1	chr13+65046904	125	5	5	TCTGCGCGCTCGCTCGCTCA
test	subjectA	sample1	chr3-119526941	125	5	5	TCTGCGCGCTCGCTCGCTCA
test	subjectA	sample1	chr11+80795291	125	5	5	TCTGCGCGCTCGCTCGCTCA
test	subjectA	sample1	chr15-45504327	125	5	5	TCTGCGCGCTCGCTCGCTCA
test	subjectA	sample1	chr4-163661307	125	5	5	TCTGCGCGCTCGCTCGCTCA
test	subjectA	sample1	chr14-65216463	125	5	5	TCTGCGCGCTCGCTCGCTCA
test	subjectA	sample1	chr3-156993593	125	5	5	TCTGCGCGCTCGCTCGCTCA
test	subjectA	sample1	chr1+50360628	125	5	5	TCTGCGCGCTCGCTCGCTCA
test	subjectA	sample1	chr14+52068628	125	5	5	TCTGCGCGCTCGCTCGCTCA
test	subjectA	sample1	chr15-86636008	125	5	5	TCTGCGCGCTCGCTCGCTCA
test	subjectA	sample1	chr13-33966967	125	5	5	TCTGCGCGCTCGCTCGCTCA
test	subjectA	sample1	chr15+67679020	125	5	5	TCTGCGCGCTCGCTCGCTCA
test	subjectA	sample1	chr1-79667903	125	5	5	TCTGCGCGCTCGCTCGCTCA
test	subjectA	sample1	chr1-30401794	125	5	5	TCTGCGCGCTCGCTCGCTCA
test	subjectA	sample1	chr12+75657164	125	5	5	TCTGCGCGCTCGCTCGCTCA
test	subjectA	sample1	chr2+144326446	125	5	5	TCTGCGCGCTCGCTCGCTCA
test	subjectA	sample1	chr19+19067083	125	5	5	TCTGCGCGCTCGCTCGCTCA
test	subjectA	sample1	chr9-16285488	125	5	5	TCTGCGCGCTCGCTCGCTCA
test	subjectA	sample1	chr17-42906142	125	5	5	TCTGCGCGCTCGCTCGCTCA
test	subjectA	sample1	chr5-57696684	125	5	5	TCTGCGCGCTCGCTCGCTCA
test	subjectA	sample1	chr17-1817721	125	5	5	TCTGCGCGCTCGCTCGCTCA
test	subjectA	sample1	chr13-44317962	125	5	5	TCTGCGCGCTCGCTCGCTCA
test	subjectA	sample1	chr9+83999525	125	5	5	TCTGCGCGCTCGCTCGCTCA
test	subjectA	sample1	chr6-102594269	125	5	5	TCTGCGCGCTCGCTCGCTCA
test	subjectA	sample1	chr15+68712245	125	5	5	TCTGCGCGCTCGCTCGCTCA
test	subjectA	sample1	chr22-23594055	125	5	5	TCTGCGCGCTCGCTCGCTCA
test	subjectA	sample1	chr6+84689473	125	5	5	TCTGCGCGCTCGCTCGCTCA
test	subjectA	sample1	chr17+21827238	125	5	5	TCTGCGCGCTCGCTCGCTCA
test	subjectA	sample1	chr17+46261453	125	5	5	TCTGCGCGCTCGCTCGCTCA
test	subjectA	sample1	chr10+95047975	125	5	5	TCTGCGCGCTCGCTCGCTCA
test	subjectA	sample1	chr10-14092236	125	5	5	TCTGCGCGCTCGCTCGCTCA
test	subjectA	sample1	chr2+174832693	125	5	5	TCTGCGCGCTCGCTCGCTCA
test	subjectA	sample1	chr19-9560511	125	5	5	TCTGCGCGCTCGCTCGCTCA
test	subjectA	sample1	chr16+6978965	125	5	5	TCTGCGCGCTCGCTCGCTCA
test	subjectA	sample1	chr15-31020328	125	5	5	TCTGCGCGCTCGCTCGCTCA
test	subjectA	sample1	chr7+30808603	125	5	5	TCTGCGCGCTCGCTCGCTCA
test	subjectA	sample1	chr7+150880186	125	5	5	TCTGCGCGCTCGCTCGCTCA
test	subjectA	sample1	chr3+30298809	125	5	5	TCTGCGCGCTCGCTCGCTCA
test	subjectA	sample1	chr2+140700938	125	5	5	TCTGCGCGCTCGCTCGCTCA
test	subjectA	sample1	chr18+23687484	125	5	5	TCTGCGCGCTCGCTCGCTCA
test	subjectA	sample1	chr8+115195381	125	5	5	TCTGCGCGCTCGCTCGCTCA
test	subjectA	sample1	chr18-41759844	125	5	5	TCTGCGCGCTCGCTCGCTCA
test	subjectA	sample1	chr5-179486761	125	5	5	TCTGCGCGCTCGCTCGCTCA
test	subjectA	sample1	chr9-23933051	125	5	5	TCTGCGCGCTCGCTCGCTCA
test	subjectA	sample1	chr4+169064476	125	5	5	TCTGCGCGCTCGCTCGCTCA
test	subjectA	sample1	chr5-125235944	125	5	5	TCTGCGCGCTCGCTCGCTCA
test	subjectA	sample1	chr5-33620085	125	5	5	TCTGCGCGCTCGCTCGCTCA
test	subjectA	sample1	chr7-38512663	125	5	5	TCTGCGCGCTCGCTCGCTCA
test	subjectA	sample1	chr15-82816325	125	5	5	TCTGCGCGCTCGCTCGCTCA
test	subjectA	sample1	chr11-109820976	125	5	5	TCTGCGCGCTCGCTCGCTCA
test	subjectA	sample1	chrX-39053715	125	5	5	TCTGCGCGCTCGCTCGCTCA
test	subjectA	sample1	chr12-132515946	125	5	5	TCTGCGCGCTCGCTCGCTCA
test	subjectA	sample1	chr16+18861728	125	5	5	TCTGCGCGCTCGCTCGCTCA
test	subjectA	sample1	chr17+35570650	125	5	5	TCTGCGCGCTCGCTCGCTCA
test	subjectA	sample1	chr18+52075046	125	5	5	TCTGCGCGCTCGCTCGCTCA
test	subjectA	sample1	chr17-71436820	125	5	5	TCTGCGCGCTCGCTCGCTCA
test	subjectA	sample1	chr7+47828794	125	5	5	TCTGCGCGCTCGCTCGCTCA
test	subjectA	sample1	chr17+3029064	125	5	5	TCTGCGCGCTCGCTCGCTCA
test	subjectA	sample1	chr18+72033181	125	5	5	TCTGCGCGCTCGCTCGCTCA
test	subjectA	sample1	chr13+78527879	125	5	5	TCTGCGCGCTCGCTCGCTCA
test	subjectA	sample1	chrX-65326340	125	5	5	TCTGCGCGCTCGCTCGCTCA
test	subjectA	sample1	chr7-153197162	125	5	5	TCTGCGCGCTCGCTCGCTCA
test	subjectA	sample1	chr19+11949385	125	5	5	TCTGCGCGCTCGCTCGCTCA
test	subjectA	sample1	chr12+33529527	125	5	5	TCTGCGCGCTCGCTCGCTCA
test	subjectA	sample1	chr12-49027508	125	5	5	TCTGCGCGCTCGCTCGCTCA
test	subjectA	sample1	chr22-40184888	125	5	5	TCTGCGCGCTCGCTCGCTCA
test	subjectA	sample1	chr3-108281385	125	5	5	TCTGCGCGCTCGCTCGCTCA
test	subjectA	sample1	chr16+64698456	125	5	5	TCTGCGCGCTCGCTCGCTCA
test	subjectA	sample1	chr19-19133166	125	5	5	TCTGCGCGCTCGCTCGCTCA
test	subjectA	sample1	chr5-17774132	125	5	5	TCTGCGCGCTCGCTCGCTCA
test	subjectA	sample1	chr12+71587705	125	5	5	TCTGCGCGCTCGCTCGCTCA
test	subjectA	sample1	chr22-35591076	125	5	5	TCTGCGCGCTCGCTCGCTCA
test	subjectA	sample1	chr2+160211537	125	5	5	TCTGCGCGCTCGCTCGCTCA
test	subjectA	sample1	chrX-101886349	125	5	5	TCTGCGCGCTCGCTCGCTCA
test	subjectA	sample1	chr1-47790043	125	5	5	TCTGCGCGCTCGCTCGCTCA
test	subjectA	sample1	chr13+32175827	125	5	5	TCTGCGCGCTCGCTCGCTCA
test	subjectA	sample1	chr14+64399436	125	5	5	TCTGCGCGCTCGCTCGCTCA
test	subjectA	sample1	chr12-51319332	125	5	5	TCTGCGCGCTCGCTCGCTCA
test	subjectA	sample1	chr15+40738947	125	5	5	TCTGCGCGCTCGCTCGCTCA
test	subjectA	sample1	chr9+129938750	125	5	5	TCTGCGCGCTCGCTCGCTCA
test	subjectA	sample1	chr1+68900330	125	5	5	TCTGCGCGCTCGCTCGCTCA
test	subjectA	sample1	chr17-34160433	125	5	5	TCTGCGCGCTCGCTCGCTCA
test	subjectA	sample1	chr7-134563184	125	5	5	TCTGCGCGCTCGCTCGCTCA
test	subjectA	sample1	chr13+67269976	125	5	5	TCTGCGCGCTCGCTCGCTCA
test	subjectA	sample1	chr9-319482	125	5	5	TCTGCGCGCTCGCTCGCTCA
test	subjectA	sample1	chr3-25713726	125	5	5	TCTGCGCGCTCGCTCGCTCA
test	subjectA	sample1	chr12-71831515	125	5	5	TCTGCGCGCTCGCTCGCTCA
test	subjectA	sample1	chr10-14003689	125	5	5	TCTGCGCGCTCGCTCGCTCA
test	subjectA	sample1	chr12+47397255	125	5	5	TCTGCGCGCTCGCTCGCTCA
test	subjectA	sample1	chr18-53039562	125	5	5	TCTGCGCGCTCGCTCGCTCA
test	subjectA	sample1	chr5-77386697	125	5	5	TCTGCGCGCTCGCTCGCTCA
test	subjectA	sample1	chr12+83233459	125	5	5	TCTGCGCGCTCGCTCGCTCA
test	subjectA	sample1	chr8+40352657	125	5	5	TCTGCGCGCTCGCTCGCTCA
test	subjectA	sample1	chr9+118184117	125	5	5	TCTGCGCGCTCGCTCGCTCA
test	subjectA	sample1	chr12-79866753	125	5	5	TCTGCGCGCTCGCTCGCTCA
test	subjectA	sample1	chr18+70559371	125	5	5	TCTGCGCGCTCGCTCGCTCA
test	subjectA	sample1	chr5+17598060	125	5	5	TCTGCGCGCTCGCTCGCTCA
test	subjectA	sample1	chr20-60955128	125	5	5	TCTGCGCGCTCGCTCGCTCA
test	subjectA	sample1	chr2-214160842	125	5	5	TCTGCGCGCTCGCTCGCTCA
test	subjectA	sample1	chr21+9089837	125	5	5	TCTGCGCGCTCGCTCGCTCA
test	subjectA	sample1	chr6+105516037	125	5	5	TCTGCGCGCTCGCTCGCTCA
test	subjectA	sample1	chr14-56359824	125	5	5	TCTGCGCGCTCGCTCGCTCA
test	subjectA	sample1	chr10-78240109	125	5	5	TCTGCGCGCTCGCTCGCTCA
test	subjectA	sample1	chr12+102010014	125	5	5	TCTGCGCGCTCGCTCGCTCA
test	subjectA	sample1	chr8-56552571	125	5	5	TCTGCGCGCTCGCTCGCTCA
test	subjectA	sample1	chr22-28529436	125	5	5	TCTGCGCGCTCGCTCGCTCA
test	subjectA	sample1	chr4+39246976	125	5	5	TCTGCGCGCTCGCTCGCTCA
test	subjectA	sample1	chr12-94345413	125	5	5	TCTGCGCGCTCGCTCGCTCA
test	subjectA	sample1	chr14-42825867	125	5	5	TCTGCGCGCTCGCTCGCTCA
test	subjectA	sample1	chr10+22032328	125	5	5	TCTGCGCGCTCGCTCGCTCA
test	subjectA	sample1	chr5+28241101	125	5	5	TCTGCGCGCTCGCTCGCTCA
test	subjectA	sample1	chr7-103893614	125	5	5	TCTGCGCGCTCGCTCGCTCA
test	subjectA	sample1	chr9+2575558	125	5	5	TCTGCGCGCTCGCTCGCTCA
test	subjectA	sample1	chrX+16587579	125	5	5	TCTGCGCGCTCGCTCGCTCA
test	subjectA	sample1	chr17-75175412	125	5	5	TCTGCGCGCTCGCTCGCTCA
test	subjectA	sample1	chr15+56577472	125	5	5	TCTGCGCGCTCGCTCGCTCA
test	subjectA	sample1	chr3-53890183	125	5	5	TCTGCGCGCTCGCTCGCTCA
test	subjectA	sample1	chr19-23699708	125	5	5	TCTGCGCGCTCGCTCGCTCA
test	subjectA	sample1	chr6-81327196	125	5	5	TCTGCGCGCTCGCTCGCTCA
test	subjectA	sample1	chr9-129703200	125	5	5	TCTGCGCGCTCGCTCGCTCA
test	subjectA	sample1	chr4+182479065	125	5	5	TCTGCGCGCTCGCTCGCTCA
test	subjectA	sample1	chr14-20698289	125	5	5	TCTGCGCGCTCGCTCGCTCA
test	subjectA	sample1	chr11-2625763	125	5	5	TCTGCGCGCTCGCTCGCTCA
test	subjectA	sample1	chr21+22938057	125	5	5	TCTGCGCGCTCGCTCGCTCA
test	subjectA	sample1	chr6+158943076	125	5	5	TCTGCGCGCTCGCTCGCTCA
test	subjectA	sample1	chr19+18287884	125	5	5	TCTGCGCGCTCGCTCGCTCA
test	subjectA	sample1	chr18+52295759	125	5	5	TCTGCGCGCTCGCTCGCTCA
test	subjectA	sample1	chr14-92350544	125	5	5	TCTGCGCGCTCGCTCGCTCA
test	subjectA	sample1	chr3-6990103	125	5	5	TCTGCGCGCTCGCTCGCTCA
test	subjectA	sample1	chr9+39529555	125	5	5	TCTGCGCGCTCGCTCGCTCA
test	subjectA	sample1	chr16-23934683	125	5	5	TCTGCGCGCTCGCTCGCTCA
test	subjectA	sample1	chr21+10496859	125	5	5	TCTGCGCGCTCGCTCGCTCA
test	subjectA	sample1	chr13+47933653	125	5	5	TCTGCGCGCTCGCTCGCTCA
test	subjectA	sample1	chr5-178191741	125	5	5	TCTGCGCGCTCGCTCGCTCA
test	subjectA	sample1	chr10-65519456	125	5	5	TCTGCGCGCTCGCTCGCTCA
test	subjectA	sample1	chr17+12926525	125	5	5	TCTGCGCGCTCGCTCGCTCA
test	subjectA	sample1	chr22-28887392	125	5	5	TCTGCGCGCTCGCTCGCTCA
test	subjectA	sample1	chr12-121446032	125	5	5	TCTGCGCGCTCGCTCGCTCA
test	subjectA	sample1	chr4-53846858	125	5	5	TCTGCGCGCTCGCTCGCTCA
test	subjectA	sample1	chr21+16379964	125	5	5	TCTGCGCGCTCGCTCGCTCA
test	subjectA	sample1	chr17-68561885	125	5	5	TCTGCGCGCTCGCTCGCTCA
test	subjectA	sample1	chr19+33484639	125	5	5	TCTGCGCGCTCGCTCGCTCA
test	subjectA	sample1	chr20-30813513	125	5	5	TCTGCGCGCTCGCTCGCTCA
test	subjectA	sample1	chr20+5688335	125	5	5	TCTGCGCGCTCGCTCGCTCA
test	subjectA	sample1	chr21-28779340	125	5	5	TCTGCGCGCTCGCTCGCTCA
test	subjectA	sample1	chr11+108542404	125	5	5	TCTGCGCGCTCGCTCGCTCA
test	subjectA	sample1	chr14-29719485	125	5	5	TCTGCGCGCTCGCTCGCTCA
test	subjectA	sample1	chr11-30502909	125	5	5	TCTGCGCGCTCGCTCGCTCA
test	subjectA	sample1	chr3-166092763	125	5	5	TCTGCGCGCTCGCTCGCTCA
test	subjectA	sample1	chr3+74912230	125	5	5	TCTGCGCGCTCGCTCGCTCA
test	subjectA	sample1	chr7+148562350	125	5	5	TCTGCGCGCTCGCTCGCTCA
test	subjectA	sample1	chr2-217444608	125	5	5	TCTGCGCGCTCGCTCGCTCA
test	subjectA	sample1	chr3-18206112	125	5	5	TCTGCGCGCTCGCTCGCTCA
test	subjectA	sample1	chr15-59470769	125	5	5	TCTGCGCGCTCGCTCGCTCA
test	subjectA	sample1	chr4-109157802	125	5	5	TCTGCGCGCTCGCTCGCTCA
test	subjectA	sample1	chr17-61493658	125	5	5	TCTGCGCGCTCGCTCGCTCA
test	subjectA	sample1	chr22+28337854	125	5	5	TCTGCGCGCTCGCTCGCTCA
test	subjectA	sample1	chr10+117941180	125	5	5	TCTGCGCGCTCGCTCGCTCA
test	subjectA	sample1	chr5+106406662	125	5	5	TCTGCGCGCTCGCTCGCTCA
test	subjectA	sample1	chr22+11495264	125	5	5	TCTGCGCGCTCGCTCGCTCA
test	subjectA	sample1	chr18-192133	125	5	5	TCTGCGCGCTCGCTCGCTCA
test	subjectA	sample1	chrX+53824140	125	5	5	TCTGCGCGCTCGCTCGCTCA
test	subjectA	sample1	chr19-18607546	125	5	5	TCTGCGCGCTCGCTCGCTCA
test	subjectA	sample1	chr18+77854953	125	5	5	TCTGCGCGCTCGCTCGCTCA
test	subjectA	sample1	chr22-32262450	125	5	5	TCTGCGCGCTCGCTCGCTCA
test	subjectA	sample1	chr12-74250827	125	5	5	TCTGCGCGCTCGCTCGCTCA
test	subjectA	sample1	chr10+72497800	125	5	5	TCTGCGCGCTCGCTCGCTCA
test	subjectA	sample1	chr17+55219841	125	5	5	TCTGCGCGCTCGCTCGCTCA
test	subjectA	sample1	chr12-72313104	125	5	5	TCTGCGCGCTCGCTCGCTCA
test	subjectA	sample1	chr7-110863407	125	5	5	TCTGCGCGCTCGCTCGCTCA
test	subjectA	sample1	chr2+193426113	125	5	5	TCTGCGCGCTCGCTCGCTCA
test	subjectA	sample1	chr9-93781108	125	5	5	TCTGCGCGCTCGCTCGCTCA
test	subjectA	sample1	chr17+59168515	125	5	5	TCTGCGCGCTCGCTCGCTCA
test	subjectA	sample1	chr7-136297338	125	5	5	TCTGCGCGCTCGCTCGCTCA
test	subjectA	sample1	chr1-168479469	125	5	5	TCTGCGCGCTCGCTCGCTCA
test	subjectA	sample1	chr22-14089604	125	5	5	TCTGCGCGCTCGCTCGCTCA
test	subjectA	sample1	chr3-186137864	125	5	5	TCTGCGCGCTCGCTCGCTCA
test	subjectA	sample1	chr17-13257887	125	5	5	TCTGCGCGCTCGCTCGCTCA
test	subjectA	sample1	chr14-104867400	125	5	5	TCTGCGCGCTCGCTCGCTCA
test	subjectA	sample1	chrX+18303812	125	5	5	TCTGCGCGCTCGCTCGCTCA
test	subjectA	sample1	chr20-59159590	125	5	5	TCTGCGCGCTCGCTCGCTCA
test	subjectA	sample1	chr1-144365641	125	5	5	TCTGCGCGCTCGCTCGCTCA
test	subjectA	sample1	chr7-110122332	125	5	5	TCTGCGCGCTCGCTCGCTCA
test	subjectA	sample1	chr8-141960673	125	5	5	TCTGCGCGCTCGCTCGCTCA
test	subjectA	sample1	chr22-26024780	125	5	5	TCTGCGCGCTCGCTCGCTCA
test	subjectA	sample1	chr16-10386649	125	5	5	TCTGCGCGCTCGCTCGCTCA
test	subjectA	sample1	chrX+139691230	125	5	5	TCTGCGCGCTCGCTCGCTCA
test	subjectA	sample1	chr8-144862948	125	5	5	TCTGCGCGCTCGCTCGCTCA
test	subjectA	sample1	chr19-14394220	125	5	5	TCTGCGCGCTCGCTCGCTCA
test	subjectA	sample1	chr4+68617872	125	5	5	TCTGCGCGCTCGCTCGCTCA
test	subjectA	sample1	chr19+52792823	125	5	5	TCTGCGCGCTCGCTCGCTCA
test	subjectA	sample1	chr12-48383208	125	5	5	TCTGCGCGCTCGCTCGCTCA
test	subjectA	sample1	chrX-110318509	125	5	5	TCTGCGCGCTCGCTCGCTCA
test	subjectA	sample1	chr17-43129141	125	5	5	TCTGCGCGCTCGCTCGCTCA
test	subjectA	sample1	chr11-45730889	125	5	5	TCTGCGCGCTCGCTCGCTCA
test	subjectA	sample1	chr11+130067938	125	5	5	TCTGCGCGCTCGCTCGCTCA
test	subjectA	sample1	chr4-4616356	125	5	5	TCTGCGCGCTCGCTCGCTCA
test	subjectA	sample1	chr17+77326279	125	5	5	TCTGCGCGCTCGCTCGCTCA
test	subjectA	sample1	chr2+92275531	125	5	5	TCTGCGCGCTCGCTCGCTCA
test	subjectA	sample1	chr13-105653416	125	5	5	TCTGCGCGCTCGCTCGCTCA
test	subjectA	sample1	chr20+22411261	125	5	5	TCTGCGCGCTCGCTCGCTCA
test	subjectA	sample1	chr14+46878330	125	5	5	TCTGCGCGCTCGCTCGCTCA
test	subjectA	sample1	chr2+175619996	125	5	5	TCTGCGCGCTCGCTCGCTCA
test	subjectA	sample1	chr13-90256421	125	5	5	TCTGCGCGCTCGCTCGCTCA
test	subjectA	sample1	chr14-103478012	125	5	5	TCTGCGCGCTCGCTCGCTCA
test	subjectA	sample1	chr20-43860763	125	5	5	TCTGCGCGCTCGCTCGCTCA
test	subjectA	sample1	chr3+133761998	125	5	5	TCTGCGCGCTCGCTCGCTCA
test	subjectA	sample1	chr22-22598508	125	5	5	TCTGCGCGCTCGCTCGCTCA
test	subjectA	sample1	chr15+36326874	125	5	5	TCTGCGCGCTCGCTCGCTCA
test	subjectA	sample1	chr19-19063890	125	5	5	TCTGCGCGCTCGCTCGCTCA
test	subjectA	sample1	chr7-90490843	125	5	5	TCTGCGCGCTCGCTCGCTCA
test	subjectA	sample1	chr5+69655536	125	5	5	TCTGCGCGCTCGCTCGCTCA
test	subjectA	sample1	chr21-28793769	125	5	5	TCTGCGCGCTCGCTCGCTCA
test	subjectA	sample1	chr2+199950798	125	5	5	TCTGCGCGCTCGCTCGCTCA
test	subjectA	sample1	chr5+56881432	125	5	5	TCTGCGCGCTCGCTCGCTCA
test	subjectA	sample1	chr8-109041753	125	5	5	TCTGCGCGCTCGCTCGCTCA
test	subjectA	sample1	chr15+17805328	125	5	5	TCTGCGCGCTCGCTCGCTCA
test	subjectA	sample1	chrX+134855083	125	5	5	TCTGCGCGCTCGCTCGCTCA
test	subjectA	sample1	chr21+43315047	125	5	5	TCTGCGCGCTCGCTCGCTCA
test	subjectA	sample1	chr1+17892757	125	5	5	TCTGCGCGCTCGCTCGCTCA
test	subjectA	sample1	chr1+201215324	125	5	5	TCTGCGCGCTCGCTCGCTCA
test	subjectA	sample1	chr16-61052849	125	5	5	TCTGCGCGCTCGCTCGCTCA
test	subjectA	sample1	chr6+48105346	125	5	5	TCTGCGCGCTCGCTCGCTCA
test	subjectA	sample1	chr22-39453294	125	5	5	TCTGCGCGCTCGCTCGCTCA
test	subjectA	sample1	chr19-17757376	125	5	5	TCTGCGCGCTCGCTCGCTCA
test	subjectA	sample1	chr10+105536381	125	5	5	TCTGCGCGCTCGCTCGCTCA
test	subjectA	sample1	chr4+182352312	125	5	5	TCTGCGCGCTCGCTCGCTCA
test	subjectA	sample1	chr6+68500726	125	5	5	TCTGCGCGCTCGCTCGCTCA
test	subjectA	sample1	chr1-59618986	125	5	5	TCTGCGCGCTCGCTCGCTCA
test	subjectA	sample1	chr9+65302692	125	5	5	TCTGCGCGCTCGCTCGCTCA
test	subjectA	sample1	chr8+83401330	125	5	5	TCTGCGCGCTCGCTCGCTCA
test	subjectA	sample1	chr16-7873919	125	5	5	TCTGCGCGCTCGCTCGCTCA
test	subjectA	sample1	chr3+38412867	125	5	5	TCTGCGCGCTCGCTCGCTCA
test	subjectA	sample1	chr5-96119170	125	5	5	TCTGCGCGCTCGCTCGCTCA
test	subjectA	sample1	chr19-19345521	125	5	5	TCTGCGCGCTCGCTCGCTCA
test	subjectA	sample1	chr5+24013262	125	5	5	TCTGCGCGCTCGCTCGCTCA
test	subjectA	sample1	chr8+126837563	125	5	5	TCTGCGCGCTCGCTCGCTCA
test	subjectA	sample1	chr19-36330497	125	5	5	TCTGCGCGCTCGCTCGCTCA
test	subjectA	sample1	chr6-141391092	125	5	5	TCTGCGCGCTCGCTCGCTCA
test	subjectA	sample1	chr7-38920726	125	5	5	TCTGCGCGCTCGCTCGCTCA
test	subjectA	sample1	chr17-16748801	125	5	5	TCTGCGCGCTCGCTCGCTCA
test	subjectA	sample1	chr15-97042447	125	5	5	TCTGCGCGCTCGCTCGCTCA
test	subjectA	sample1	chr21+35101620	125	5	5	TCTGCGCGCTCGCTCGCTCA
test	subjectA	sample1	chr17+24213716	125	5	5	TCTGCGCGCTCGCTCGCTCA
test	subjectA	sample1	chrX-8085828	125	5	5	TCTGCGCGCTCGCTCGCTCA
test	subjectA	sample1	chr1-74825628	125	5	5	TCTGCGCGCTCGCTCGCTCA
test	subjectA	sample1	chr19-27717027	125	5	5	TCTGCGCGCTCGCTCGCTCA
test	subjectA	sample1	chr7-114908600	125	5	5	TCTGCGCGCTCGCTCGCTCA
test	subjectA	sample1	chr18-55248382	125	5	5	TCTGCGCGCTCGCTCGCTCA
test	subjectA	sample1	chr4-31287019	125	5	5	TCTGCGCGCTCGCTCGCTCA
test	subjectA	sample1	chr15+46357058	125	5	5	TCTGCGCGCTCGCTCGCTCA
test	subjectA	sample1	chrX+36644260	125	5	5	TCTGCGCGCTCGCTCGCTCA
test	subjectA	sample1	chr22-49080226	125	5	5	TCTGCGCGCTCGCTCGCTCA
test	subjectA	sample1	chr5-47038082	125	5	5	TCTGCGCGCTCGCTCGCTCA
test	subjectA	sample1	chr8-2276702	125	5	5	TCTGCGCGCTCGCTCGCTCA
test	subjectA	sample1	chr13-84951143	125	5	5	TCTGCGCGCTCGCTCGCTCA
test	subjectA	sample1	chr1-90203247	125	5	5	TCTGCGCGCTCGCTCGCTCA
test	subjectA	sample1	chrX+20900817	125	5	5	TCTGCGCGCTCGCTCGCTCA
test	subjectA	sample1	chr4-55863032	125	5	5	TCTGCGCGCTCGCTCGCTCA
test	subjectA	sample1	chr21-17894410	125	5	5	TCTGCGCGCTCGCTCGCTCA
test	subjectA	sample1	chr16+25230222	125	5	5	TCTGCGCGCTCGCTCGCTCA
test	subjectA	sample1	chr4+150072253	125	5	5	TCTGCGCGCTCGCTCGCTCA
test	subjectA	sample1	chr15-36618232	125	5	5	TCTGCGCGCTCGCTCGCTCA
test	subjectA	sample1	chr21+26500513	125	5	5	TCTGCGCGCTCGCTCGCTCA
test	subjectA	sample1	chr8+32540693	125	5	5	TCTGCGCGCTCGCTCGCTCA
test	subjectA	sample1	chr15+97887873	125	5	5	TCTGCGCGCTCGCTCGCTCA
test	subjectA	sample1	chr10+51665861	125	5	5	TCTGCGCGCTCGCTCGCTCA
test	subjectA	sample1	chr22+19297876	125	5	5	TCTGCGCGCTCGCTCGCTCA
test	subjectA	sample1	chr8+97551448	125	5	5	TCTGCGCGCTCGCTCGCTCA
test	subjectA	sample1	chr7-38724596	125	5	5	TCTGCGCGCTCGCTCGCTCA
test	subjectA	sample1	chr11-87966004	125	5	5	TCTGCGCGCTCGCTCGCTCA
test	subjectA	sample1	chr5+43817511	125	5	5	TCTGCGCGCTCGCTCGCTCA
test	subjectA	sample1	chr16-75234073	125	5	5	TCTGCGCGCTCGCTCGCTCA
test	subjectA	sample1	chr6+5811513	125	5	5	TCTGCGCGCTCGCTCGCTCA
test	subjectA	sample1	chr7-21141219	125	5	5	TCTGCGCGCTCGCTCGCTCA
test	subjectA	sample1	chr1-226974507	125	5	5	TCTGCGCGCTCGCTCGCTCA
test	subjectA	sample1	chr11-123957649	125	5	5	TCTGCGCGCTCGCTCGCTCA
test	subjectA	sample1	chr3+98410767	125	5	5	TCTGCGCGCTCGCTCGCTCA
test	subjectA	sample1	chr5-26755555	125	5	5	TCTGCGCGCTCGCTCGCTCA
test	subjectA	sample1	chr14-95760556	125	5	5	TCTGCGCGCTCGCTCGCTCA
test	subjectA	sample1	chr21+9103682	125	5	5	TCTGCGCGCTCGCTCGCTCA
test	subjectA	sample1	chr21+19354168	125	5	5	TCTGCGCGCTCGCTCGCTCA
test	subjectA	sample1	chr1-179949061	125	5	5	TCTGCGCGCTCGCTCGCTCA
test	subjectA	sample1	chr6-155081660	125	5	5	TCTGCGCGCTCGCTCGCTCA
test	subjectA	sample1	chrX-70879133	125	5	5	TCTGCGCGCTCGCTCGCTCA
test	subjectA	sample1	chr19-16935957	125	5	5	TCTGCGCGCTCGCTCGCTCA
test	subjectA	sample1	chr5+160979827	125	5	5	TCTGCGCGCTCGCTCGCTCA
test	subjectA	sample1	chr9+3434879	125	5	5	TCTGCGCGCTCGCTCGCTCA
test	subjectA	sample1	chrX-127712435	125	5	5	TCTGCGCGCTCGCTCGCTCA
test	subjectA	sample1	chrX-78167717	125	5	5	TCTGCGCGCTCGCTCGCTCA
test	subjectA	sample1	chr8+82595390	125	5	5	TCTGCGCGCTCGCTCGCTCA
test	subjectA	sample1	chr10-73127351	125	5	5	TCTGCGCGCTCGCTCGCTCA
test	subjectA	sample1	chr21-43572347	125	5	5	TCTGCGCGCTCGCTCGCTCA
test	subjectA	sample1	chr9+88442666	125	5	5	TCTGCGCGCTCGCTCGCTCA
test	subjectA	sample1	chr14+94363752	125	5	5	TCTGCGCGCTCGCTCGCTCA
test	subjectA	sample1	chr22-12105455	125	5	5	TCTGCGCGCTCGCTCGCTCA
test	subjectA	sample1	chr20-38487579	125	5	5	TCTGCGCGCTCGCTCGCTCA
test	subjectA	sample1	chrX-133058956	125	5	5	TCTGCGCGCTCGCTCGCTCA
test	subjectA	sample1	chr18+79824311	125	5	5	TCTGCGCGCTCGCTCGCTCA
test	subjectA	sample1	chr22+46147605	125	5	5	TCTGCGCGCTCGCTCGCTCA
test	subjectA	sample1	chr4+107986021	125	5	5	TCTGCGCGCTCGCTCGCTCA
test	subjectA	sample1	chr16+50059624	125	5	5	TCTGCGCGCTCGCTCGCTCA
test	subjectA	sample1	chr11+103761447	125	5	5	TCTGCGCGCTCGCTCGCTCA
test	subjectA	sample1	chr21+20082460	125	5	5	TCTGCGCGCTCGCTCGCTCA
test	subjectA	sample1	chr3-170146479	125	5	5	TCTGCGCGCTCGCTCGCTCA
test	subjectA	sample1	chr11-27607625	125	5	5	TCTGCGCGCTCGCTCGCTCA
test	subjectA	sample1	chr5+84675847	125	5	5	TCTGCGCGCTCGCTCGCTCA
test	subjectA	sample1	chr21+14465740	125	5	5	TCTGCGCGCTCGCTCGCTCA
test	subjectA	sample1	chrX+152390322	125	5	5	TCTGCGCGCTCGCTCGCTCA
test	subjectA	sample1	chr17-34216719	125	5	5	TCTGCGCGCTCGCTCGCTCA
test	subjectA	sample1	chr8+69250295	125	5	5	TCTGCGCGCTCGCTCGCTCA
test	subjectA	sample1	chr4+68983612	125	5	5	TCTGCGCGCTCGCTCGCTCA
test	subjectA	sample1	chr1+202348946	125	5	5	TCTGCGCGCTCGCTCGCTCA
test	subjectA	sample1	chr6+112080220	125	5	5	TCTGCGCGCTCGCTCGCTCA
test	subjectA	sample1	chr9+71257926	125	5	5	TCTGCGCGCTCGCTCGCTCA
test	subjectA	sample1	chr18+68415395	125	5	5	TCTGCGCGCTCGCTCGCTCA
test	subjectA	sample1	chr18-29032019	125	5	5	TCTGCGCGCTCGCTCGCTCA
test	subjectA	sample1	chr3+132884690	125	5	5	TCTGCGCGCTCGCTCGCTCA
test	subjectA	sample1	chr18+48791951	125	5	5	TCTGCGCGCTCGCTCGCTCA
test	subjectA	sample1	chr5-138095423	125	5	5	TCTGCGCGCTCGCTCGCTCA
test	subjectA	sample1	chr6-165526734	125	5	5	TCTGCGCGCTCGCTCGCTCA
test	subjectA	sample1	chr17+9205608	125	5	5	TCTGCGCGCTCGCTCGCTCA
test	subjectA	sample1	chr8+89185592	125	5	5	TCTGCGCGCTCGCTCGCTCA
test	subjectA	sample1	chr13-73714388	125	5	5	TCTGCGCGCTCGCTCGCTCA
test	subjectA	sample1	chr15+55813893	125	5	5	TCTGCGCGCTCGCTCGCTCA
test	subjectA	sample1	chr16-79139517	125	5	5	TCTGCGCGCTCGCTCGCTCA
test	subjectA	sample1	chr3-63296505	125	5	5	TCTGCGCGCTCGCTCGCTCA
test	subjectA	sample1	chr10-103156968	125	5	5	TCTGCGCGCTCGCTCGCTCA
test	subjectA	sample1	chr10-132766686	125	5	5	TCTGCGCGCTCGCTCGCTCA
test	subjectA	sample1	chr1-24590517	125	5	5	TCTGCGCGCTCGCTCGCTCA
test	subjectA	sample1	chr21+33966485	125	5	5	TCTGCGCGCTCGCTCGCTCA
test	subjectA	sample1	chr19-40214562	125	5	5	TCTGCGCGCTCGCTCGCTCA
test	subjectA	sample1	chrX+79131193	125	5	5	TCTGCGCGCTCGCTCGCTCA
test	subjectA	sample1	chr22-15337503	125	5	5	TCTGCGCGCTCGCTCGCTCA
test	subjectA	sample1	chr12+44701758	125	5	5	TCTGCGCGCTCGCTCGCTCA
test	subjectA	sample1	chr18+21143120	125	5	5	TCTGCGCGCTCGCTCGCTCA
test	subjectA	sample1	chrX+23797712	125	5	5	TCTGCGCGCTCGCTCGCTCA
test	subjectA	sample1	chr22+36510634	125	5	5	TCTGCGCGCTCGCTCGCTCA
test	subjectA	sample1	chr17-37294612	125	5	5	TCTGCGCGCTCGCTCGCTCA
test	subjectA	sample1	chr21-17254353	125	5	5	TCTGCGCGCTCGCTCGCTCA
test	subjectA	sample1	chr7-47958950	125	5	5	TCTGCGCGCTCGCTCGCTCA
test	subjectA	sample1	chr15+98569242	125	5	5	TCTGCGCGCTCGCTCGCTCA
test	subjectA	sample1	chr4+108443174	125	5	5	TCTGCGCGCTCGCTCGCTCA
test	subjectA	sample1	chr12-87302249	125	5	5	TCTGCGCGCTCGCTCGCTCA
test	subjectA	sample1	chr8+27101204	125	5	5	TCTGCGCGCTCGCTCGCTCA
test	subjectA	sample1	chr9-81760344	125	5	5	TCTGCGCGCTCGCTCGCTCA
test	subjectA	sample1	chrX+62145107	125	5	5	TCTGCGCGCTCGCTCGCTCA
test	subjectA	sample1	chr10+29183485	125	5	5	TCTGCGCGCTCGCTCGCTCA
test	subjectA	sample1	chr9-82605247	125	5	5	TCTGCGCGCTCGCTCGCTCA
test	subjectA	sample1	chr8+51736516	125	5	5	TCTGCGCGCTCGCTCGCTCA
test	subjectA	sample1	chr14+90579592	125	5	5	TCTGCGCGCTCGCTCGCTCA
test	subjectA	sample1	chr16-64569447	125	5	5	TCTGCGCGCTCGCTCGCTCA
test	subjectA	sample1	chr20-51196639	125	5	5	TCTGCGCGCTCGCTCGCTCA
test	subjectA	sample1	chr19+56735296	125	5	5	TCTGCGCGCTCGCTCGCTCA
test	subjectA	sample1	chr5+115155566	125	5	5	TCTGCGCGCTCGCTCGCTCA
test	subjectA	sample1	chr10-7901637	125	5	5	TCTGCGCGCTCGCTCGCTCA
test	subjectA	sample1	chr21-21836163	125	5	5	TCTGCGCGCTCGCTCGCTCA
test	subjectA	sample1	chr9+70272602	125	5	5	TCTGCGCGCTCGCTCGCTCA
test	subjectA	sample1	chr12+99076993	125	5	5	TCTGCGCGCTCGCTCGCTCA
test	subjectA	sample1	chr22-27086775	125	5	5	TCTGCGCGCTCGCTCGCTCA
test	subjectA	sample1	chr17+78963061	125	5	5	TCTGCGCGCTCGCTCGCTCA
test	subjectA	sample1	chr13-97263398	125	5	5	TCTGCGCGCTCGCTCGCTCA
test	subjectA	sample1	chr8-5053078	125	5	5	TCTGCGCGCTCGCTCGCTCA
test	subjectA	sample1	chr2+193363534	125	5	5	TCTGCGCGCTCGCTCGCTCA
test	subjectA	sample1	chr10+14152909	125	5	5	TCTGCGCGCTCGCTCGCTCA
test	subjectA	sample1	chr19+13124154	125	5	5	TCTGCGCGCTCGCTCGCTCA
test	subjectA	sample1	chr14+34400422	125	5	5	TCTGCGCGCTCGCTCGCTCA
test	subjectA	sample1	chr10+9153452	125	5	5	TCTGCGCGCTCGCTCGCTCA
test	subjectA	sample1	chr22-40894305	125	5	5	TCTGCGCGCTCGCTCGCTCA
test	subjectA	sample1	chr16-19501151	125	5	5	TCTGCGCGCTCGCTCGCTCA
test	subjectA	sample1	chr7-140873631	125	5	5	TCTGCGCGCTCGCTCGCTCA
test	subjectA	sample1	chr21-30246202	125	5	5	TCTGCGCGCTCGCTCGCTCA
test	subjectA	sample1	chr18-56366354	125	5	5	TCTGCGCGCTCGCTCGCTCA
test	subjectA	sample1	chr22-48504064	125	5	5	TCTGCGCGCTCGCTCGCTCA
test	subjectA	sample1	chr22-13607571	125	5	5	TCTGCGCGCTCGCTCGCTCA
test	subjectA	sample1	chr13+60857716	125	5	5	TCTGCGCGCTCGCTCGCTCA
test	subjectA	sample1	chr18-7944155	125	5	5	TCTGCGCGCTCGCTCGCTCA
test	subjectA	sample1	chr20+8978102	125	5	5	TCTGCGCGCTCGCTCGCTCA
test	subjectA	sample1	chr2-211139815	125	5	5	TCTGCGCGCTCGCTCGCTCA
test	subjectA	sample1	chr3-29552376	125	5	5	TCTGCGCGCTCGCTCGCTCA
test	subjectA	sample1	chr19+8475081	125	5	5	TCTGCGCGCTCGCTCGCTCA
test	subjectA	sample1	chr1-66004072	125	5	5	TCTGCGCGCTCGCTCGCTCA
test	subjectA	sample1	chr9-120817430	125	5	5	TCTGCGCGCTCGCTCGCTCA
test	subjectA	sample1	chr18+12684996	125	5	5	TCTGCGCGCTCGCTCGCTCA
test	subjectA	sample1	chr9-67154058	125	5	5	TCTGCGCGCTCGCTCGCTCA
test	subjectA	sample1	chr12+33917993	125	5	5	TCTGCGCGCTCGCTCGCTCA
test	subjectA	sample1	chr15+36166310	125	5	5	TCTGCGCGCTCGCTCGCTCA
test	subjectA	sample1	chr2+12548015	125	5	5	TCTGCGCGCTCGCTCGCTCA
test	subjectA	sample1	chr10+117514072	125	5	5	TCTGCGCGCTCGCTCGCTCA
test	subjectA	sample1	chr7-127619145	125	5	5	TCTGCGCGCTCGCTCGCTCA
test	subjectA	sample1	chr16-24664250	125	5	5	TCTGCGCGCTCGCTCGCTCA
test	subjectA	sample1	chrX-26574351	125	5	5	TCTGCGCGCTCGCTCGCTCA
test	subjectA	sample1	chr11+114878497	125	5	5	TCTGCGCGCTCGCTCGCTCA
test	subjectA	sample1	chr22-15001123	125	5	5	TCTGCGCGCTCGCTCGCTCA
test	subjectA	sample1	chr11-62127404	125	5	5	TCTGCGCGCTCGCTCGCTCA
test	subjectA	sample1	chr13+109655066	125	5	5	TCTGCGCGCTCGCTCGCTCA
test	subjectA	sample1	chr22+41737339	125	5	5	TCTGCGCGCTCGCTCGCTCA
test	subjectA	sample1	chr19+46504023	125	5	5	TCTGCGCGCTCGCTCGCTCA
test	subjectA	sample1	chr8-52322194	125	5	5	TCTGCGCGCTCGCTCGCTCA
test	subjectA	sample1	chr9-120413353	125	5	5	TCTGCGCGCTCGCTCGCTCA
test	subjectA	sample1	chr18-4134504	125	5	5	TCTGCGCGCTCGCTCGCTCA
test	subjectA	sample1	chr12+216998	125	5	5	TCTGCGCGCTCGCTCGCTCA
test	subjectA	sample1	chr6-167535744	125	5	5	TCTGCGCGCTCGCTCGCTCA
test	subjectA	sample1	chr17-24164094	125	5	5	TCTGCGCGCTCGCTCGCTCA
test	subjectA	sample1	chr15+40992156	125	5	5	TCTGCGCGCTCGCTCGCTCA
test	subjectA	sample1	chr17-35193379	125	5	5	TCTGCGCGCTCGCTCGCTCA
test	subjectA	sample1	chr11+3008587	125	5	5	TCTGCGCGCTCGCTCGCTCA
test	subjectA	sample1	chr19+1445029	125	5	5	TCTGCGCGCTCGCTCGCTCA
test	subjectA	sample1	chr3+80979004	125	5	5	TCTGCGCGCTCGCTCGCTCA
test	subjectA	sample1	chr4-35200702	125	5	5	TCTGCGCGCTCGCTCGCTCA
test	subjectA	sample1	chr14+70311590	125	5	5	TCTGCGCGCTCGCTCGCTCA
test	subjectA	sample1	chr2-213484995	125	5	5	TCTGCGCGCTCGCTCGCTCA
test	subjectA	sample1	chr21-44402949	125	5	5	TCTGCGCGCTCGCTCGCTCA
test	subjectA	sample1	chr8+48598486	125	5	5	TCTGCGCGCTCGCTCGCTCA
test	subjectA	sample1	chr17-6033841	125	5	5	TCTGCGCGCTCGCTCGCTCA
test	subjectA	sample1	chr2-235202553	125	5	5	TCTGCGCGCTCGCTCGCTCA
test	subjectA	sample1	chr10+125053833	125	5	5	TCTGCGCGCTCGCTCGCTCA
test	subjectA	sample1	chr13-24151662	125	5	5	TCTGCGCGCTCGCTCGCTCA
test	subjectA	sample1	chr1+71635668	125	5	5	TCTGCGCGCTCGCTCGCTCA
test	subjectA	sample1	chr14+75621811	125	5	5	TCTGCGCGCTCGCTCGCTCA
test	subjectA	sample1	chr4-26682162	125	5	5	TCTGCGCGCTCGCTCGCTCA
test	subjectA	sample1	chr20+12073152	125	5	5	TCTGCGCGCTCGCTCGCTCA
test	subjectA	sample1	chr18+42565388	125	5	5	TCTGCGCGCTCGCTCGCTCA
test	subjectA	sample1	chr18+19954291	125	5	5	TCTGCGCGCTCGCTCGCTCA
test	subjectA	sample1	chr6+103646671	125	5	5	TCTGCGCGCTCGCTCGCTCA
test	subjectA	sample1	chr1-121103312	125	5	5	TCTGCGCGCTCGCTCGCTCA
test	subjectA	sample1	chr9+22184267	125	5	5	TCTGCGCGCTCGCTCGCTCA
test	subjectA	sample1	chr20+39529584	125	5	5	TCTGCGCGCTCGCTCGCTCA
test	subjectA	sample1	chr10+99655078	125	5	5	TCTGCGCGCTCGCTCGCTCA
test	subjectA	sample1	chr12+54233527	125	5	5	TCTGCGCGCTCGCTCGCTCA
test	subjectA	sample1	chr20-48927667	125	5	5	TCTGCGCGCTCGCTCGCTCA
test	subjectA	sample1	chr6+47630647	125	5	5	TCTGCGCGCTCGCTCGCTCA
test	subjectA	sample1	chr12-102549431	125	5	5	TCTGCGCGCTCGCTCGCTCA
test	subjectA	sample1	chr15-94552171	125	5	5	TCTGCGCGCTCGCTCGCTCA
test	subjectA	sample1	chr17-54540822	125	5	5	TCTGCGCGCTCGCTCGCTCA
test	subjectA	sample1	chrX-72032446	125	5	5	TCTGCGCGCTCGCTCGCTCA
test	subjectA	sample1	chr12-75529979	125	5	5	TCTGCGCGCTCGCTCGCTCA
test	subjectA	sample1	chr14+57649974	125	5	5	TCTGCGCGCTCGCTCGCTCA
test	subjectA	sample1	chrX+24553965	125	5	5	TCTGCGCGCTCGCTCGCTCA
test	subjectA	sample1	chr17+20777074	125	5	5	TCTGCGCGCTCGCTCGCTCA
test	subjectA	sample1	chr8+6658493	125	5	5	TCTGCGCGCTCGCTCGCTCA
test	subjectA	sample1	chr20-28658117	125	5	5	TCTGCGCGCTCGCTCGCTCA
test	subjectA	sample1	chr7-64550146	125	5	5	TCTGCGCGCTCGCTCGCTCA
test	subjectA	sample1	chr19-44240355	125	5	5	TCTGCGCGCTCGCTCGCTCA
test	subjectA	sample1	chr4+126596853	125	5	5	TCTGCGCGCTCGCTCGCTCA
test	subjectA	sample1	chr16-76065248	125	5	5	TCTGCGCGCTCGCTCGCTCA
test	subjectA	sample1	chr9-68766507	125	5	5	TCTGCGCGCTCGCTCGCTCA
test	subjectA	sample1	chr3+126044403	125	5	5	TCTGCGCGCTCGCTCGCTCA
test	subjectA	sample1	chr5+87906725	125	5	5	TCTGCGCGCTCGCTCGCTCA
test	subjectA	sample1	chr17+51444590	125	5	5	TCTGCGCGCTCGCTCGCTCA
test	subjectA	sample1	chr6-132752808	125	5	5	TCTGCGCGCTCGCTCGCTCA
test	subjectA	sample1	chr2-18728043	125	5	5	TCTGCGCGCTCGCTCGCTCA
test	subjectA	sample1	chr3+34448887	125	5	5	TCTGCGCGCTCGCTCGCTCA
test	subjectA	sample1	chr21+37726355	125	5	5	TCTGCGCGCTCGCTCGCTCA
test	subjectA	sample1	chr3-181477134	125	5	5	TCTGCGCGCTCGCTCGCTCA
test	subjectA	sample1	chr1-38229677	125	5	5	TCTGCGCGCTCGCTCGCTCA
test	subjectA	sample1	chr11-75114974	125	5	5	TCTGCGCGCTCGCTCGCTCA
test	subjectA	sample1	chr10-101424717	125	5	5	TCTGCGCGCTCGCTCGCTCA
test	subjectA	sample1	chr11-12961517	125	5	5	TCTGCGCGCTCGCTCGCTCA
test	subjectA	sample1	chr1-178480020	125	5	5	TCTGCGCGCTCGCTCGCTCA
test	subjectA	sample1	chr19+22934160	125	5	5	TCTGCGCGCTCGCTCGCTCA
test	subjectA	sample1	chr10+119339167	125	5	5	TCTGCGCGCTCGCTCGCTCA
test	subjectA	sample1	chr13-76871578	125	5	5	TCTGCGCGCTCGCTCGCTCA
test	subjectA	sample1	chr16+80691736	125	5	5	TCTGCGCGCTCGCTCGCTCA
test	subjectA	sample1	chr8-85995123	125	5	5	TCTGCGCGCTCGCTCGCTCA
test	subjectA	sample1	chr15+81306976	125	5	5	TCTGCGCGCTCGCTCGCTCA
test	subjectA	sample1	chr19+44874599	125	5	5	TCTGCGCGCTCGCTCGCTCA
test	subjectA	sample1	chr4+12018119	125	5	5	TCTGCGCGCTCGCTCGCTCA
test	subjectA	sample1	chr21-18807146	125	5	5	TCTGCGCGCTCGCTCGCTCA
test	subjectA	sample1	chr2+213651313	125	5	5	TCTGCGCGCTCGCTCGCTCA
test	subjectA	sample1	chr3-121807394	125	5	5	TCTGCGCGCTCGCTCGCTCA
test	subjectA	sample1	chr17+83011784	125	5	5	TCTGCGCGCTCGCTCGCTCA
test	subjectA	sample1	chr4-86451214	125	5	5	TCTGCGCGCTCGCTCGCTCA
test	subjectA	sample1	chr10+53975593	125	5	5	TCTGCGCGCTCGCTCGCTCA
test	subjectA	sample1	chr15+47656019	125	5	5	TCTGCGCGCTCGCTCGCTCA
test	subjectA	sample1	chrX-64499352	125	5	5	TCTGCGCGCTCGCTCGCTCA
test	subjectA	sample1	chr19-41363007	125	5	5	TCTGCGCGCTCGCTCGCTCA
test	subjectA	sample1	chr4+165840715	125	5	5	TCTGCGCGCTCGCTCGCTCA
test	subjectA	sample1	chr6-52573991	125	5	5	TCTGCGCGCTCGCTCGCTCA
test	subjectA	sample1	chr18+33996676	125	5	5	TCTGCGCGCTCGCTCGCTCA
test	subjectA	sample1	chr13+27163978	125	5	5	TCTGCGCGCTCGCTCGCTCA
test	subjectA	sample1	chr21-29623343	125	5	5	TCTGCGCGCTCGCTCGCTCA
test	subjectA	sample1	chr3+115041875	125	5	5	TCTGCGCGCTCGCTCGCTCA
test	subjectA	sample1	chr17+62793932	125	5	5	TCTGCGCGCTCGCTCGCTCA
test	subjectA	sample1	chr7+12207523	125	5	5	TCTGCGCGCTCGCTCGCTCA
test	subjectA	sample1	chr19-55851241	125	5	5	TCTGCGCGCTCGCTCGCTCA
test	subjectA	sample2	chr14-20524740	125	5	5	TCTGCGCGCTCGCTCGCTCA
test	subjectA	sample2	chr2+213007930	125	5	5	TCTGCGCGCTCGCTCGCTCA
test	subjectA	sample2	chr15-23864585	125	5	5	TCTGCGCGCTCGCTCGCTCA
test	subjectA	sample2	chr19+18364922	125	5	5	TCTGCGCGCTCGCTCGCTCA
test	subjectA	sample2	chr8+31082535	125	5	5	TCTGCGCGCTCGCTCGCTCA
test	subjectA	sample2	chr7+5713421	125	5	5	TCTGCGCGCTCGCTCGCTCA
test	subjectA	sample2	chr5-67373712	125	5	5	TCTGCGCGCTCGCTCGCTCA
test	subjectA	sample2	chr21+18832583	125	5	5	TCTGCGCGCTCGCTCGCTCA
test	subjectA	sample2	chr3-149792757	125	5	5	TCTGCGCGCTCGCTCGCTCA
test	subjectA	sample2	chr5-176130400	125	5	5	TCTGCGCGCTCGCTCGCTCA
test	subjectA	sample2	chr13+80074504	125	5	5	TCTGCGCGCTCGCTCGCTCA
test	subjectA	sample2	chr19+34939821	125	5	5	TCTGCGCGCTCGCTCGCTCA
test	subjectA	sample2	chr13-24473962	125	5	5	TCTGCGCGCTCGCTCGCTCA
test	subjectA	sample2	chr10-109239920	125	5	5	TCTGCGCGCTCGCTCGCTCA
test	subjectA	sample2	chr4+52664766	125	5	5	TCTGCGCGCTCGCTCGCTCA
test	subjectA	sample2	chr13+38138418	125	5	5	TCTGCGCGCTCGCTCGCTCA
test	subjectA	sample2	chr5-177757726	125	5	5	TCTGCGCGCTCGCTCGCTCA
test	subjectA	sample2	chr3+40961532	125	5	5	TCTGCGCGCTCGCTCGCTCA
test	subjectA	sample2	chr18+11550103	125	5	5	TCTGCGCGCTCGCTCGCTCA
test	subjectA	sample2	chr20+35326232	125	5	5	TCTGCGCGCTCGCTCGCTCA
test	subjectA	sample2	chr6+8609113	125	5	5	TCTGCGCGCTCGCTCGCTCA
test	subjectA	sample2	chr8-125701125	125	5	5	TCTGCGCGCTCGCTCGCTCA
test	subjectA	sample2	chr4+13886483	125	5	5	TCTGCGCGCTCGCTCGCTCA
test	subjectA	sample2	chr10+19340182	125	5	5	TCTGCGCGCTCGCTCGCTCA
test	subjectA	sample2	chr5-117869001	125	5	5	TCTGCGCGCTCGCTCGCTCA
test	subjectA	sample2	chr5-135064373	125	5	5	TCTGCGCGCTCGCTCGCTCA
test	subjectA	sample2	chr20+36026894	125	5	5	TCTGCGCGCTCGCTCGCTCA
test	subjectA	sample2	chr4-58127122	125	5	5	TCTGCGCGCTCGCTCGCTCA
test	subjectA	sample2	chr3+25837972	125	5	5	TCTGCGCGCTCGCTCGCTCA
test	subjectA	sample2	chr16-33667492	125	5	5	TCTGCGCGCTCGCTCGCTCA
test	subjectA	sample2	chr19+22558504	125	5	5	TCTGCGCGCTCGCTCGCTCA
test	subjectA	sample2	chr1+11325784	125	5	5	TCTGCGCGCTCGCTCGCTCA
test	subjectA	sample2	chr19+50256104	125	5	5	TCTGCGCGCTCGCTCGCTCA
test	subjectA	sample2	chrX+13776346	125	5	5	TCTGCGCGCTCGCTCGCTCA
test	subjectA	sample2	chr3-26635351	125	5	5	TCTGCGCGCTCGCTCGCTCA
test	subjectA	sample2	chr16+11850138	125	5	5	TCTGCGCGCTCGCTCGCTCA
test	subjectA	sample2	chr4+116330586	125	5	5	TCTGCGCGCTCGCTCGCTCA
test	subjectA	sample2	chr7+114396089	125	5	5	TCTGCGCGCTCGCTCGCTCA
test	subjectA	sample2	chr5+120419631	125	5	5	TCTGCGCGCTCGCTCGCTCA
test	subjectA	sample2	chr15-25512602	125	5	5	TCTGCGCGCTCGCTCGCTCA
test	subjectA	sample2	chr3+192639035	125	5	5	TCTGCGCGCTCGCTCGCTCA
test	subjectA	sample2	chr21-17927694	125	5	5	TCTGCGCGCTCGCTCGCTCA
test	subjectA	sample2	chr19+49929927	125	5	5	TCTGCGCGCTCGCTCGCTCA
test	subjectA	sample2	chr15+20110271	125	5	5	TCTGCGCGCTCGCTCGCTCA
test	subjectA	sample2	chr3-124178146	125	5	5	TCTGCGCGCTCGCTCGCTCA
test	subjectA	sample2	chr18-53113181	125	5	5	TCTGCGCGCTCGCTCGCTCA
test	subjectA	sample2	chr15-90272210	125	5	5	TCTGCGCGCTCGCTCGCTCA
test	subjectA	sample2	chr19+35875549	125	5	5	TCTGCGCGCTCGCTCGCTCA
test	subjectA	sample2	chr11+128714172	125	5	5	TCTGCGCGCTCGCTCGCTCA
test	subjectA	sample2	chr16-36922181	125	5	5	TCTGCGCGCTCGCTCGCTCA
test	subjectA	sample2	chr8+119188560	125	5	5	TCTGCGCGCTCGCTCGCTCA
test	subjectA	sample2	chr3+159750697	125	5	5	TCTGCGCGCTCGCTCGCTCA
test	subjectA	sample2	chr15+49710887	125	5	5	TCTGCGCGCTCGCTCGCTCA
test	subjectA	sample2	chrX-84907008	125	5	5	TCTGCGCGCTCGCTCGCTCA
test	subjectA	sample2	chr8+131077635	125	5	5	TCTGCGCGCTCGCTCGCTCA
test	subjectA	sample2	chr14-54167291	125	5	5	TCTGCGCGCTCGCTCGCTCA
test	subjectA	sample2	chr8+90633746	125	5	5	TCTGCGCGCTCGCTCGCTCA
test	subjectA	sample2	chr16-894813	125	5	5	TCTGCGCGCTCGCTCGCTCA
test	subjectA	sample2	chr12+130403172	125	5	5	TCTGCGCGCTCGCTCGCTCA
test	subjectA	sample2	chr14-49279024	125	5	5	TCTGCGCGCTCGCTCGCTCA
test	subjectA	sample2	chr8-23817249	125	5	5	TCTGCGCGCTCGCTCGCTCA
test	subjectA	sample2	chr14-92543203	125	5	5	TCTGCGCGCTCGCTCGCTCA
test	subjectA	sample2	chr7+132516612	125	5	5	TCTGCGCGCTCGCTCGCTCA
test	subjectA	sample2	chr3+47430788	125	5	5	TCTGCGCGCTCGCTCGCTCA
test	subjectA	sample2	chr18+61783439	125	5	5	TCTGCGCGCTCGCTCGCTCA
test	subjectA	sample2	chr12-32612104	125	5	5	TCTGCGCGCTCGCTCGCTCA
test	subjectA	sample2	chr10+3444504	125	5	5	TCTGCGCGCTCGCTCGCTCA
test	subjectA	sample2	chr19+25587085	125	5	5	TCTGCGCGCTCGCTCGCTCA
test	subjectA	sample2	chr4-14655714	125	5	5	TCTGCGCGCTCGCTCGCTCA
test	subjectA	sample2	chr6-117650676	125	5	5	TCTGCGCGCTCGCTCGCTCA
test	subjectA	sample2	chr9-40114924	125	5	5	TCTGCGCGCTCGCTCGCTCA
test	subjectA	sample2	chr15-65714683	125	5	5	TCTGCGCGCTCGCTCGCTCA
test	subjectA	sample2	chr17+11273713	125	5	5	TCTGCGCGCTCGCTCGCTCA
test	subjectA	sample2	chr1+64140706	125	5	5	TCTGCGCGCTCGCTCGCTCA
test	subjectA	sample2	chrX+96191661	125	5	5	TCTGCGCGCTCGCTCGCTCA
test	subjectA	sample2	chr11+37773732	125	5	5	TCTGCGCGCTCGCTCGCTCA
test	subjectA	sample2	chr18+359231	125	5	5	TCTGCGCGCTCGCTCGCTCA
test	subjectA	sample2	chr4+15543224	125	5	5	TCTGCGCGCTCGCTCGCTCA
test	subjectA	sample2	chr15+76802699	125	5	5	TCTGCGCGCTCGCTCGCTCA
test	subjectA	sample2	chr18+49593813	125	5	5	TCTGCGCGCTCGCTCGCTCA
test	subjectA	sample2	chr10+14708748	125	5	5	TCTGCGCGCTCGCTCGCTCA
test	subjectA	sample2	chr5+132649555	125	5	5	TCTGCGCGCTCGCTCGCTCA
test	subjectA	sample2	chr12+112155107	125	5	5	TCTGCGCGCTCGCTCGCTCA
test	subjectA	sample2	chr8+65922847	125	5	5	TCTGCGCGCTCGCTCGCTCA
test	subjectA	sample2	chr12-66668907	125	5	5	TCTGCGCGCTCGCTCGCTCA
test	subjectA	sample2	chr2+136142419	125	5	5	TCTGCGCGCTCGCTCGCTCA
test	subjectA	sample2	chr18-18654674	125	5	5	TCTGCGCGCTCGCTCGCTCA
test	subjectA	sample2	chr9+105398827	125	5	5	TCTGCGCGCTCGCTCGCTCA
test	subjectA	sample2	chr17+68508318	125	5	5	TCTGCGCGCTCGCTCGCTCA
test	subjectA	sample2	chr16+64453921	125	5	5	TCTGCGCGCTCGCTCGCTCA
test	subjectA	sample2	chr1+189537337	125	5	5	TCTGCGCGCTCGCTCGCTCA
test	subjectA	sample2	chrX+19006582	125	5	5	TCTGCGCGCTCGCTCGCTCA
test	subjectA	sample2	chr6+27169958	125	5	5	TCTGCGCGCTCGCTCGCTCA
test	subjectA	sample2	chr1-201761825	125	5	5	TCTGCGCGCTCGCTCGCTCA
test	subjectA	sample2	chr15+19117551	125	5	5	TCTGCGCGCTCGCTCGCTCA
test	subjectA	sample2	chr22-14038669	125	5	5	TCTGCGCGCTCGCTCGCTCA
test	subjectA	sample2	chr15-31636671	125	5	5	TCTGCGCGCTCGCTCGCTCA
test	subjectA	sample2	chr5+151367045	125	5	5	TCTGCGCGCTCGCTCGCTCA
test	subjectA	sample2	chr12+118381485	125	5	5	TCTGCGCGCTCGCTCGCTCA
test	subjectA	sample2	chr15+80540799	125	5	5	TCTGCGCGCTCGCTCGCTCA
test	subjectA	sample2	chr2+81876159	125	5	5	TCTGCGCGCTCGCTCGCTCA
test	subjectA	sample2	chr20+6596484	125	5	5	TCTGCGCGCTCGCTCGCTCA
test	subjectA	sample2	chr11+22587527	125	5	5	TCTGCGCGCTCGCTCGCTCA
test	subjectA	sample2	chr3+165258857	125	5	5	TCTGCGCGCTCGCTCGCTCA
test	subjectA	sample2	chr11-100128249	125	5	5	TCTGCGCGCTCGCTCGCTCA
test	subjectA	sample2	chr12-87961404	125	5	5	TCTGCGCGCTCGCTCGCTCA
test	subjectA	sample2	chr16-53960268	125	5	5	TCTGCGCGCTCGCTCGCTCA
test	subjectA	sample2	chr7-94704743	125	5	5	TCTGCGCGCTCGCTCGCTCA
test	subjectA	sample2	chr19+29686970	125	5	5	TCTGCGCGCTCGCTCGCTCA
test	subjectA	sample2	chr15+70340957	125	5	5	TCTGCGCGCTCGCTCGCTCA
test	subjectA	sample2	chr5-77323862	125	5	5	TCTGCGCGCTCGCTCGCTCA
test	subjectA	sample2	chr15+52326390	125	5	5	TCTGCGCGCTCGCTCGCTCA
test	subjectA	sample2	chr20+10847777	125	5	5	TCTGCGCGCTCGCTCGCTCA
test	subjectA	sample2	chr22-22852648	125	5	5	TCTGCGCGCTCGCTCGCTCA
test	subjectA	sample2	chr1+3159521	125	5	5	TCTGCGCGCTCGCTCGCTCA
test	subjectA	sample2	chr20-49139816	125	5	5	TCTGCGCGCTCGCTCGCTCA
test	subjectA	sample2	chr19+7634111	125	5	5	TCTGCGCGCTCGCTCGCTCA
test	subjectA	sample2	chr5-150558709	125	5	5	TCTGCGCGCTCGCTCGCTCA
test	subjectA	sample2	chr6-130089756	125	5	5	TCTGCGCGCTCGCTCGCTCA
test	subjectA	sample2	chr2-185902820	125	5	5	TCTGCGCGCTCGCTCGCTCA
test	subjectA	sample2	chr7+9404149	125	5	5	TCTGCGCGCTCGCTCGCTCA
test	subjectA	sample2	chr11-83997038	125	5	5	TCTGCGCGCTCGCTCGCTCA
test	subjectA	sample2	chr8-16098458	125	5	5	TCTGCGCGCTCGCTCGCTCA
test	subjectA	sample2	chr21-36025305	125	5	5	TCTGCGCGCTCGCTCGCTCA
test	subjectA	sample2	chr6-4628765	125	5	5	TCTGCGCGCTCGCTCGCTCA
test	subjectA	sample2	chr11+58111800	125	5	5	TCTGCGCGCTCGCTCGCTCA
test	subjectA	sample2	chr7-135970161	125	5	5	TCTGCGCGCTCGCTCGCTCA
test	subjectA	sample2	chr17+54623276	125	5	5	TCTGCGCGCTCGCTCGCTCA
test	subjectA	sample2	chr1-79227453	125	5	5	TCTGCGCGCTCGCTCGCTCA
test	subjectA	sample2	chr18-75935104	125	5	5	TCTGCGCGCTCGCTCGCTCA
test	subjectA	sample2	chr7-6570787	125	5	5	TCTGCGCGCTCGCTCGCTCA
test	subjectA	sample2	chr16+64822304	125	5	5	TCTGCGCGCTCGCTCGCTCA
test	subjectA	sample2	chrX+142980508	125	5	5	TCTGCGCGCTCGCTCGCTCA
test	subjectA	sample2	chr11-70140521	125	5	5	TCTGCGCGCTCGCTCGCTCA
test	subjectA	sample2	chr19-9498697	125	5	5	TCTGCGCGCTCGCTCGCTCA
test	subjectA	sample2	chr18+37279300	125	5	5	TCTGCGCGCTCGCTCGCTCA
test	subjectA	sample2	chr2-78143948	125	5	5	TCTGCGCGCTCGCTCGCTCA
test	subjectA	sample2	chr18+46770431	125	5	5	TCTGCGCGCTCGCTCGCTCA
test	subjectA	sample2	chr20-29269400	125	5	5	TCTGCGCGCTCGCTCGCTCA
test	subjectA	sample2	chr15-28126619	125	5	5	TCTGCGCGCTCGCTCGCTCA
test	subjectA	sample2	chr11-97126447	125	5	5	TCTGCGCGCTCGCTCGCTCA
test	subjectA	sample2	chr8-63017201	125	5	5	TCTGCGCGCTCGCTCGCTCA
test	subjectA	sample2	chr18+25561421	125	5	5	TCTGCGCGCTCGCTCGCTCA
test	subjectA	sample2	chr8+125121398	125	5	5	TCTGCGCGCTCGCTCGCTCA
test	subjectA	sample2	chr17+56593136	125	5	5	TCTGCGCGCTCGCTCGCTCA
test	subjectA	sample2	chr5-19093048	125	5	5	TCTGCGCGCTCGCTCGCTCA
test	subjectA	sample2	chr7-159111427	125	5	5	TCTGCGCGCTCGCTCGCTCA
test	subjectA	sample2	chr13-46731801	125	5	5	TCTGCGCGCTCGCTCGCTCA
test	subjectA	sample2	chr19-25882314	125	5	5	TCTGCGCGCTCGCTCGCTCA
test	subjectA	sample2	chr11+92723149	125	5	5	TCTGCGCGCTCGCTCGCTCA
test	subjectA	sample2	chr21-30237441	125	5	5	TCTGCGCGCTCGCTCGCTCA
test	subjectA	sample2	chr6-94481419	125	5	5	TCTGCGCGCTCGCTCGCTCA
test	subjectA	sample2	chr11+28795508	125	5	5	TCTGCGCGCTCGCTCGCTCA
test	subjectA	sample2	chr9-64790326	125	5	5	TCTGCGCGCTCGCTCGCTCA
test	subjectA	sample2	chr21-18567672	125	5	5	TCTGCGCGCTCGCTCGCTCA
test	subjectA	sample2	chr12+75494008	125	5	5	TCTGCGCGCTCGCTCGCTCA
test	subjectA	sample2	chr12-18587457	125	5	5	TCTGCGCGCTCGCTCGCTCA
test	subjectA	sample2	chr5+73422295	125	5	5	TCTGCGCGCTCGCTCGCTCA
test	subjectA	sample2	chr13+100254093	125	5	5	TCTGCGCGCTCGCTCGCTCA
test	subjectA	sample2	chr6+112337883	125	5	5	TCTGCGCGCTCGCTCGCTCA
test	subjectA	sample2	chr20-32636601	125	5	5	TCTGCGCGCTCGCTCGCTCA
test	subjectA	sample2	chr9+14245285	125	5	5	TCTGCGCGCTCGCTCGCTCA
test	subjectA	sample2	chr2+231093762	125	5	5	TCTGCGCGCTCGCTCGCTCA
test	subjectA	sample2	chr19-41300862	125	5	5	TCTGCGCGCTCGCTCGCTCA
test	subjectA	sample2	chr2-117903743	125	5	5	TCTGCGCGCTCGCTCGCTCA
test	subjectA	sample2	chr17-71284192	125	5	5	TCTGCGCGCTCGCTCGCTCA
test	subjectA	sample2	chr20-13643473	125	5	5	TCTGCGCGCTCGCTCGCTCA
test	subjectA	sample2	chr22-50248734	125	5	5	TCTGCGCGCTCGCTCGCTCA
test	subjectA	sample2	chrX+105941485	125	5	5	TCTGCGCGCTCGCTCGCTCA
test	subjectA	sample2	chr6+51921719	125	5	5	TCTGCGCGCTCGCTCGCTCA
test	subjectA	sample2	chr7+23104714	125	5	5	TCTGCGCGCTCGCTCGCTCA
test	subjectA	sample2	chr9-137052444	125	5	5	TCTGCGCGCTCGCTCGCTCA
test	subjectA	sample2	chr12+55601527	125	5	5	TCTGCGCGCTCGCTCGCTCA
test	subjectA	sample2	chr13+36382757	125	5	5	TCTGCGCGCTCGCTCGCTCA
test	subjectA	sample2	chr13+101601606	125	5	5	TCTGCGCGCTCGCTCGCTCA
test	subjectA	sample2	chr22-17723028	125	5	5	TCTGCGCGCTCGCTCGCTCA
test	subjectA	sample2	chr13-61792947	125	5	5	TCTGCGCGCTCGCTCGCTCA
test	subjectA	sample2	chr5+175317499	125	5	5	TCTGCGCGCTCGCTCGCTCA
test	subjectA	sample2	chr3+95661492	125	5	5	TCTGCGCGCTCGCTCGCTCA
test	subjectA	sample2	chr9-6406105	125	5	5	TCTGCGCGCTCGCTCGCTCA
test	subjectA	sample2	chr6-118743232	125	5	5	TCTGCGCGCTCGCTCGCTCA
test	subjectA	sample2	chr10-55453405	125	5	5	TCTGCGCGCTCGCTCGCTCA
test	subjectA	sample2	chr2+232172563	125	5	5	TCTGCGCGCTCGCTCGCTCA
test	subjectA	sample2	chr20-42286013	125	5	5	TCTGCGCGCTCGCTCGCTCA
test	subjectA	sample2	chr18+17160793	125	5	5	TCTGCGCGCTCGCTCGCTCA
test	subjectA	sample2	chr22+46673199	125	5	5	TCTGCGCGCTCGCTCGCTCA
test	subjectA	sample2	chr18+62313259	125	5	5	TCTGCGCGCTCGCTCGCTCA
test	subjectA	sample2	chr9-126064161	125	5	5	TCTGCGCGCTCGCTCGCTCA
test	subjectA	sample2	chr2+61829490	125	5	5	TCTGCGCGCTCGCTCGCTCA
test	subjectA	sample2	chr3-184021883	125	5	5	TCTGCGCGCTCGCTCGCTCA
test	subjectA	sample2	chr19-34475900	125	5	5	TCTGCGCGCTCGCTCGCTCA
test	subjectA	sample2	chr19-16494422	125	5	5	TCTGCGCGCTCGCTCGCTCA
test	subjectA	sample2	chr3+60059410	125	5	5	TCTGCGCGCTCGCTCGCTCA
test	subjectA	sample2	chr13-109327806	125	5	5	TCTGCGCGCTCGCTCGCTCA
test	subjectA	sample2	chr1+104947858	125	5	5	TCTGCGCGCTCGCTCGCTCA
test	subjectA	sample2	chr9+129439501	125	5	5	TCTGCGCGCTCGCTCGCTCA
test	subjectA	sample2	chr22-31471955	125	5	5	TCTGCGCGCTCGCTCGCTCA
test	subjectA	sample2	chr12-62428518	125	5	5	TCTGCGCGCTCGCTCGCTCA
test	subjectA	sample2	chr14+94421371	125	5	5	TCTGCGCGCTCGCTCGCTCA
test	subjectA	sample2	chr8-97169714	125	5	5	TCTGCGCGCTCGCTCGCTCA
test	subjectA	sample2	chr19-40048395	125	5	5	TCTGCGCGCTCGCTCGCTCA
test	subjectA	sample2	chrX-79957188	125	5	5	TCTGCGCGCTCGCTCGCTCA
test	subjectA	sample2	chr10-111856993	125	5	5	TCTGCGCGCTCGCTCGCTCA
test	subjectA	sample2	chr4+152107168	125	5	5	TCTGCGCGCTCGCTCGCTCA
test	subjectA	sample2	chr3+71932053	125	5	5	TCTGCGCGCTCGCTCGCTCA
test	subjectA	sample2	chr15+66215507	125	5	5	TCTGCGCGCTCGCTCGCTCA
test	subjectA	sample2	chr5-84598341	125	5	5	TCTGCGCGCTCGCTCGCTCA
test	subjectA	sample2	chr21-46302712	125	5	5	TCTGCGCGCTCGCTCGCTCA
test	subjectA	sample2	chr5-132356975	125	5	5	TCTGCGCGCTCGCTCGCTCA
test	subjectA	sample2	chr9-30705618	125	5	5	TCTGCGCGCTCGCTCGCTCA
test	subjectA	sample2	chr12-12392866	125	5	5	TCTGCGCGCTCGCTCGCTCA
test	subjectA	sample2	chr21+23076362	125	5	5	TCTGCGCGCTCGCTCGCTCA
test	subjectA	sample2	chr8+24923329	125	5	5	TCTGCGCGCTCGCTCGCTCA
test	subjectA	sample2	chr8-97914067	125	5	5	TCTGCGCGCTCGCTCGCTCA
test	subjectA	sample2	chr3-72574265	125	5	5	TCTGCGCGCTCGCTCGCTCA
test	subjectA	sample2	chr22+38102069	125	5	5	TCTGCGCGCTCGCTCGCTCA
test	subjectA	sample2	chr8-52885997	125	5	5	TCTGCGCGCTCGCTCGCTCA
test	subjectA	sample2	chr7+142715384	125	5	5	TCTGCGCGCTCGCTCGCTCA
test	subjectA	sample2	chr10-115260344	125	5	5	TCTGCGCGCTCGCTCGCTCA
test	subjectA	sample2	chr7-46601732	125	5	5	TCTGCGCGCTCGCTCGCTCA
test	subjectA	sample2	chr3-170150909	125	5	5	TCTGCGCGCTCGCTCGCTCA
test	subjectA	sample2	chr6+56378887	125	5	5	TCTGCGCGCTCGCTCGCTCA
test	subjectA	sample2	chr8+47877183	125	5	5	TCTGCGCGCTCGCTCGCTCA
test	subjectA	sample2	chr12+16734709	125	5	5	TCTGCGCGCTCGCTCGCTCA
test	subjectA	sample2	chr14+35215393	125	5	5	TCTGCGCGCTCGCTCGCTCA
test	subjectA	sample2	chr13+100736052	125	5	5	TCTGCGCGCTCGCTCGCTCA
test	subjectA	sample2	chr7+125119452	125	5	5	TCTGCGCGCTCGCTCGCTCA
test	subjectA	sample2	chr16+17780990	125	5	5	TCTGCGCGCTCGCTCGCTCA
test	subjectA	sample2	chr15+80572848	125	5	5	TCTGCGCGCTCGCTCGCTCA
test	subjectA	sample2	chr8+63807928	125	5	5	TCTGCGCGCTCGCTCGCTCA
test	subjectA	sample2	chr13-71038966	125	5	5	TCTGCGCGCTCGCTCGCTCA
test	subjectA	sample2	chr3-153738445	125	5	5	TCTGCGCGCTCGCTCGCTCA
test	subjectA	sample2	chr12-22982863	125	5	5	TCTGCGCGCTCGCTCGCTCA
test	subjectA	sample2	chr10-54041909	125	5	5	TCTGCGCGCTCGCTCGCTCA
test	subjectA	sample2	chr11-130329009	125	5	5	TCTGCGCGCTCGCTCGCTCA
test	subjectA	sample2	chr19-50499375	125	5	5	TCTGCGCGCTCGCTCGCTCA
test	subjectA	sample2	chr16+12219876	125	5	5	TCTGCGCGCTCGCTCGCTCA
test	subjectA	sample2	chr9-130875742	125	5	5	TCTGCGCGCTCGCTCGCTCA
test	subjectA	sample2	chrX+71607958	125	5	5	TCTGCGCGCTCGCTCGCTCA
test	subjectA	sample2	chr8+109660940	125	5	5	TCTGCGCGCTCGCTCGCTCA
test	subjectA	sample2	chr10-62622990	125	5	5	TCTGCGCGCTCGCTCGCTCA
test	subjectA	sample2	chr18-29477350	125	5	5	TCTGCGCGCTCGCTCGCTCA
test	subjectA	sample2	chr8-78100089	125	5	5	TCTGCGCGCTCGCTCGCTCA
test	subjectA	sample2	chr4+28235499	125	5	5	TCTGCGCGCTCGCTCGCTCA
test	subjectA	sample2	chr13-47373368	125	5	5	TCTGCGCGCTCGCTCGCTCA
test	subjectA	sample2	chr7+131500642	125	5	5	TCTGCGCGCTCGCTCGCTCA
test	subjectA	sample2	chr8-53412286	125	5	5	TCTGCGCGCTCGCTCGCTCA
test	subjectA	sample2	chr19-19634683	125	5	5	TCTGCGCGCTCGCTCGCTCA
test	subjectA	sample2	chr8-136653428	125	5	5	TCTGCGCGCTCGCTCGCTCA
test	subjectA	sample2	chr1+45050447	125	5	5	TCTGCGCGCTCGCTCGCTCA
test	subjectA	sample2	chr4+122066071	125	5	5	TCTGCGCGCTCGCTCGCTCA
test	subjectA	sample2	chrX-139816174	125	5	5	TCTGCGCGCTCGCTCGCTCA
test	subjectA	sample2	chr15+47483228	125	5	5	TCTGCGCGCTCGCTCGCTCA
test	subjectA	sample2	chr16+75936379	125	5	5	TCTGCGCGCTCGCTCGCTCA
test	subjectA	sample2	chr12-46898762	125	5	5	TCTGCGCGCTCGCTCGCTCA
test	subjectA	sample2	chr10-82153097	125	5	5	TCTGCGCGCTCGCTCGCTCA
test	subjectA	sample2	chr15-53929816	125	5	5	TCTGCGCGCTCGCTCGCTCA
test	subjectA	sample2	chr5+64754398	125	5	5	TCTGCGCGCTCGCTCGCTCA
test	subjectA	sample2	chr1+156918114	125	5	5	TCTGCGCGCTCGCTCGCTCA
test	subjectA	sample2	chr16+61319277	125	5	5	TCTGCGCGCTCGCTCGCTCA
test	subjectA	sample2	chr7-158601136	125	5	5	TCTGCGCGCTCGCTCGCTCA
test	subjectA	sample2	chr14+87312653	125	5	5	TCTGCGCGCTCGCTCGCTCA
test	subjectA	sample2	chr14+87921594	125	5	5	TCTGCGCGCTCGCTCGCTCA
test	subjectA	sample2	chr6+157298462	125	5	5	TCTGCGCGCTCGCTCGCTCA
test	subjectA	sample2	chrX-118997291	125	5	5	TCTGCGCGCTCGCTCGCTCA
test	subjectA	sample2	chr7-9384471	125	5	5	TCTGCGCGCTCGCTCGCTCA
test	subjectA	sample2	chr2-209450406	125	5	5	TCTGCGCGCTCGCTCGCTCA
test	subjectA	sample2	chr13+59812789	125	5	5	TCTGCGCGCTCGCTCGCTCA
test	subjectA	sample2	chr10-22433822	125	5	5	TCTGCGCGCTCGCTCGCTCA
test	subjectA	sample2	chr15+81947792	125	5	5	TCTGCGCGCTCGCTCGCTCA
test	subjectA	sample2	chr1+106239267	125	5	5	TCTGCGCGCTCGCTCGCTCA
test	subjectA	sample2	chr7-20870646	125	5	5	TCTGCGCGCTCGCTCGCTCA
test	subjectA	sample2	chr12+106603574	125	5	5	TCTGCGCGCTCGCTCGCTCA
test	subjectA	sample2	chr3+44801333	125	5	5	TCTGCGCGCTCGCTCGCTCA
test	subjectA	sample2	chr14-50612483	125	5	5	TCTGCGCGCTCGCTCGCTCA
test	subjectA	sample2	chr22+34969808	125	5	5	TCTGCGCGCTCGCTCGCTCA
test	subjectA	sample2	chr9-133067692	125	5	5	TCTGCGCGCTCGCTCGCTCA
test	subjectA	sample2	chr1+77992518	125	5	5	TCTGCGCGCTCGCTCGCTCA
test	subjectA	sample2	chr6+113968310	125	5	5	TCTGCGCGCTCGCTCGCTCA
test	subjectA	sample2	chr21-32249813	125	5	5	TCTGCGCGCTCGCTCGCTCA
test	subjectA	sample2	chr22-25485209	125	5	5	TCTGCGCGCTCGCTCGCTCA
test	subjectA	sample2	chr12+84462002	125	5	5	TCTGCGCGCTCGCTCGCTCA
test	subjectA	sample2	chr6+79179124	125	5	5	TCTGCGCGCTCGCTCGCTCA
test	subjectA	sample2	chr10-37384788	125	5	5	TCTGCGCGCTCGCTCGCTCA
test	subjectA	sample2	chr14+82972656	125	5	5	TCTGCGCGCTCGCTCGCTCA
test	subjectA	sample2	chr6+65482011	125	5	5	TCTGCGCGCTCGCTCGCTCA
test	subjectA	sample2	chr15+34528853	125	5	5	TCTGCGCGCTCGCTCGCTCA
test	subjectA	sample2	chr12+20785037	125	5	5	TCTGCGCGCTCGCTCGCTCA
test	subjectA	sample2	chr15-69272574	125	5	5	TCTGCGCGCTCGCTCGCTCA
test	subjectA	sample2	chr15-53281253	125	5	5	TCTGCGCGCTCGCTCGCTCA
test	subjectA	sample2	chr9-27542919	125	5	5	TCTGCGCGCTCGCTCGCTCA
test	subjectA	sample2	chr20-4462434	125	5	5	TCTGCGCGCTCGCTCGCTCA
test	subjectA	sample2	chr11+49053964	125	5	5	TCTGCGCGCTCGCTCGCTCA
test	subjectA	sample2	chr20+49753549	125	5	5	TCTGCGCGCTCGCTCGCTCA
test	subjectA	sample2	chr5-15839536	125	5	5	TCTGCGCGCTCGCTCGCTCA
test	subjectA	sample2	chr13-27602348	125	5	5	TCTGCGCGCTCGCTCGCTCA
test	subjectA	sample2	chr18-10777620	125	5	5	TCTGCGCGCTCGCTCGCTCA
test	subjectA	sample2	chr5-116471525	125	5	5	TCTGCGCGCTCGCTCGCTCA
test	subjectA	sample2	chr1+243055883	125	5	5	TCTGCGCGCTCGCTCGCTCA
test	subjectA	sample2	chr6+22481302	125	5	5	TCTGCGCGCTCGCTCGCTCA
test	subjectA	sample2	chr19-33018252	125	5	5	TCTGCGCGCTCGCTCGCTCA
test	subjectA	sample2	chr22+38103535	125	5	5	TCTGCGCGCTCGCTCGCTCA
test	subjectA	sample2	chr8+96207600	125	5	5	TCTGCGCGCTCGCTCGCTCA
test	subjectA	sample2	chr3+30416692	125	5	5	TCTGCGCGCTCGCTCGCTCA
test	subjectA	sample2	chr19-16140832	125	5	5	TCTGCGCGCTCGCTCGCTCA
test	subjectA	sample2	chr13-42036714	125	5	5	TCTGCGCGCTCGCTCGCTCA
test	subjectA	sample2	chr19-55313773	125	5	5	TCTGCGCGCTCGCTCGCTCA
test	subjectA	sample2	chr8-13896640	125	5	5	TCTGCGCGCTCGCTCGCTCA
test	subjectA	sample2	chr7-152791109	125	5	5	TCTGCGCGCTCGCTCGCTCA
test	subjectA	sample2	chr13+23973626	125	5	5	TCTGCGCGCTCGCTCGCTCA
test	subjectA	sample2	chr4+6674362	125	5	5	TCTGCGCGCTCGCTCGCTCA
test	subjectA	sample2	chr20+4221661	125	5	5	TCTGCGCGCTCGCTCGCTCA
test	subjectA	sample2	chr14-54250271	125	5	5	TCTGCGCGCTCGCTCGCTCA
test	subjectA	sample2	chr18-45437267	125	5	5	TCTGCGCGCTCGCTCGCTCA
test	subjectA	sample2	chr8+71243635	125	5	5	TCTGCGCGCTCGCTCGCTCA
test	subjectA	sample2	chr13+95295756	125	5	5	TCTGCGCGCTCGCTCGCTCA
test	subjectA	sample2	chr17-33241067	125	5	5	TCTGCGCGCTCGCTCGCTCA
test	subjectA	sample2	chr14+57968465	125	5	5	TCTGCGCGCTCGCTCGCTCA
test	subjectA	sample2	chr14+38714889	125	5	5	TCTGCGCGCTCGCTCGCTCA
test	subjectA	sample2	chr11+32778766	125	5	5	TCTGCGCGCTCGCTCGCTCA
test	subjectA	sample2	chr17+70924556	125	5	5	TCTGCGCGCTCGCTCGCTCA
test	subjectA	sample2	chr4+34394453	125	5	5	TCTGCGCGCTCGCTCGCTCA
test	subjectA	sample2	chr13-74437784	125	5	5	TCTGCGCGCTCGCTCGCTCA
test	subjectA	sample2	chr16+25312165	125	5	5	TCTGCGCGCTCGCTCGCTCA
test	subjectA	sample2	chr18+33774932	125	5	5	TCTGCGCGCTCGCTCGCTCA
test	subjectA	sample2	chr19+48746572	125	5	5	TCTGCGCGCTCGCTCGCTCA
test	subjectA	sample2	chr19+53165245	125	5	5	TCTGCGCGCTCGCTCGCTCA
test	subjectA	sample2	chr3+168003463	125	5	5	TCTGCGCGCTCGCTCGCTCA
test	subjectA	sample2	chr5-53809151	125	5	5	TCTGCGCGCTCGCTCGCTCA
test	subjectA	sample2	chr3-179193718	125	5	5	TCTGCGCGCTCGCTCGCTCA
test	subjectA	sample2	chr19-41753691	125	5	5	TCTGCGCGCTCGCTCGCTCA
test	subjectA	sample2	chr1-238117711	125	5	5	TCTGCGCGCTCGCTCGCTCA
test	subjectA	sample2	chrX+66080935	125	5	5	TCTGCGCGCTCGCTCGCTCA
test	subjectA	sample2	chr3-12024189	125	5	5	TCTGCGCGCTCGCTCGCTCA
test	subjectA	sample2	chr11-25242923	125	5	5	TCTGCGCGCTCGCTCGCTCA
test	subjectA	sample2	chr9-111497946	125	5	5	TCTGCGCGCTCGCTCGCTCA
test	subjectA	sample2	chr5+142220998	125	5	5	TCTGCGCGCTCGCTCGCTCA
test	subjectA	sample2	chr11-132737349	125	5	5	TCTGCGCGCTCGCTCGCTCA
test	subjectA	sample2	chr5+123533636	125	5	5	TCTGCGCGCTCGCTCGCTCA
test	subjectA	sample2	chr18-8934283	125	5	5	TCTGCGCGCTCGCTCGCTCA
test	subjectA	sample2	chr13+57842050	125	5	5	TCTGCGCGCTCGCTCGCTCA
test	subjectA	sample2	chr11-6927555	125	5	5	TCTGCGCGCTCGCTCGCTCA
test	subjectA	sample2	chr1-52207091	125	5	5	TCTGCGCGCTCGCTCGCTCA
test	subjectA	sample2	chr4+46303607	125	5	5	TCTGCGCGCTCGCTCGCTCA
test	subjectA	sample2	chr14-56626846	125	5	5	TCTGCGCGCTCGCTCGCTCA
test	subjectA	sample2	chr9+132771555	125	5	5	TCTGCGCGCTCGCTCGCTCA
test	subjectA	sample2	chr4-56075454	125	5	5	TCTGCGCGCTCGCTCGCTCA
test	subjectA	sample2	chr7-91134960	125	5	5	TCTGCGCGCTCGCTCGCTCA
test	subjectA	sample2	chr13+107077518	125	5	5	TCTGCGCGCTCGCTCGCTCA
test	subjectA	sample2	chrX+19791119	125	5	5	TCTGCGCGCTCGCTCGCTCA
test	subjectA	sample2	chr16+30840525	125	5	5	TCTGCGCGCTCGCTCGCTCA
test	subjectA	sample2	chr5+36290824	125	5	5	TCTGCGCGCTCGCTCGCTCA
test	subjectA	sample2	chrX-63173876	125	5	5	TCTGCGCGCTCGCTCGCTCA
test	subjectA	sample2	chr14+47465351	125	5	5	TCTGCGCGCTCGCTCGCTCA
test	subjectA	sample2	chr1+34704319	125	5	5	TCTGCGCGCTCGCTCGCTCA
test	subjectA	sample2	chr8-127167316	125	5	5	TCTGCGCGCTCGCTCGCTCA
test	subjectA	sample2	chr14-32198604	125	5	5	TCTGCGCGCTCGCTCGCTCA
test	subjectA	sample2	chr15+21144511	125	5	5	TCTGCGCGCTCGCTCGCTCA
test	subjectA	sample2	chr13+17556850	125	5	5	TCTGCGCGCTCGCTCGCTCA
test	subjectA	sample2	chr3+12946299	125	5	5	TCTGCGCGCTCGCTCGCTCA
test	subjectA	sample2	chr11-9795575	125	5	5	TCTGCGCGCTCGCTCGCTCA
test	subjectA	sample2	chr1+46092277	125	5	5	TCTGCGCGCTCGCTCGCTCA
test	subjectA	sample2	chr4+64069874	125	5	5	TCTGCGCGCTCGCTCGCTCA
test	subjectA	sample2	chr12+129969725	125	5	5	TCTGCGCGCTCGCTCGCTCA
test	subjectA	sample2	chr21-14965722	125	5	5	TCTGCGCGCTCGCTCGCTCA
test	subjectA	sample2	chr17-68892803	125	5	5	TCTGCGCGCTCGCTCGCTCA
test	subjectA	sample2	chr2+162557906	125	5	5	TCTGCGCGCTCGCTCGCTCA
test	subjectA	sample2	chr5+18085040	125	5	5	TCTGCGCGCTCGCTCGCTCA
test	subjectA	sample2	chr3-41742710	125	5	5	TCTGCGCGCTCGCTCGCTCA
test	subjectA	sample2	chr11+131419163	125	5	5	TCTGCGCGCTCGCTCGCTCA
test	subjectA	sample2	chr14+73874613	125	5	5	TCTGCGCGCTCGCTCGCTCA
test	subjectA	sample2	chr17+47423818	125	5	5	TCTGCGCGCTCGCTCGCTCA
test	subjectA	sample2	chr10+24851350	125	5	5	TCTGCGCGCTCGCTCGCTCA
test	subjectA	sample2	chr12-48915201	125	5	5	TCTGCGCGCTCGCTCGCTCA
test	subjectA	sample2	chr18-30743226	125	5	5	TCTGCGCGCTCGCTCGCTCA
test	subjectA	sample2	chr5-144436366	125	5	5	TCTGCGCGCTCGCTCGCTCA
test	subjectA	sample2	chr18+10372523	125	5	5	TCTGCGCGCTCGCTCGCTCA
test	subjectA	sample2	chr17+59985866	125	5	5	TCTGCGCGCTCGCTCGCTCA
test	subjectA	sample2	chr8+21472945	125	5	5	TCTGCGCGCTCGCTCGCTCA
test	subjectA	sample2	chr1+145795552	125	5	5	TCTGCGCGCTCGCTCGCTCA
test	subjectA	sample2	chr7-118199384	125	5	5	TCTGCGCGCTCGCTCGCTCA
test	subjectA	sample2	chr19+20354560	125	5	5	TCTGCGCGCTCGCTCGCTCA
test	subjectA	sample2	chr7+32062460	125	5	5	TCTGCGCGCTCGCTCGCTCA
test	subjectA	sample2	chr21+42417240	125	5	5	TCTGCGCGCTCGCTCGCTCA
test	subjectA	sample2	chr15-17977906	125	5	5	TCTGCGCGCTCGCTCGCTCA
test	subjectA	sample2	chr17-43416925	125	5	5	TCTGCGCGCTCGCTCGCTCA
test	subjectA	sample2	chr5+40555091	125	5	5	TCTGCGCGCTCGCTCGCTCA
test	subjectA	sample2	chrX-31118386	125	5	5	TCTGCGCGCTCGCTCGCTCA
test	subjectA	sample2	chr17-47866747	125	5	5	TCTGCGCGCTCGCTCGCTCA
test	subjectA	sample2	chr9-33950304	125	5	5	TCTGCGCGCTCGCTCGCTCA
test	subjectA	sample2	chr9-125004504	125	5	5	TCTGCGCGCTCGCTCGCTCA
test	subjectA	sample2	chr11+38136635	125	5	5	TCTGCGCGCTCGCTCGCTCA
test	subjectA	sample2	chr15+43428124	125	5	5	TCTGCGCGCTCGCTCGCTCA
test	subjectA	sample2	chr15+26761797	125	5	5	TCTGCGCGCTCGCTCGCTCA
test	subjectA	sample2	chr3-112677952	125	5	5	TCTGCGCGCTCGCTCGCTCA
test	subjectA	sample2	chr5+91433695	125	5	5	TCTGCGCGCTCGCTCGCTCA
test	subjectA	sample2	chr2-189668868	125	5	5	TCTGCGCGCTCGCTCGCTCA
test	subjectA	sample2	chr10+78438000	125	5	5	TCTGCGCGCTCGCTCGCTCA
test	subjectA	sample2	chr16-47235931	125	5	5	TCTGCGCGCTCGCTCGCTCA
test	subjectA	sample2	chr4-84680164	125	5	5	TCTGCGCGCTCGCTCGCTCA
test	subjectA	sample2	chr4+6360940	125	5	5	TCTGCGCGCTCGCTCGCTCA
test	subjectA	sample2	chr21+31648507	125	5	5	TCTGCGCGCTCGCTCGCTCA
test	subjectA	sample2	chr20-48943490	125	5	5	TCTGCGCGCTCGCTCGCTCA
test	subjectA	sample2	chr2-186406241	125	5	5	TCTGCGCGCTCGCTCGCTCA
test	subjectA	sample2	chr12+54469972	125	5	5	TCTGCGCGCTCGCTCGCTCA
test	subjectA	sample2	chr1-226519185	125	5	5	TCTGCGCGCTCGCTCGCTCA
test	subjectA	sample2	chr14+80128090	125	5	5	TCTGCGCGCTCGCTCGCTCA
test	subjectA	sample2	chr16+48801629	125	5	5	TCTGCGCGCTCGCTCGCTCA
test	subjectA	sample2	chr5-154745725	125	5	5	TCTGCGCGCTCGCTCGCTCA
test	subjectA	sample2	chr22-14344553	125	5	5	TCTGCGCGCTCGCTCGCTCA
test	subjectA	sample2	chr18-47551124	125	5	5	TCTGCGCGCTCGCTCGCTCA
test	subjectA	sample2	chr21-24022420	125	5	5	TCTGCGCGCTCGCTCGCTCA
test	subjectA	sample2	chr21-21535377	125	5	5	TCTGCGCGCTCGCTCGCTCA
test	subjectA	sample2	chr11-108633973	125	5	5	TCTGCGCGCTCGCTCGCTCA
test	subjectA	sample2	chr14+99479627	125	5	5	TCTGCGCGCTCGCTCGCTCA
test	subjectA	sample2	chr4-62585097	125	5	5	TCTGCGCGCTCGCTCGCTCA
test	subjectA	sample2	chr15+94515380	125	5	5	TCTGCGCGCTCGCTCGCTCA
test	subjectA	sample2	chr8-79989687	125	5	5	TCTGCGCGCTCGCTCGCTCA
test	subjectA	sample2	chr19-28062014	125	5	5	TCTGCGCGCTCGCTCGCTCA
test	subjectA	sample2	chr18+36427090	125	5	5	TCTGCGCGCTCGCTCGCTCA
test	subjectA	sample2	chr12+64694384	125	5	5	TCTGCGCGCTCGCTCGCTCA
test	subjectA	sample2	chr2-96356495	125	5	5	TCTGCGCGCTCGCTCGCTCA
test	subjectA	sample2	chr12+118467684	125	5	5	TCTGCGCGCTCGCTCGCTCA
test	subjectA	sample2	chr1-44754178	125	5	5	TCTGCGCGCTCGCTCGCTCA
test	subjectA	sample2	chr2-73391470	125	5	5	TCTGCGCGCTCGCTCGCTCA
test	subjectA	sample2	chr5+43633713	125	5	5	TCTGCGCGCTCGCTCGCTCA
test	subjectA	sample2	chr7-77354582	125	5	5	TCTGCGCGCTCGCTCGCTCA
test	subjectA	sample2	chr2-27701254	125	5	5	TCTGCGCGCTCGCTCGCTCA
test	subjectA	sample2	chr4-105981078	125	5	5	TCTGCGCGCTCGCTCGCTCA
test	subjectA	sample2	chr17-21856990	125	5	5	TCTGCGCGCTCGCTCGCTCA
test	subjectA	sample2	chr3+162748743	125	5	5	TCTGCGCGCTCGCTCGCTCA
test	subjectA	sample2	chr4-12726267	125	5	5	TCTGCGCGCTCGCTCGCTCA
test	subjectA	sample2	chr18-79614303	125	5	5	TCTGCGCGCTCGCTCGCTCA
test	subjectA	sample2	chr11+81873178	125	5	5	TCTGCGCGCTCGCTCGCTCA
test	subjectA	sample2	chr20-18497487	125	5	5	TCTGCGCGCTCGCTCGCTCA
test	subjectA	sample2	chr6+127505957	125	5	5	TCTGCGCGCTCGCTCGCTCA
test	subjectA	sample2	chr18-76445593	125	5	5	TCTGCGCGCTCGCTCGCTCA
test	subjectA	sample2	chr7-60783198	125	5	5	TCTGCGCGCTCGCTCGCTCA
test	subjectA	sample2	chr21-45618798	125	5	5	TCTGCGCGCTCGCTCGCTCA
test	subjectA	sample2	chr15+32415095	125	5	5	TCTGCGCGCTCGCTCGCTCA
test	subjectA	sample2	chr16+9194171	125	5	5	TCTGCGCGCTCGCTCGCTCA
test	subjectA	sample2	chr2+43706221	125	5	5	TCTGCGCGCTCGCTCGCTCA
test	subjectA	sample2	chr12+2308090	125	5	5	TCTGCGCGCTCGCTCGCTCA
test	subjectA	sample2	chr10+48965191	125	5	5	TCTGCGCGCTCGCTCGCTCA
test	subjectA	sample2	chr16+32065792	125	5	5	TCTGCGCGCTCGCTCGCTCA
test	subjectA	sample2	chr11+97841957	125	5	5	TCTGCGCGCTCGCTCGCTCA
test	subjectA	sample2	chr15+93555411	125	5	5	TCTGCGCGCTCGCTCGCTCA
test	subjectA	sample2	chr18-72232284	125	5	5	TCTGCGCGCTCGCTCGCTCA
test	subjectA	sample2	chr5-142752735	125	5	5	TCTGCGCGCTCGCTCGCTCA
test	subjectA	sample2	chr12-88745243	125	5	5	TCTGCGCGCTCGCTCGCTCA
test	subjectA	sample2	chrX-69173339	125	5	5	TCTGCGCGCTCGCTCGCTCA
test	subjectA	sample2	chr2-146036689	125	5	5	TCTGCGCGCTCGCTCGCTCA
test	subjectA	sample2	chrX+20521218	125	5	5	TCTGCGCGCTCGCTCGCTCA
test	subjectA	sample2	chr10-78647091	125	5	5	TCTGCGCGCTCGCTCGCTCA
test	subjectA	sample2	chr17-5113612	125	5	5	TCTGCGCGCTCGCTCGCTCA
test	subjectA	sample2	chr22-16780326	125	5	5	TCTGCGCGCTCGCTCGCTCA
test	subjectA	sample2	chr12+11657134	125	5	5	TCTGCGCGCTCGCTCGCTCA
test	subjectA	sample2	chr19-20889757	125	5	5	TCTGCGCGCTCGCTCGCTCA
test	subjectA	sample2	chr22-28843410	125	5	5	TCTGCGCGCTCGCTCGCTCA
test	subjectA	sample2	chr3+117267461	125	5	5	TCTGCGCGCTCGCTCGCTCA
test	subjectA	sample2	chr2+236206577	125	5	5	TCTGCGCGCTCGCTCGCTCA
test	subjectA	sample2	chr20-55877470	125	5	5	TCTGCGCGCTCGCTCGCTCA
test	subjectA	sample2	chr20+61936530	125	5	5	TCTGCGCGCTCGCTCGCTCA
test	subjectA	sample2	chr1+144137777	125	5	5	TCTGCGCGCTCGCTCGCTCA
test	subjectA	sample2	chr11-57867329	125	5	5	TCTGCGCGCTCGCTCGCTCA
test	subjectA	sample2	chrX-133278170	125	5	5	TCTGCGCGCTCGCTCGCTCA
test	subjectA	sample2	chr13+54388237	125	5	5	TCTGCGCGCTCGCTCGCTCA
test	subjectA	sample2	chr21-19053837	125	5	5	TCTGCGCGCTCGCTCGCTCA
test	subjectA	sample2	chr4-126359571	125	5	5	TCTGCGCGCTCGCTCGCTCA
test	subjectA	sample2	chr2-136905882	125	5	5	TCTGCGCGCTCGCTCGCTCA
test	subjectA	sample2	chr12-88891871	125	5	5	TCTGCGCGCTCGCTCGCTCA
test	subjectA	sample2	chr7-25983266	125	5	5	TCTGCGCGCTCGCTCGCTCA
test	subjectA	sample2	chr8+112962080	125	5	5	TCTGCGCGCTCGCTCGCTCA
test	subjectA	sample2	chr12-6100718	125	5	5	TCTGCGCGCTCGCTCGCTCA
test	subjectA	sample2	chr5-175982036	125	5	5	TCTGCGCGCTCGCTCGCTCA
test	subjectA	sample2	chr10+14617212	125	5	5	TCTGCGCGCTCGCTCGCTCA
test	subjectA	sample2	chr22-13139397	125	5	5	TCTGCGCGCTCGCTCGCTCA
test	subjectA	sample2	chr3+125127649	125	5	5	TCTGCGCGCTCGCTCGCTCA
test	subjectA	sample2	chr16-16247676	125	5	5	TCTGCGCGCTCGCTCGCTCA
test	subjectA	sample2	chr14+72699265	125	5	5	TCTGCGCGCTCGCTCGCTCA
test	subjectA	sample2	chr17+35449863	125	5	5	TCTGCGCGCTCGCTCGCTCA
test	subjectA	sample2	chr9-29896468	125	5	5	TCTGCGCGCTCGCTCGCTCA
test	subjectA	sample2	chr18-24259932	125	5	5	TCTGCGCGCTCGCTCGCTCA
test	subjectA	sample2	chr19-30234641	125	5	5	TCTGCGCGCTCGCTCGCTCA
test	subjectA	sample2	chr17+31081554	125	5	5	TCTGCGCGCTCGCTCGCTCA
test	subjectA	sample2	chrX+104187588	125	5	5	TCTGCGCGCTCGCTCGCTCA
test	subjectA	sample2	chr22+24204040	125	5	5	TCTGCGCGCTCGCTCGCTCA
test	subjectA	sample2	chr18+76481299	125	5	5	TCTGCGCGCTCGCTCGCTCA
test	subjectA	sample2	chr6+4455616	125	5	5	TCTGCGCGCTCGCTCGCTCA
test	subjectA	sample2	chr4+22127223	125	5	5	TCTGCGCGCTCGCTCGCTCA
test	subjectA	sample2	chr14-65334799	125	5	5	TCTGCGCGCTCGCTCGCTCA
test	subjectA	sample2	chr8-118272825	125	5	5	TCTGCGCGCTCGCTCGCTCA
test	subjectA	sample2	chr14+36998979	125	5	5	TCTGCGCGCTCGCTCGCTCA
test	subjectA	sample2	chrX-89979753	125	5	5	TCTGCGCGCTCGCTCGCTCA
test	subjectA	sample2	chr19+7218698	125	5	5	TCTGCGCGCTCGCTCGCTCA
test	subjectA	sample2	chr10-113709730	125	5	5	TCTGCGCGCTCGCTCGCTCA
test	subjectA	sample2	chr20-60367558	125	5	5	TCTGCGCGCTCGCTCGCTCA
test	subjectA	sample2	chr2+27534027	125	5	5	TCTGCGCGCTCGCTCGCTCA
test	subjectA	sample2	chr2-10545524	125	5	5	TCTGCGCGCTCGCTCGCTCA
test	subjectA	sample2	chr19+39106978	125	5	5	TCTGCGCGCTCGCTCGCTCA
test	subjectA	sample2	chr8+90138742	125	5	5	TCTGCGCGCTCGCTCGCTCA
test	subjectA	sample2	chr3-156278620	125	5	5	TCTGCGCGCTCGCTCGCTCA
test	subjectA	sample2	chr9-8617889	125	5	5	TCTGCGCGCTCGCTCGCTCA
test	subjectA	sample2	chr12+65270771	125	5	5	TCTGCGCGCTCGCTCGCTCA
test	subjectA	sample2	chrX-142801327	125	5	5	TCTGCGCGCTCGCTCGCTCA
test	subjectA	sample2	chr16+13455911	125	5	5	TCTGCGCGCTCGCTCGCTCA
test	subjectA	sample2	chr10-9344016	125	5	5	TCTGCGCGCTCGCTCGCTCA
test	subjectA	sample2	chr20-60481317	125	5	5	TCTGCGCGCTCGCTCGCTCA
test	subjectA	sample2	chr21-16030026	125	5	5	TCTGCGCGCTCGCTCGCTCA
test	subjectA	sample2	chr17-65719554	125	5	5	TCTGCGCGCTCGCTCGCTCA
test	subjectA	sample2	chr6+48141729	125	5	5	TCTGCGCGCTCGCTCGCTCA
test	subjectA	sample2	chr22+25587471	125	5	5	TCTGCGCGCTCGCTCGCTCA
test	subjectA	sample2	chr16-18922167	125	5	5	TCTGCGCGCTCGCTCGCTCA
test	subjectA	sample2	chr14+47412920	125	5	5	TCTGCGCGCTCGCTCGCTCA
test	subjectA	sample2	chr1-165655295	125	5	5	TCTGCGCGCTCGCTCGCTCA
test	subjectA	sample2	chr3-127487005	125	5	5	TCTGCGCGCTCGCTCGCTCA
test	subjectA	sample2	chr17+21744610	125	5	5	TCTGCGCGCTCGCTCGCTCA
test	subjectA	sample2	chr7+133802565	125	5	5	TCTGCGCGCTCGCTCGCTCA
test	subjectA	sample2	chr2+120743310	125	5	5	TCTGCGCGCTCGCTCGCTCA
test	subjectA	sample2	chr18-78119350	125	5	5	TCTGCGCGCTCGCTCGCTCA
test	subjectA	sample2	chr6-168380771	125	5	5	TCTGCGCGCTCGCTCGCTCA
test	subjectA	sample2	chr18+9383487	125	5	5	TCTGCGCGCTCGCTCGCTCA
test	subjectA	sample2	chr2-52899194	125	5	5	TCTGCGCGCTCGCTCGCTCA
test	subjectA	sample2	chr12+109298608	125	5	5	TCTGCGCGCTCGCTCGCTCA
test	subjectA	sample2	chr12-123869139	125	5	5	TCTGCGCGCTCGCTCGCTCA
test	subjectA	sample2	chr4-184407191	125	5	5	TCTGCGCGCTCGCTCGCTCA
test	subjectA	sample2	chr11-76667817	125	5	5	TCTGCGCGCTCGCTCGCTCA
test	subjectA	sample2	chr6-115607921	125	5	5	TCTGCGCGCTCGCTCGCTCA
test	subjectA	sample2	chr8-77588798	125	5	5	TCTGCGCGCTCGCTCGCTCA
test	subjectA	sample2	chr12-95858295	125	5	5	TCTGCGCGCTCGCTCGCTCA
test	subjectA	sample2	chr22-30824175	125	5	5	TCTGCGCGCTCGCTCGCTCA
test	subjectA	sample2	chr6-101742554	125	5	5	TCTGCGCGCTCGCTCGCTCA
test	subjectA	sample2	chr7+54201805	125	5	5	TCTGCGCGCTCGCTCGCTCA
test	subjectA	sample2	chr20+12346504	125	5	5	TCTGCGCGCTCGCTCGCTCA
test	subjectA	sample2	chr9+92621576	125	5	5	TCTGCGCGCTCGCTCGCTCA
test	subjectA	sample2	chr7-120369261	125	5	5	TCTGCGCGCTCGCTCGCTCA
test	subjectA	sample2	chr7+149796614	125	5	5	TCTGCGCGCTCGCTCGCTCA
test	subjectA	sample2	chr13-55499394	125	5	5	TCTGCGCGCTCGCTCGCTCA
test	subjectA	sample2	chr18+30296437	125	5	5	TCTGCGCGCTCGCTCGCTCA
test	subjectA	sample2	chr22-30916959	125	5	5	TCTGCGCGCTCGCTCGCTCA
test	subjectA	sample2	chr14+37857462	125	5	5	TCTGCGCGCTCGCTCGCTCA
test	subjectA	sample2	chr15+70225904	125	5	5	TCTGCGCGCTCGCTCGCTCA
test	subjectA	sample2	chr19-23373929	125	5	5	TCTGCGCGCTCGCTCGCTCA
test	subjectA	sample2	chr13-105597576	125	5	5	TCTGCGCGCTCGCTCGCTCA
test	subjectA	sample2	chr9-72228038	125	5	5	TCTGCGCGCTCGCTCGCTCA
test	subjectA	sample2	chr16-63247254	125	5	5	TCTGCGCGCTCGCTCGCTCA
test	subjectA	sample2	chr6+68253002	125	5	5	TCTGCGCGCTCGCTCGCTCA
test	subjectA	sample2	chr14+85313929	125	5	5	TCTGCGCGCTCGCTCGCTCA
test	subjectA	sample2	chr7-102521413	125	5	5	TCTGCGCGCTCGCTCGCTCA
test	subjectA	sample2	chr17+30050547	125	5	5	TCTGCGCGCTCGCTCGCTCA
test	subjectA	sample2	chr19-43368284	125	5	5	TCTGCGCGCTCGCTCGCTCA
test	subjectA	sample2	chr16-29457548	125	5	5	TCTGCGCGCTCGCTCGCTCA
test	subjectA	sample2	chr3+194293294	125	5	5	TCTGCGCGCTCGCTCGCTCA
test	subjectA	sample2	chr15+97889100	125	5	5	TCTGCGCGCTCGCTCGCTCA
test	subjectA	sample2	chr3-174559015	125	5	5	TCTGCGCGCTCGCTCGCTCA
test	subjectA	sample2	chr1-161748119	125	5	5	TCTGCGCGCTCGCTCGCTCA
test	subjectA	sample2	chr15-46338768	125	5	5	TCTGCGCGCTCGCTCGCTCA
test	subjectA	sample2	chrX-114447658	125	5	5	TCTGCGCGCTCGCTCGCTCA
test	subjectA	sample2	chr21-16271729	125	5	5	TCTGCGCGCTCGCTCGCTCA
test	subjectA	sample2	chr21+22458545	125	5	5	TCTGCGCGCTCGCTCGCTCA
test	subjectA	sample2	chr4-188279854	125	5	5	TCTGCGCGCTCGCTCGCTCA
test	subjectA	sample2	chr1+99806457	125	5	5	TCTGCGCGCTCGCTCGCTCA
test	subjectA	sample2	chrX-58276804	125	5	5	TCTGCGCGCTCGCTCGCTCA
test	subjectA	sample2	chr16-62428944	125	5	5	TCTGCGCGCTCGCTCGCTCA
test	subjectA	sample2	chr18+5829861	125	5	5	TCTGCGCGCTCGCTCGCTCA
test	subjectA	sample2	chr19-28956033	125	5	5	TCTGCGCGCTCGCTCGCTCA
test	subjectA	sample2	chr20-22379279	125	5	5	TCTGCGCGCTCGCTCGCTCA
test	subjectA	sample2	chr17+21543958	125	5	5	TCTGCGCGCTCGCTCGCTCA
test	subjectA	sample2	chr2-98770251	125	5	5	TCTGCGCGCTCGCTCGCTCA
test	subjectA	sample2	chr11+121126140	125	5	5	TCTGCGCGCTCGCTCGCTCA
test	subjectA	sample2	chr8-102006423	125	5	5	TCTGCGCGCTCGCTCGCTCA
test	subjectA	sample2	chr9-114833032	125	5	5	TCTGCGCGCTCGCTCGCTCA
test	subjectA	sample2	chr8+107127030	125	5	5	TCTGCGCGCTCGCTCGCTCA
test	subjectA	sample2	chrX-36734997	125	5	5	TCTGCGCGCTCGCTCGCTCA
test	subjectA	sample2	chr9-69655186	125	5	5	TCTGCGCGCTCGCTCGCTCA
test	subjectA	sample2	chr19+23894397	125	5	5	TCTGCGCGCTCGCTCGCTCA
test	subjectA	sample2	chr14+43337364	125	5	5	TCTGCGCGCTCGCTCGCTCA
test	subjectA	sample2	chr16+84111753	125	5	5	TCTGCGCGCTCGCTCGCTCA
test	subjectA	sample2	chr13+73718072	125	5	5	TCTGCGCGCTCGCTCGCTCA
test	subjectA	sample2	chr7+156789318	125	5	5	TCTGCGCGCTCGCTCGCTCA
test	subjectA	sample2	chr8-37773678	125	5	5	TCTGCGCGCTCGCTCGCTCA
test	subjectA	sample2	chr16+76125276	125	5	5	TCTGCGCGCTCGCTCGCTCA
test	subjectA	sample2	chr22+47614465	125	5	5	TCTGCGCGCTCGCTCGCTCA
test	subjectA	sample2	chr4+129093094	125	5	5	TCTGCGCGCTCGCTCGCTCA
test	subjectA	sample2	chr8+131279828	125	5	5	TCTGCGCGCTCGCTCGCTCA
test	subjectA	sample2	chr22-36076899	125	5	5	TCTGCGCGCTCGCTCGCTCA
test	subjectA	sample2	chr10+116997025	125	5	5	TCTGCGCGCTCGCTCGCTCA
test	subjectA	sample2	chr19+43680428	125	5	5	TCTGCGCGCTCGCTCGCTCA
test	subjectA	sample2	chr15+70971922	125	5	5	TCTGCGCGCTCGCTCGCTCA
test	subjectA	sample2	chr3-76159481	125	5	5	TCTGCGCGCTCGCTCGCTCA
test	subjectA	sample2	chr19-33860389	125	5	5	TCTGCGCGCTCGCTCGCTCA
test	subjectA	sample2	chr17+13028045	125	5	5	TCTGCGCGCTCGCTCGCTCA
test	subjectA	sample2	chr18-68643406	125	5	5	TCTGCGCGCTCGCTCGCTCA
test	subjectA	sample2	chrX-107200061	125	5	5	TCTGCGCGCTCGCTCGCTCA
test	subjectA	sample2	chr14+97346884	125	5	5	TCTGCGCGCTCGCTCGCTCA
test	subjectA	sample2	chr9-104217224	125	5	5	TCTGCGCGCTCGCTCGCTCA
test	subjectA	sample2	chr16+11156630	125	5	5	TCTGCGCGCTCGCTCGCTCA
test	subjectA	sample2	chr3+71958526	125	5	5	TCTGCGCGCTCGCTCGCTCA
test	subjectA	sample2	chr20+63856169	125	5	5	TCTGCGCGCTCGCTCGCTCA
test	subjectA	sample2	chr3-115053081	125	5	5	TCTGCGCGCTCGCTCGCTCA
test	subjectA	sample2	chrX+18610451	125	5	5	TCTGCGCGCTCGCTCGCTCA
test	subjectA	sample2	chr12+104164458	125	5	5	TCTGCGCGCTCGCTCGCTCA
test	subjectA	sample2	chr13+47856282	125	5	5	TCTGCGCGCTCGCTCGCTCA
test	subjectA	sample2	chr6+67496654	125	5	5	TCTGCGCGCTCGCTCGCTCA
test	subjectA	sample2	chr2-33744108	125	5	5	TCTGCGCGCTCGCTCGCTCA
test	subjectA	sample2	chr2-238733947	125	5	5	TCTGCGCGCTCGCTCGCTCA
test	subjectA	sample2	chr16+11858459	125	5	5	TCTGCGCGCTCGCTCGCTCA
test	subjectA	sample2	chr20-44554410	125	5	5	TCTGCGCGCTCGCTCGCTCA
test	subjectA	sample2	chr2+54255168	125	5	5	TCTGCGCGCTCGCTCGCTCA
test	subjectA	sample2	chr15+68850020	125	5	5	TCTGCGCGCTCGCTCGCTCA
test	subjectA	sample2	chr20+42895519	125	5	5	TCTGCGCGCTCGCTCGCTCA
test	subjectA	sample2	chr22-25364013	125	5	5	TCTGCGCGCTCGCTCGCTCA
test	subjectA	sample2	chr4+144074067	125	5	5	TCTGCGCGCTCGCTCGCTCA
test	subjectA	sample2	chr6-11202993	125	5	5	TCTGCGCGCTCGCTCGCTCA
test	subjectA	sample2	chr12-72753486	125	5	5	TCTGCGCGCTCGCTCGCTCA
test	subjectA	sample2	chr18+13972089	125	5	5	TCTGCGCGCTCGCTCGCTCA
test	subjectA	sample2	chr5-72739505	125	5	5	TCTGCGCGCTCGCTCGCTCA
test	subjectA	sample2	chr9-138015726	125	5	5	TCTGCGCGCTCGCTCGCTCA
test	subjectA	sample2	chr6-151804883	125	5	5	TCTGCGCGCTCGCTCGCTCA
test	subjectA	sample2	chr11-134928027	125	5	5	TCTGCGCGCTCGCTCGCTCA
test	subjectA	sample2	chr9+80851448	125	5	5	TCTGCGCGCTCGCTCGCTCA
test	subjectA	sample2	chr20+4093037	125	5	5	TCTGCGCGCTCGCTCGCTCA
test	subjectA	sample2	chr9-71812544	125	5	5	TCTGCGCGCTCGCTCGCTCA
test	subjectA	sample2	chr1+203895896	125	5	5	TCTGCGCGCTCGCTCGCTCA
test	subjectA	sample2	chr3-85193850	125	5	5	TCTGCGCGCTCGCTCGCTCA
test	subjectA	sample2	chr11+79333891	125	5	5	TCTGCGCGCTCGCTCGCTCA
test	subjectA	sample2	chr7+39432342	125	5	5	TCTGCGCGCTCGCTCGCTCA
test	subjectA	sample2	chr10-119980640	125	5	5	TCTGCGCGCTCGCTCGCTCA
test	subjectA	sample2	chr16+20266816	125	5	5	TCTGCGCGCTCGCTCGCTCA
test	subjectA	sample2	chr3-62703076	125	5	5	TCTGCGCGCTCGCTCGCTCA
test	subjectA	sample2	chr20-50502755	125	5	5	TCTGCGCGCTCGCTCGCTCA
test	subjectA	sample2	chr17+4660749	125	5	5	TCTGCGCGCTCGCTCGCTCA
test	subjectA	sample2	chr3-117215742	125	5	5	TCTGCGCGCTCGCTCGCTCA
test	subjectA	sample2	chr10+99337289	125	5	5	TCTGCGCGCTCGCTCGCTCA
test	subjectA	sample2	chr7+24735626	125	5	5	TCTGCGCGCTCGCTCGCTCA
test	subjectA	sample2	chr7-15307934	125	5	5	TCTGCGCGCTCGCTCGCTCA
test	subjectA	sample2	chr22+17516201	125	5	5	TCTGCGCGCTCGCTCGCTCA
test	subjectA	sample2	chr15+91429331	125	5	5	TCTGCGCGCTCGCTCGCTCA
test	subjectA	sample2	chr5-18542796	125	5	5	TCTGCGCGCTCGCTCGCTCA
test	subjectA	sample2	chr9+133972779	125	5	5	TCTGCGCGCTCGCTCGCTCA
test	subjectA	sample2	chr18+4864285	125	5	5	TCTGCGCGCTCGCTCGCTCA
test	subjectA	sample2	chr20+4077370	125	5	5	TCTGCGCGCTCGCTCGCTCA
test	subjectA	sample2	chr12+21579306	125	5	5	TCTGCGCGCTCGCTCGCTCA
test	subjectA	sample2	chr21-32127637	125	5	5	TCTGCGCGCTCGCTCGCTCA
test	subjectA	sample2	chr17+82711240	125	5	5	TCTGCGCGCTCGCTCGCTCA
test	subjectA	sample2	chr11+51804706	125	5	5	TCTGCGCGCTCGCTCGCTCA
test	subjectA	sample2	chr15+32097208	125	5	5	TCTGCGCGCTCGCTCGCTCA
test	subjectA	sample2	chr7+147295225	125	5	5	TCTGCGCGCTCGCTCGCTCA
test	subjectA	sample2	chr15-29667054	125	5	5	TCTGCGCGCTCGCTCGCTCA
test	subjectA	sample2	chr3+128005253	125	5	5	TCTGCGCGCTCGCTCGCTCA
test	subjectA	sample2	chr11-48504954	125	5	5	TCTGCGCGCTCGCTCGCTCA
test	subjectA	sample2	chr9+73041024	125	5	5	TCTGCGCGCTCGCTCGCTCA
test	subjectA	sample2	chr4+57799014	125	5	5	TCTGCGCGCTCGCTCGCTCA
test	subjectA	sample2	chr1-18750148	125	5	5	TCTGCGCGCTCGCTCGCTCA
test	subjectA	sample2	chr8+61561308	125	5	5	TCTGCGCGCTCGCTCGCTCA
test	subjectA	sample2	chr16+24845427	125	5	5	TCTGCGCGCTCGCTCGCTCA
test	subjectA	sample2	chr12-20718207	125	5	5	TCTGCGCGCTCGCTCGCTCA
test	subjectA	sample2	chr19-14334361	125	5	5	TCTGCGCGCTCGCTCGCTCA
test	subjectA	sample2	chrX-121978976	125	5	5	TCTGCGCGCTCGCTCGCTCA
test	subjectA	sample2	chr18-13060018	125	5	5	TCTGCGCGCTCGCTCGCTCA
test	subjectA	sample2	chr21+45823489	125	5	5	TCTGCGCGCTCGCTCGCTCA
test	subjectA	sample2	chr11+13709308	125	5	5	TCTGCGCGCTCGCTCGCTCA
test	subjectA	sample2	chr3-197677304	125	5	5	TCTGCGCGCTCGCTCGCTCA
test	subjectA	sample2	chr10-71897667	125	5	5	TCTGCGCGCTCGCTCGCTCA
test	subjectA	sample2	chr12-7137549	125	5	5	TCTGCGCGCTCGCTCGCTCA
test	subjectA	sample2	chrX+31211365	125	5	5	TCTGCGCGCTCGCTCGCTCA
test	subjectA	sample2	chr2-155661756	125	5	5	TCTGCGCGCTCGCTCGCTCA
test	subjectA	sample2	chr22-26855225	125	5	5	TCTGCGCGCTCGCTCGCTCA
test	subjectA	sample2	chr9+2432487	125	5	5	TCTGCGCGCTCGCTCGCTCA
test	subjectA	sample2	chr11-35425300	125	5	5	TCTGCGCGCTCGCTCGCTCA
test	subjectA	sample2	chr22-47109438	125	5	5	TCTGCGCGCTCGCTCGCTCA
test	subjectA	sample2	chr21-34351968	125	5	5	TCTGCGCGCTCGCTCGCTCA
test	subjectA	sample2	chr7-9930196	125	5	5	TCTGCGCGCTCGCTCGCTCA
test	subjectA	sample2	chr20+60296758	125	5	5	TCTGCGCGCTCGCTCGCTCA
test	subjectA	sample2	chr5+131103766	125	5	5	TCTGCGCGCTCGCTCGCTCA
test	subjectA	sample2	chr21+17602664	125	5	5	TCTGCGCGCTCGCTCGCTCA
test	subjectA	sample2	chr4+7429666	125	5	5	TCTGCGCGCTCGCTCGCTCA
test	subjectA	sample2	chr7+98033307	125	5	5	TCTGCGCGCTCGCTCGCTCA
test	subjectA	sample2	chr9-134489034	125	5	5	TCTGCGCGCTCGCTCGCTCA
test	subjectA	sample2	chr7-127142992	125	5	5	TCTGCGCGCTCGCTCGCTCA
test	subjectA	sample2	chr13+83908384	125	5	5	TCTGCGCGCTCGCTCGCTCA
test	subjectA	sample2	chr20+14499013	125	5	5	TCTGCGCGCTCGCTCGCTCA
test	subjectA	sample2	chr19-54008897	125	5	5	TCTGCGCGCTCGCTCGCTCA
test	subjectA	sample2	chr17+27929357	125	5	5	TCTGCGCGCTCGCTCGCTCA
test	subjectA	sample2	chr22+46681544	125	5	5	TCTGCGCGCTCGCTCGCTCA
test	subjectA	sample2	chr20-15679562	125	5	5	TCTGCGCGCTCGCTCGCTCA
test	subjectA	sample2	chrX-65175733	125	5	5	TCTGCGCGCTCGCTCGCTCA
test	subjectA	sample2	chr8+2540773	125	5	5	TCTGCGCGCTCGCTCGCTCA
test	subjectA	sample2	chr4+116105096	125	5	5	TCTGCGCGCTCGCTCGCTCA
test	subjectA	sample2	chr7-55402683	125	5	5	TCTGCGCGCTCGCTCGCTCA
test	subjectA	sample2	chr15+81447219	125	5	5	TCTGCGCGCTCGCTCGCTCA
test	subjectA	sample2	chr9+19332619	125	5	5	TCTGCGCGCTCGCTCGCTCA
test	subjectA	sample2	chr1+224936230	125	5	5	TCTGCGCGCTCGCTCGCTCA
test	subjectA	sample2	chr20+19361625	125	5	5	TCTGCGCGCTCGCTCGCTCA
test	subjectA	sample2	chr16+34758486	125	5	5	TCTGCGCGCTCGCTCGCTCA
test	subjectA	sample2	chr6-60903409	125	5	5	TCTGCGCGCTCGCTCGCTCA
test	subjectA	sample2	chr7-87273083	125	5	5	TCTGCGCGCTCGCTCGCTCA
test	subjectA	sample2	chr7+92140650	125	5	5	TCTGCGCGCTCGCTCGCTCA
test	subjectA	sample2	chr7-71842847	125	5	5	TCTGCGCGCTCGCTCGCTCA
test	subjectA	sample2	chr14+57286196	125	5	5	TCTGCGCGCTCGCTCGCTCA
test	subjectA	sample2	chr14-56065936	125	5	5	TCTGCGCGCTCGCTCGCTCA
test	subjectA	sample2	chr8-18265541	125	5	5	TCTGCGCGCTCGCTCGCTCA
test	subjectA	sample2	chr19+51707865	125	5	5	TCTGCGCGCTCGCTCGCTCA
test	subjectA	sample2	chr7+136392246	125	5	5	TCTGCGCGCTCGCTCGCTCA
test	subjectA	sample2	chr20+48874869	125	5	5	TCTGCGCGCTCGCTCGCTCA
test	subjectA	sample2	chr14+49524277	125	5	5	TCTGCGCGCTCGCTCGCTCA
test	subjectA	sample2	chr11-108685315	125	5	5	TCTGCGCGCTCGCTCGCTCA
test	subjectA	sample2	chr4-31566490	125	5	5	TCTGCGCGCTCGCTCGCTCA
test	subjectA	sample2	chrX-86293026	125	5	5	TCTGCGCGCTCGCTCGCTCA
test	subjectA	sample2	chr9-102506896	125	5	5	TCTGCGCGCTCGCTCGCTCA
test	subjectA	sample2	chr9-86983690	125	5	5	TCTGCGCGCTCGCTCGCTCA
test	subjectA	sample2	chr4+51100594	125	5	5	TCTGCGCGCTCGCTCGCTCA
test	subjectA	sample2	chr18+24549500	125	5	5	TCTGCGCGCTCGCTCGCTCA
test	subjectA	sample2	chr17+55021450	125	5	5	TCTGCGCGCTCGCTCGCTCA
test	subjectA	sample2	chr9+67176990	125	5	5	TCTGCGCGCTCGCTCGCTCA
test	subjectA	sample2	chr2-139958979	125	5	5	TCTGCGCGCTCGCTCGCTCA
test	subjectA	sample2	chr2-212691674	125	5	5	TCTGCGCGCTCGCTCGCTCA
test	subjectA	sample2	chr20+38376208	125	5	5	TCTGCGCGCTCGCTCGCTCA
test	subjectA	sample2	chr7+88775269	125	5	5	TCTGCGCGCTCGCTCGCTCA
test	subjectA	sample2	chr7-42848971	125	5	5	TCTGCGCGCTCGCTCGCTCA
test	subjectA	sample2	chr7+66840578	125	5	5	TCTGCGCGCTCGCTCGCTCA
test	subjectA	sample2	chr5-65479725	125	5	5	TCTGCGCGCTCGCTCGCTCA
test	subjectA	sample2	chr11-104023948	125	5	5	TCTGCGCGCTCGCTCGCTCA
test	subjectA	sample2	chr17+82826442	125	5	5	TCTGCGCGCTCGCTCGCTCA
test	subjectA	sample2	chr4+10859996	125	5	5	TCTGCGCGCTCGCTCGCTCA
test	subjectA	sample2	chr3-83912121	125	5	5	TCTGCGCGCTCGCTCGCTCA
test	subjectA	sample2	chr11-12861889	125	5	5	TCTGCGCGCTCGCTCGCTCA
test	subjectA	sample2	chr12-56646261	125	5	5	TCTGCGCGCTCGCTCGCTCA
test	subjectA	sample2	chr8+2680813	125	5	5	TCTGCGCGCTCGCTCGCTCA
test	subjectA	sample2	chrX+34419721	125	5	5	TCTGCGCGCTCGCTCGCTCA
test	subjectA	sample2	chr12+73765479	125	5	5	TCTGCGCGCTCGCTCGCTCA
test	subjectA	sample2	chr15-50542417	125	5	5	TCTGCGCGCTCGCTCGCTCA
test	subjectA	sample2	chr19+20720863	125	5	5	TCTGCGCGCTCGCTCGCTCA
test	subjectA	sample2	chr3+23563418	125	5	5	TCTGCGCGCTCGCTCGCTCA
test	subjectA	sample2	chr17+31906712	125	5	5	TCTGCGCGCTCGCTCGCTCA
test	subjectA	sample2	chr14-33863304	125	5	5	TCTGCGCGCTCGCTCGCTCA
test	subjectA	sample2	chr15-62604021	125	5	5	TCTGCGCGCTCGCTCGCTCA
test	subjectA	sample2	chr19-6291201	125	5	5	TCTGCGCGCTCGCTCGCTCA
test	subjectA	sample2	chr20+20875067	125	5	5	TCTGCGCGCTCGCTCGCTCA
test	subjectA	sample2	chr19-7767518	125	5	5	TCTGCGCGCTCGCTCGCTCA
test	subjectA	sample2	chr15-76673281	125	5	5	TCTGCGCGCTCGCTCGCTCA
test	subjectA	sample2	chr14+59127167	125	5	5	TCTGCGCGCTCGCTCGCTCA
test	subjectA	sample2	chr15-85530879	125	5	5	TCTGCGCGCTCGCTCGCTCA
test	subjectA	sample2	chr12+91682187	125	5	5	TCTGCGCGCTCGCTCGCTCA
test	subjectA	sample2	chr13-53142265	125	5	5	TCTGCGCGCTCGCTCGCTCA
test	subjectA	sample2	chr16+4180567	125	5	5	TCTGCGCGCTCGCTCGCTCA
test	subjectA	sample2	chr14-99356354	125	5	5	TCTGCGCGCTCGCTCGCTCA
test	subjectA	sample2	chr12-22874574	125	5	5	TCTGCGCGCTCGCTCGCTCA
test	subjectA	sample2	chr22-24470958	125	5	5	TCTGCGCGCTCGCTCGCTCA
test	subjectA	sample2	chr8-138287371	125	5	5	TCTGCGCGCTCGCTCGCTCA
test	subjectA	sample2	chr21-6886443	125	5	5	TCTGCGCGCTCGCTCGCTCA
test	subjectA	sample2	chr6-68694084	125	5	5	TCTGCGCGCTCGCTCGCTCA
test	subjectA	sample2	chr5-97940181	125	5	5	TCTGCGCGCTCGCTCGCTCA
test	subjectA	sample2	chr13-75618819	125	5	5	TCTGCGCGCTCGCTCGCTCA
test	subjectA	sample2	chr8+92325398	125	5	5	TCTGCGCGCTCGCTCGCTCA
test	subjectA	sample2	chr18+21031681	125	5	5	TCTGCGCGCTCGCTCGCTCA
test	subjectA	sample2	chr11+100795606	125	5	5	TCTGCGCGCTCGCTCGCTCA
test	subjectA	sample2	chr6+63558294	125	5	5	TCTGCGCGCTCGCTCGCTCA
test	subjectA	sample2	chr6+149460810	125	5	5	TCTGCGCGCTCGCTCGCTCA
test	subjectA	sample2	chr21-15385685	125	5	5	TCTGCGCGCTCGCTCGCTCA
test	subjectA	sample2	chr14-25102768	125	5	5	TCTGCGCGCTCGCTCGCTCA
test	subjectA	sample2	chr6+150364826	125	5	5	TCTGCGCGCTCGCTCGCTCA
test	subjectA	sample2	chr20+50884132	125	5	5	TCTGCGCGCTCGCTCGCTCA
test	subjectA	sample2	chrX+130570659	125	5	5	TCTGCGCGCTCGCTCGCTCA
test	subjectA	sample2	chr19-30261074	125	5	5	TCTGCGCGCTCGCTCGCTCA
test	subjectA	sample2	chr11+42369412	125	5	5	TCTGCGCGCTCGCTCGCTCA
test	subjectA	sample2	chr15+78672067	125	5	5	TCTGCGCGCTCGCTCGCTCA
test	subjectA	sample2	chr17-25033100	125	5	5	TCTGCGCGCTCGCTCGCTCA
test	subjectA	sample2	chr12-57578961	125	5	5	TCTGCGCGCTCGCTCGCTCA
test	subjectA	sample2	chr16-82988596	125	5	5	TCTGCGCGCTCGCTCGCTCA
test	subjectA	sample2	chr7-152890115	125	5	5	TCTGCGCGCTCGCTCGCTCA
test	subjectA	sample2	chr8-29404447	125	5	5	TCTGCGCGCTCGCTCGCTCA
test	subjectA	sample2	chr13-68279056	125	5	5	TCTGCGCGCTCGCTCGCTCA
test	subjectA	sample2	chr13-26596466	125	5	5	TCTGCGCGCTCGCTCGCTCA
test	subjectA	sample2	chrX-110779314	125	5	5	TCTGCGCGCTCGCTCGCTCA
test	subjectA	sample2	chr10+54635500	125	5	5	TCTGCGCGCTCGCTCGCTCA
test	subjectA	sample2	chrX+1343822	125	5	5	TCTGCGCGCTCGCTCGCTCA
test	subjectA	sample2	chr1-173289111	125	5	5	TCTGCGCGCTCGCTCGCTCA
test	subjectA	sample2	chr19-39466086	125	5	5	TCTGCGCGCTCGCTCGCTCA
test	subjectA	sample2	chr14+72180183	125	5	5	TCTGCGCGCTCGCTCGCTCA
test	subjectA	sample2	chr5+51792964	125	5	5	TCTGCGCGCTCGCTCGCTCA
test	subjectA	sample2	chr22+50403758	125	5	5	TCTGCGCGCTCGCTCGCTCA
test	subjectA	sample2	chr5+76595655	125	5	5	TCTGCGCGCTCGCTCGCTCA
test	subjectA	sample2	chr21+44622522	125	5	5	TCTGCGCGCTCGCTCGCTCA
test	subjectA	sample2	chr7-6945643	125	5	5	TCTGCGCGCTCGCTCGCTCA
test	subjectA	sample2	chr9-130758431	125	5	5	TCTGCGCGCTCGCTCGCTCA
test	subjectA	sample2	chr8-9730850	125	5	5	TCTGCGCGCTCGCTCGCTCA
test	subjectA	sample2	chr19+12597661	125	5	5	TCTGCGCGCTCGCTCGCTCA
test	subjectA	sample2	chr12+59730512	125	5	5	TCTGCGCGCTCGCTCGCTCA
test	subjectA	sample2	chr9-73947345	125	5	5	TCTGCGCGCTCGCTCGCTCA
test	subjectA	sample2	chr10+120415379	125	5	5	TCTGCGCGCTCGCTCGCTCA
test	subjectA	sample2	chr22+43582767	125	5	5	TCTGCGCGCTCGCTCGCTCA
test	subjectA	sample2	chr17+64896951	125	5	5	TCTGCGCGCTCGCTCGCTCA
test	subjectA	sample2	chr15+70506659	125	5	5	TCTGCGCGCTCGCTCGCTCA
test	subjectA	sample2	chr11-12836140	125	5	5	TCTGCGCGCTCGCTCGCTCA
test	subjectA	sample2	chr20-6606827	125	5	5	TCTGCGCGCTCGCTCGCTCA
test	subjectA	sample2	chr8+24449861	125	5	5	TCTGCGCGCTCGCTCGCTCA
test	subjectA	sample2	chr22+38887092	125	5	5	TCTGCGCGCTCGCTCGCTCA
test	subjectA	sample2	chr10-110645741	125	5	5	TCTGCGCGCTCGCTCGCTCA
test	subjectA	sample2	chr11-125867741	125	5	5	TCTGCGCGCTCGCTCGCTCA
test	subjectA	sample2	chr9+13868225	125	5	5	TCTGCGCGCTCGCTCGCTCA
test	subjectA	sample2	chr14+21958288	125	5	5	TCTGCGCGCTCGCTCGCTCA
test	subjectA	sample2	chr16+22348416	125	5	5	TCTGCGCGCTCGCTCGCTCA
test	subjectA	sample2	chr11+118295891	125	5	5	TCTGCGCGCTCGCTCGCTCA
test	subjectA	sample2	chr16+29219507	125	5	5	TCTGCGCGCTCGCTCGCTCA
test	subjectA	sample2	chr7-88730079	125	5	5	TCTGCGCGCTCGCTCGCTCA
test	subjectA	sample2	chr15+91270415	125	5	5	TCTGCGCGCTCGCTCGCTCA
test	subjectA	sample2	chr18+41340458	125	5	5	TCTGCGCGCTCGCTCGCTCA
test	subjectA	sample2	chr11-7763798	125	5	5	TCTGCGCGCTCGCTCGCTCA
test	subjectA	sample2	chr9-27226464	125	5	5	TCTGCGCGCTCGCTCGCTCA
test	subjectA	sample2	chr9-18914179	125	5	5	TCTGCGCGCTCGCTCGCTCA
test	subjectA	sample2	chr2-156575927	125	5	5	TCTGCGCGCTCGCTCGCTCA
test	subjectA	sample2	chr10-113478134	125	5	5	TCTGCGCGCTCGCTCGCTCA
test	subjectA	sample2	chr12-86571248	125	5	5	TCTGCGCGCTCGCTCGCTCA
test	subjectA	sample2	chr1-238832084	125	5	5	TCTGCGCGCTCGCTCGCTCA
test	subjectA	sample2	chr15-83523729	125	5	5	TCTGCGCGCTCGCTCGCTCA
test	subjectA	sample2	chr1+193514386	125	5	5	TCTGCGCGCTCGCTCGCTCA
test	subjectA	sample2	chr15-70270649	125	5	5	TCTGCGCGCTCGCTCGCTCA
test	subjectA	sample2	chr4+90826424	125	5	5	TCTGCGCGCTCGCTCGCTCA
test	subjectA	sample2	chr21+44275397	125	5	5	TCTGCGCGCTCGCTCGCTCA
test	subjectA	sample2	chr22-46081709	125	5	5	TCTGCGCGCTCGCTCGCTCA
test	subjectA	sample2	chr16+28602760	125	5	5	TCTGCGCGCTCGCTCGCTCA
test	subjectA	sample2	chr11+31272687	125	5	5	TCTGCGCGCTCGCTCGCTCA
test	subjectA	sample2	chr13-60507583	125	5	5	TCTGCGCGCTCGCTCGCTCA
test	subjectA	sample2	chr4+34856047	125	5	5	TCTGCGCGCTCGCTCGCTCA
test	subjectA	sample2	chr11-100687414	125	5	5	TCTGCGCGCTCGCTCGCTCA
test	subjectA	sample2	chr17+41972439	125	5	5	TCTGCGCGCTCGCTCGCTCA
test	subjectA	sample2	chr17+43229399	125	5	5	TCTGCGCGCTCGCTCGCTCA
test	subjectA	sample2	chr9-117320474	125	5	5	TCTGCGCGCTCGCTCGCTCA
test	subjectA	sample2	chr17-22066150	125	5	5	TCTGCGCGCTCGCTCGCTCA
test	subjectA	sample2	chr16+12038804	125	5	5	TCTGCGCGCTCGCTCGCTCA
test	subjectA	sample2	chr21-25767840	125	5	5	TCTGCGCGCTCGCTCGCTCA
test	subjectA	sample2	chr10+78662385	125	5	5	TCTGCGCGCTCGCTCGCTCA
test	subjectA	sample2	chr14+25470837	125	5	5	TCTGCGCGCTCGCTCGCTCA
test	subjectA	sample2	chr14+53400026	125	5	5	TCTGCGCGCTCGCTCGCTCA
test	subjectA	sample2	chr4-72782659	125	5	5	TCTGCGCGCTCGCTCGCTCA
test	subjectA	sample2	chr20-45411285	125	5	5	TCTGCGCGCTCGCTCGCTCA
test	subjectA	sample2	chr10+91877991	125	5	5	TCTGCGCGCTCGCTCGCTCA
test	subjectA	sample2	chr21+31936679	125	5	5	TCTGCGCGCTCGCTCGCTCA
test	subjectA	sample2	chr21+13190024	125	5	5	TCTGCGCGCTCGCTCGCTCA
test	subjectA	sample2	chr9-9998953	125	5	5	TCTGCGCGCTCGCTCGCTCA
test	subjectA	sample2	chr20+14845743	125	5	5	TCTGCGCGCTCGCTCGCTCA
test	subjectA	sample2	chr5-123430691	125	5	5	TCTGCGCGCTCGCTCGCTCA
test	subjectA	sample2	chr9-113280645	125	5	5	TCTGCGCGCTCGCTCGCTCA
test	subjectA	sample2	chr16+85302595	125	5	5	TCTGCGCGCTCGCTCGCTCA
test	subjectA	sample2	chr8+84838684	125	5	5	TCTGCGCGCTCGCTCGCTCA
test	subjectA	sample2	chr8-42900043	125	5	5	TCTGCGCGCTCGCTCGCTCA
test	subjectA	sample2	chr4-11129201	125	5	5	TCTGCGCGCTCGCTCGCTCA
test	subjectA	sample2	chr13-40402066	125	5	5	TCTGCGCGCTCGCTCGCTCA
test	subjectA	sample2	chr9-19427440	125	5	5	TCTGCGCGCTCGCTCGCTCA
test	subjectA	sample2	chr5+112331361	125	5	5	TCTGCGCGCTCGCTCGCTCA
test	subjectA	sample2	chr7+45635753	125	5	5	TCTGCGCGCTCGCTCGCTCA
test	subjectA	sample2	chr18+10255660	125	5	5	TCTGCGCGCTCGCTCGCTCA
test	subjectA	sample2	chr17+42124899	125	5	5	TCTGCGCGCTCGCTCGCTCA
test	subjectA	sample2	chr21+20290033	125	5	5	TCTGCGCGCTCGCTCGCTCA
test	subjectA	sample2	chr9+43593221	125	5	5	TCTGCGCGCTCGCTCGCTCA
test	subjectA	sample2	chr14+83570226	125	5	5	TCTGCGCGCTCGCTCGCTCA
test	subjectA	sample2	chr2-77087963	125	5	5	TCTGCGCGCTCGCTCGCTCA
test	subjectA	sample2	chr4-132506685	125	5	5	TCTGCGCGCTCGCTCGCTCA
test	subjectA	sample2	chr8+64717504	125	5	5	TCTGCGCGCTCGCTCGCTCA
test	subjectA	sample2	chr7+101528590	125	5	5	TCTGCGCGCTCGCTCGCTCA
test	subjectA	sample2	chr11-97000183	125	5	5	TCTGCGCGCTCGCTCGCTCA
test	subjectA	sample2	chr8-120357260	125	5	5	TCTGCGCGCTCGCTCGCTCA
test	subjectA	sample2	chr17+28469065	125	5	5	TCTGCGCGCTCGCTCGCTCA
test	subjectA	sample2	chr2+118458400	125	5	5	TCTGCGCGCTCGCTCGCTCA
test	subjectA	sample2	chr8-14370825	125	5	5	TCTGCGCGCTCGCTCGCTCA
test	subjectA	sample2	chr8+1180011	125	5	5	TCTGCGCGCTCGCTCGCTCA
test	subjectA	sample2	chr21+20850117	125	5	5	TCTGCGCGCTCGCTCGCTCA
test	subjectA	sample2	chrX-110142432	125	5	5	TCTGCGCGCTCGCTCGCTCA
test	subjectA	sample2	chr22+23072861	125	5	5	TCTGCGCGCTCGCTCGCTCA
test	subjectA	sample2	chr16-81608934	125	5	5	TCTGCGCGCTCGCTCGCTCA
test	subjectA	sample2	chr22-43972003	125	5	5	TCTGCGCGCTCGCTCGCTCA
test	subjectA	sample2	chr8-82603774	125	5	5	TCTGCGCGCTCGCTCGCTCA
test	subjectA	sample2	chr10-35486035	125	5	5	TCTGCGCGCTCGCTCGCTCA
test	subjectA	sample2	chr3-12933031	125	5	5	TCTGCGCGCTCGCTCGCTCA
test	subjectA	sample2	chr15-70308869	125	5	5	TCTGCGCGCTCGCTCGCTCA
test	subjectA	sample2	chr6-66086904	125	5	5	TCTGCGCGCTCGCTCGCTCA
test	subjectA	sample2	chr22-38996692	125	5	5	TCTGCGCGCTCGCTCGCTCA
test	subjectA	sample2	chr13+62073893	125	5	5	TCTGCGCGCTCGCTCGCTCA
test	subjectA	sample2	chr17-42833249	125	5	5	TCTGCGCGCTCGCTCGCTCA
test	subjectA	sample2	chr22+49097422	125	5	5	TCTGCGCGCTCGCTCGCTCA
test	subjectA	sample2	chr20-7548958	125	5	5	TCTGCGCGCTCGCTCGCTCA
test	subjectA	sample2	chr10+79718935	125	5	5	TCTGCGCGCTCGCTCGCTCA
test	subjectA	sample2	chr19+20962132	125	5	5	TCTGCGCGCTCGCTCGCTCA
test	subjectA	sample2	chr19-17285666	125	5	5	TCTGCGCGCTCGCTCGCTCA
test	subjectA	sample2	chr2+64579541	125	5	5	TCTGCGCGCTCGCTCGCTCA
test	subjectA	sample2	chr13-77927908	125	5	5	TCTGCGCGCTCGCTCGCTCA
test	subjectA	sample2	chrX-16440125	125	5	5	TCTGCGCGCTCGCTCGCTCA
test	subjectA	sample2	chr15+60539826	125	5	5	TCTGCGCGCTCGCTCGCTCA
test	subjectA	sample2	chr22+29305668	125	5	5	TCTGCGCGCTCGCTCGCTCA
test	subjectA	sample2	chr15+77025357	125	5	5	TCTGCGCGCTCGCTCGCTCA
test	subjectA	sample2	chrX-95726720	125	5	5	TCTGCGCGCTCGCTCGCTCA
test	subjectA	sample2	chr14-97523262	125	5	5	TCTGCGCGCTCGCTCGCTCA
test	subjectA	sample2	chr16+84711084	125	5	5	TCTGCGCGCTCGCTCGCTCA
test	subjectA	sample2	chr5-26129762	125	5	5	TCTGCGCGCTCGCTCGCTCA
test	subjectA	sample2	chr7+105504215	125	5	5	TCTGCGCGCTCGCTCGCTCA
test	subjectA	sample2	chr13+70925233	125	5	5	TCTGCGCGCTCGCTCGCTCA
test	subjectA	sample2	chr5-110360562	125	5	5	TCTGCGCGCTCGCTCGCTCA
test	subjectA	sample2	chr2+41098612	125	5	5	TCTGCGCGCTCGCTCGCTCA
test	subjectA	sample2	chr20-4648549	125	5	5	TCTGCGCGCTCGCTCGCTCA
test	subjectA	sample2	chr8+78992599	125	5	5	TCTGCGCGCTCGCTCGCTCA
test	subjectA	sample2	chr1+17077473	125	5	5	TCTGCGCGCTCGCTCGCTCA
test	subjectA	sample2	chr12+18765664	125	5	5	TCTGCGCGCTCGCTCGCTCA
test	subjectA	sample2	chr16+19762647	125	5	5	TCTGCGCGCTCGCTCGCTCA
test	subjectA	sample2	chr5-69016908	125	5	5	TCTGCGCGCTCGCTCGCTCA
test	subjectA	sample2	chr18-53167692	125	5	5	TCTGCGCGCTCGCTCGCTCA
test	subjectA	sample2	chr12+5311385	125	5	5	TCTGCGCGCTCGCTCGCTCA
test	subjectA	sample2	chr3+139070964	125	5	5	TCTGCGCGCTCGCTCGCTCA
test	subjectA	sample2	chr5-74653018	125	5	5	TCTGCGCGCTCGCTCGCTCA
test	subjectA	sample2	chr3+45253236	125	5	5	TCTGCGCGCTCGCTCGCTCA
test	subjectA	sample2	chr14+57762500	125	5	5	TCTGCGCGCTCGCTCGCTCA
test	subjectA	sample2	chrX-126958293	125	5	5	TCTGCGCGCTCGCTCGCTCA
test	subjectA	sample2	chr2-10792514	125	5	5	TCTGCGCGCTCGCTCGCTCA
test	subjectA	sample2	chr17-48292317	125	5	5	TCTGCGCGCTCGCTCGCTCA
test	subjectA	sample2	chr4+67224935	125	5	5	TCTGCGCGCTCGCTCGCTCA
test	subjectA	sample2	chr14-56353882	125	5	5	TCTGCGCGCTCGCTCGCTCA
test	subjectA	sample2	chrX-34497980	125	5	5	TCTGCGCGCTCGCTCGCTCA
test	subjectA	sample2	chr1+2336956	125	5	5	TCTGCGCGCTCGCTCGCTCA
test	subjectA	sample2	chr5-75850478	125	5	5	TCTGCGCGCTCGCTCGCTCA
test	subjectA	sample2	chr7-19354237	125	5	5	TCTGCGCGCTCGCTCGCTCA
test	subjectA	sample2	chr4-133832544	125	5	5	TCTGCGCGCTCGCTCGCTCA
test	subjectA	sample2	chr4+65488654	125	5	5	TCTGCGCGCTCGCTCGCTCA
test	subjectA	sample2	chr1-219991207	125	5	5	TCTGCGCGCTCGCTCGCTCA
test	subjectA	sample2	chr17+35440006	125	5	5	TCTGCGCGCTCGCTCGCTCA
test	subjectA	sample2	chr20+62101141	125	5	5	TCTGCGCGCTCGCTCGCTCA
test	subjectA	sample2	chr12+75171404	125	5	5	TCTGCGCGCTCGCTCGCTCA
test	subjectA	sample2	chr22+34607712	125	5	5	TCTGCGCGCTCGCTCGCTCA
test	subjectA	sample2	chr11+80630606	125	5	5	TCTGCGCGCTCGCTCGCTCA
test	subjectA	sample2	chr11-77493059	125	5	5	TCTGCGCGCTCGCTCGCTCA
test	subjectA	sample2	chr19-27685737	125	5	5	TCTGCGCGCTCGCTCGCTCA
test	subjectA	sample2	chr9+67824706	125	5	5	TCTGCGCGCTCGCTCGCTCA
test	subjectA	sample2	chr2-98251404	125	5	5	TCTGCGCGCTCGCTCGCTCA
test	subjectA	sample2	chrX+97548528	125	5	5	TCTGCGCGCTCGCTCGCTCA
test	subjectA	sample2	chr20-59402341	125	5	5	TCTGCGCGCTCGCTCGCTCA
test	subjectA	sample2	chr14+98137446	125	5	5	TCTGCGCGCTCGCTCGCTCA
test	subjectA	sample2	chr16+74950679	125	5	5	TCTGCGCGCTCGCTCGCTCA
test	subjectA	sample2	chr17-10068600	125	5	5	TCTGCGCGCTCGCTCGCTCA
test	subjectA	sample2	chr3+58685169	125	5	5	TCTGCGCGCTCGCTCGCTCA
test	subjectA	sample2	chr7+133988573	125	5	5	TCTGCGCGCTCGCTCGCTCA
test	subjectA	sample2	chr16-52962039	125	5	5	TCTGCGCGCTCGCTCGCTCA
test	subjectA	sample2	chr17-38171384	125	5	5	TCTGCGCGCTCGCTCGCTCA
test	subjectA	sample2	chr3+183848679	125	5	5	TCTGCGCGCTCGCTCGCTCA
test	subjectA	sample2	chr9+135112766	125	5	5	TCTGCGCGCTCGCTCGCTCA
test	subjectA	sample2	chr14+87308148	125	5	5	TCTGCGCGCTCGCTCGCTCA
test	subjectA	sample2	chrX-1915371	125	5	5	TCTGCGCGCTCGCTCGCTCA
test	subjectA	sample2	chr12-96430073	125	5	5	TCTGCGCGCTCGCTCGCTCA
test	subjectA	sample2	chr14-54787787	125	5	5	TCTGCGCGCTCGCTCGCTCA
test	subjectA	sample2	chr9-82986562	125	5	5	TCTGCGCGCTCGCTCGCTCA
test	subjectA	sample2	chr22-38457098	125	5	5	TCTGCGCGCTCGCTCGCTCA
test	subjectA	sample2	chr4-49063722	125	5	5	TCTGCGCGCTCGCTCGCTCA
test	subjectA	sample2	chr14-76942628	125	5	5	TCTGCGCGCTCGCTCGCTCA
test	subjectA	sample2	chr21+15185320	125	5	5	TCTGCGCGCTCGCTCGCTCA
test	subjectA	sample2	chr21-31368910	125	5	5	TCTGCGCGCTCGCTCGCTCA
test	subjectA	sample2	chr13-56605385	125	5	5	TCTGCGCGCTCGCTCGCTCA
test	subjectA	sample2	chr11-70149322	125	5	5	TCTGCGCGCTCGCTCGCTCA
test	subjectA	sample2	chr8-82434413	125	5	5	TCTGCGCGCTCGCTCGCTCA
test	subjectA	sample2	chr13+80853907	125	5	5	TCTGCGCGCTCGCTCGCTCA
test	subjectA	sample2	chr10+96442748	125	5	5	TCTGCGCGCTCGCTCGCTCA
test	subjectA	sample2	chr2+38341180	125	5	5	TCTGCGCGCTCGCTCGCTCA
test	subjectA	sample2	chr7+67889634	125	5	5	TCTGCGCGCTCGCTCGCTCA
test	subjectA	sample2	chr5+94585140	125	5	5	TCTGCGCGCTCGCTCGCTCA
test	subjectA	sample2	chr17+12106636	125	5	5	TCTGCGCGCTCGCTCGCTCA
test	subjectA	sample2	chr3+12409096	125	5	5	TCTGCGCGCTCGCTCGCTCA
test	subjectA	sample2	chr19+53903124	125	5	5	TCTGCGCGCTCGCTCGCTCA
test	subjectA	sample2	chr14+96588022	125	5	5	TCTGCGCGCTCGCTCGCTCA
test	subjectA	sample2	chr9-80276231	125	5	5	TCTGCGCGCTCGCTCGCTCA
test	subjectA	sample2	chr17-69031002	125	5	5	TCTGCGCGCTCGCTCGCTCA
test	subjectA	sample2	chr14-79246314	125	5	5	TCTGCGCGCTCGCTCGCTCA
test	subjectA	sample2	chr7-5808834	125	5	5	TCTGCGCGCTCGCTCGCTCA
test	subjectA	sample2	chr11-58367408	125	5	5	TCTGCGCGCTCGCTCGCTCA
test	subjectA	sample2	chr22-41831038	125	5	5	TCTGCGCGCTCGCTCGCTCA
test	subjectA	sample2	chr17-1771197	125	5	5	TCTGCGCGCTCGCTCGCTCA
test	subjectA	sample2	chr19-34671779	125	5	5	TCTGCGCGCTCGCTCGCTCA
test	subjectA	sample2	chr6-167006701	125	5	5	TCTGCGCGCTCGCTCGCTCA
test	subjectA	sample2	chr18+16682120	125	5	5	TCTGCGCGCTCGCTCGCTCA
test	subjectA	sample2	chr5+40687747	125	5	5	TCTGCGCGCTCGCTCGCTCA
test	subjectA	sample2	chr10-36594863	125	5	5	TCTGCGCGCTCGCTCGCTCA
test	subjectA	sample2	chr19+53729818	125	5	5	TCTGCGCGCTCGCTCGCTCA
test	subjectA	sample2	chr12+69443277	125	5	5	TCTGCGCGCTCGCTCGCTCA
test	subjectA	sample2	chr4+136488104	125	5	5	TCTGCGCGCTCGCTCGCTCA
test	subjectA	sample2	chr3+183668713	125	5	5	TCTGCGCGCTCGCTCGCTCA
test	subjectA	sample2	chr1-14407229	125	5	5	TCTGCGCGCTCGCTCGCTCA
test	subjectA	sample2	chr9-5942684	125	5	5	TCTGCGCGCTCGCTCGCTCA
test	subjectA	sample2	chr17-14489284	125	5	5	TCTGCGCGCTCGCTCGCTCA
test	subjectA	sample2	chr9-85732231	125	5	5	TCTGCGCGCTCGCTCGCTCA
test	subjectA	sample2	chr7+105165749	125	5	5	TCTGCGCGCTCGCTCGCTCA
test	subjectA	sample2	chr4+126655304	125	5	5	TCTGCGCGCTCGCTCGCTCA
test	subjectA	sample2	chr6-52464434	125	5	5	TCTGCGCGCTCGCTCGCTCA
test	subjectA	sample2	chr19-10156003	125	5	5	TCTGCGCGCTCGCTCGCTCA
test	subjectA	sample2	chr5-126681013	125	5	5	TCTGCGCGCTCGCTCGCTCA
test	subjectA	sample2	chr12-92783332	125	5	5	TCTGCGCGCTCGCTCGCTCA
test	subjectA	sample2	chr4+122608145	125	5	5	TCTGCGCGCTCGCTCGCTCA
test	subjectA	sample2	chr14-80742850	125	5	5	TCTGCGCGCTCGCTCGCTCA
test	subjectA	sample2	chr3-85212102	125	5	5	TCTGCGCGCTCGCTCGCTCA
test	subjectA	sample2	chr14+53409723	125	5	5	TCTGCGCGCTCGCTCGCTCA
test	subjectA	sample2	chr17+55497370	125	5	5	TCTGCGCGCTCGCTCGCTCA
test	subjectA	sample2	chr7+148882908	125	5	5	TCTGCGCGCTCGCTCGCTCA
test	subjectA	sample2	chr13+40580837	125	5	5	TCTGCGCGCTCGCTCGCTCA
test	subjectA	sample2	chr19-54514398	125	5	5	TCTGCGCGCTCGCTCGCTCA
test	subjectA	sample2	chr17-63126940	125	5	5	TCTGCGCGCTCGCTCGCTCA
test	subjectA	sample2	chr4-11755907	125	5	5	TCTGCGCGCTCGCTCGCTCA
test	subjectA	sample2	chr4+83659482	125	5	5	TCTGCGCGCTCGCTCGCTCA
test	subjectA	sample2	chr13+47663251	125	5	5	TCTGCGCGCTCGCTCGCTCA
test	subjectA	sample2	chr20-2769089	125	5	5	TCTGCGCGCTCGCTCGCTCA
test	subjectA	sample2	chr16-33270738	125	5	5	TCTGCGCGCTCGCTCGCTCA
test	subjectA	sample2	chr6-162789432	125	5	5	TCTGCGCGCTCGCTCGCTCA
test	subjectA	sample2	chr20-14154346	125	5	5	TCTGCGCGCTCGCTCGCTCA
test	subjectA	sample2	chr21-7082817	125	5	5	TCTGCGCGCTCGCTCGCTCA
test	subjectA	sample2	chr15-94792650	125	5	5	TCTGCGCGCTCGCTCGCTCA
test	subjectA	sample2	chr14+61762929	125	5	5	TCTGCGCGCTCGCTCGCTCA
test	subjectA	sample2	chr10-33611412	125	5	5	TCTGCGCGCTCGCTCGCTCA
test	subjectA	sample2	chr11-49263262	125	5	5	TCTGCGCGCTCGCTCGCTCA
test	subjectA	sample2	chr15+98219071	125	5	5	TCTGCGCGCTCGCTCGCTCA
test	subjectA	sample2	chr16+66915359	125	5	5	TCTGCGCGCTCGCTCGCTCA
test	subjectA	sample2	chr6+24208697	125	5	5	TCTGCGCGCTCGCTCGCTCA
test	subjectA	sample2	chr18-60071879	125	5	5	TCTGCGCGCTCGCTCGCTCA
test	subjectA	sample2	chr21+41871721	125	5	5	TCTGCGCGCTCGCTCGCTCA
test	subjectA	sample2	chr8+119060687	125	5	5	TCTGCGCGCTCGCTCGCTCA
test	subjectA	sample2	chr14+37964545	125	5	5	TCTGCGCGCTCGCTCGCTCA
test	subjectA	sample2	chr11-99464740	125	5	5	TCTGCGCGCTCGCTCGCTCA
test	subjectA	sample2	chr18-61399308	125	5	5	TCTGCGCGCTCGCTCGCTCA
test	subjectA	sample2	chr2+96752328	125	5	5	TCTGCGCGCTCGCTCGCTCA
test	subjectA	sample2	chr15+35513215	125	5	5	TCTGCGCGCTCGCTCGCTCA
test	subjectA	sample2	chrX-12581253	125	5	5	TCTGCGCGCTCGCTCGCTCA
test	subjectA	sample2	chr2+150577646	125	5	5	TCTGCGCGCTCGCTCGCTCA
test	subjectA	sample2	chrX+117996075	125	5	5	TCTGCGCGCTCGCTCGCTCA
test	subjectA	sample2	chr6-163300960	125	5	5	TCTGCGCGCTCGCTCGCTCA
test	subjectA	sample2	chr11-30562355	125	5	5	TCTGCGCGCTCGCTCGCTCA
test	subjectA	sample2	chr14-86151365	125	5	5	TCTGCGCGCTCGCTCGCTCA
test	subjectA	sample2	chr13+96569688	125	5	5	TCTGCGCGCTCGCTCGCTCA
test	subjectA	sample2	chr11-14809806	125	5	5	TCTGCGCGCTCGCTCGCTCA
test	subjectA	sample2	chrX-152935034	125	5	5	TCTGCGCGCTCGCTCGCTCA
test	subjectA	sample2	chr7-44515529	125	5	5	TCTGCGCGCTCGCTCGCTCA
test	subjectA	sample2	chr21+20888736	125	5	5	TCTGCGCGCTCGCTCGCTCA
test	subjectA	sample2	chr7+74751552	125	5	5	TCTGCGCGCTCGCTCGCTCA
test	subjectA	sample2	chr10+84651858	125	5	5	TCTGCGCGCTCGCTCGCTCA
test	subjectA	sample2	chr10-24795170	125	5	5	TCTGCGCGCTCGCTCGCTCA
test	subjectA	sample2	chr14+38505526	125	5	5	TCTGCGCGCTCGCTCGCTCA
test	subjectA	sample2	chr19-29965046	125	5	5	TCTGCGCGCTCGCTCGCTCA
test	subjectA	sample2	chr13+95736175	125	5	5	TCTGCGCGCTCGCTCGCTCA
test	subjectA	sample2	chr1+109621880	125	5	5	TCTGCGCGCTCGCTCGCTCA
test	subjectA	sample2	chr12-116721459	125	5	5	TCTGCGCGCTCGCTCGCTCA
test	subjectA	sample2	chr3+46634218	125	5	5	TCTGCGCGCTCGCTCGCTCA
test	subjectA	sample2	chr10-105452894	125	5	5	TCTGCGCGCTCGCTCGCTCA
test	subjectA	sample2	chr8+29707531	125	5	5	TCTGCGCGCTCGCTCGCTCA
test	subjectA	sample2	chr12+111990686	125	5	5	TCTGCGCGCTCGCTCGCTCA
test	subjectA	sample2	chr11-111204806	125	5	5	TCTGCGCGCTCGCTCGCTCA
test	subjectA	sample2	chr2-133926737	125	5	5	TCTGCGCGCTCGCTCGCTCA
test	subjectA	sample2	chr2+6260933	125	5	5	TCTGCGCGCTCGCTCGCTCA
test	subjectA	sample2	chr1+66780482	125	5	5	TCTGCGCGCTCGCTCGCTCA
test	subjectA	sample2	chr14-97274674	125	5	5	TCTGCGCGCTCGCTCGCTCA
test	subjectA	sample2	chr22-21130304	125	5	5	TCTGCGCGCTCGCTCGCTCA
test	subjectA	sample2	chr21-7423126	125	5	5	TCTGCGCGCTCGCTCGCTCA
test	subjectA	sample2	chr11+69616491	125	5	5	TCTGCGCGCTCGCTCGCTCA
test	subjectA	sample2	chr22-50568535	125	5	5	TCTGCGCGCTCGCTCGCTCA
test	subjectA	sample2	chr20+28527021	125	5	5	TCTGCGCGCTCGCTCGCTCA
test	subjectA	sample2	chr7+127490106	125	5	5	TCTGCGCGCTCGCTCGCTCA
test	subjectA	sample2	chr17+83065044	125	5	5	TCTGCGCGCTCGCTCGCTCA
test	subjectA	sample2	chr14-19333764	125	5	5	TCTGCGCGCTCGCTCGCTCA
test	subjectA	sample2	chr20+696194	125	5	5	TCTGCGCGCTCGCTCGCTCA
test	subjectA	sample2	chr20+42972264	125	5	5	TCTGCGCGCTCGCTCGCTCA
test	subjectA	sample2	chr7+44178472	125	5	5	TCTGCGCGCTCGCTCGCTCA
test	subjectA	sample2	chrX-141688199	125	5	5	TCTGCGCGCTCGCTCGCTCA
test	subjectA	sample2	chr9-134508985	125	5	5	TCTGCGCGCTCGCTCGCTCA
test	subjectA	sample2	chr1-63089967	125	5	5	TCTGCGCGCTCGCTCGCTCA
test	subjectA	sample2	chr16-16448518	125	5	5	TCTGCGCGCTCGCTCGCTCA
test	subjectA	sample2	chr17-6855597	125	5	5	TCTGCGCGCTCGCTCGCTCA
test	subjectA	sample2	chr6+162366320	125	5	5	TCTGCGCGCTCGCTCGCTCA
test	subjectA	sample2	chr10+63387061	125	5	5	TCTGCGCGCTCGCTCGCTCA
test	subjectA	sample2	chr5+65989368	125	5	5	TCTGCGCGCTCGCTCGCTCA
test	subjectA	sample2	chr16-73017447	125	5	5	TCTGCGCGCTCGCTCGCTCA
test	subjectA	sample2	chr13-16303678	125	5	5	TCTGCGCGCTCGCTCGCTCA
test	subjectA	sample2	chr18-47253483	125	5	5	TCTGCGCGCTCGCTCGCTCA
test	subjectA	sample2	chr2+135139226	125	5	5	TCTGCGCGCTCGCTCGCTCA
test	subjectA	sample2	chr17-76667051	125	5	5	TCTGCGCGCTCGCTCGCTCA
test	subjectA	sample2	chr8-88153528	125	5	5	TCTGCGCGCTCGCTCGCTCA
test	subjectA	sample2	chr8-72765896	125	5	5	TCTGCGCGCTCGCTCGCTCA
test	subjectA	sample2	chr7-145785562	125	5	5	TCTGCGCGCTCGCTCGCTCA
test	subjectA	sample2	chr1+160720859	125	5	5	TCTGCGCGCTCGCTCGCTCA
test	subjectA	sample2	chr3-149967981	125	5	5	TCTGCGCGCTCGCTCGCTCA
test	subjectA	sample2	chr9+114744288	125	5	5	TCTGCGCGCTCGCTCGCTCA
test	subjectA	sample2	chr11-18684227	125	5	5	TCTGCGCGCTCGCTCGCTCA
test	subjectA	sample2	chr4+110204113	125	5	5	TCTGCGCGCTCGCTCGCTCA
test	subjectA	sample2	chr14+100435978	125	5	5	TCTGCGCGCTCGCTCGCTCA
test	subjectA	sample2	chr21-38135368	125	5	5	TCTGCGCGCTCGCTCGCTCA
test	subjectA	sample2	chr1-226238554	125	5	5	TCTGCGCGCTCGCTCGCTCA
test	subjectA	sample2	chr18+15836270	125	5	5	TCTGCGCGCTCGCTCGCTCA
test	subjectA	sample2	chr3+174117791	125	5	5	TCTGCGCGCTCGCTCGCTCA
test	subjectA	sample2	chr11+85993254	125	5	5	TCTGCGCGCTCGCTCGCTCA
test	subjectA	sample2	chr14+55933512	125	5	5	TCTGCGCGCTCGCTCGCTCA
test	subjectA	sample2	chr18-44488362	125	5	5	TCTGCGCGCTCGCTCGCTCA
test	subjectA	sample2	chr7+41521473	125	5	5	TCTGCGCGCTCGCTCGCTCA
test	subjectA	sample2	chr19+48165010	125	5	5	TCTGCGCGCTCGCTCGCTCA
test	subjectA	sample2	chr7-111196397	125	5	5	TCTGCGCGCTCGCTCGCTCA
test	subjectA	sample2	chr2-32788374	125	5	5	TCTGCGCGCTCGCTCGCTCA
test	subjectA	sample2	chr1+56890562	125	5	5	TCTGCGCGCTCGCTCGCTCA
test	subjectA	sample2	chr2+145639555	125	5	5	TCTGCGCGCTCGCTCGCTCA
test	subjectA	sample2	chr22+32274247	125	5	5	TCTGCGCGCTCGCTCGCTCA
test	subjectA	sample2	chr12+82334711	125	5	5	TCTGCGCGCTCGCTCGCTCA
test	subjectA	sample2	chr11-33025121	125	5	5	TCTGCGCGCTCGCTCGCTCA
test	subjectA	sample2	chr15-69371244	125	5	5	TCTGCGCGCTCGCTCGCTCA
test	subjectA	sample2	chr6-14870069	125	5	5	TCTGCGCGCTCGCTCGCTCA
test	subjectA	sample2	chr2-8967219	125	5	5	TCTGCGCGCTCGCTCGCTCA
test	subjectA	sample2	chr3+180033659	125	5	5	TCTGCGCGCTCGCTCGCTCA
test	subjectA	sample2	chr19+25367518	125	5	5	TCTGCGCGCTCGCTCGCTCA
test	subjectA	sample2	chr12-80281152	125	5	5	TCTGCGCGCTCGCTCGCTCA
test	subjectA	sample2	chr18+6635986	125	5	5	TCTGCGCGCTCGCTCGCTCA
test	subjectA	sample2	chr15+100385898	125	5	5	TCTGCGCGCTCGCTCGCTCA
test	subjectA	sample2	chr21+31143217	125	5	5	TCTGCGCGCTCGCTCGCTCA
test	subjectA	sample2	chr19-21160143	125	5	5	TCTGCGCGCTCGCTCGCTCA
test	subjectA	sample2	chr9+34915125	125	5	5	TCTGCGCGCTCGCTCGCTCA
test	subjectA	sample3	chr8+142578734	125	5	5	TCTGCGCGCTCGCTCGCTCA
test	subjectA	sample3	chr4+172523308	125	5	5	TCTGCGCGCTCGCTCGCTCA
test	subjectA	sample3	chr18-42096477	125	5	5	TCTGCGCGCTCGCTCGCTCA
test	subjectA	sample3	chr5+174476038	125	5	5	TCTGCGCGCTCGCTCGCTCA
test	subjectA	sample3	chr3+47946146	125	5	5	TCTGCGCGCTCGCTCGCTCA
test	subjectA	sample3	chr21-39308599	125	5	5	TCTGCGCGCTCGCTCGCTCA
test	subjectA	sample3	chr1+114814380	125	5	5	TCTGCGCGCTCGCTCGCTCA
test	subjectA	sample3	chr20-54711127	125	5	5	TCTGCGCGCTCGCTCGCTCA
test	subjectA	sample3	chr14+78863668	125	5	5	TCTGCGCGCTCGCTCGCTCA
test	subjectA	sample3	chr3+197798620	125	5	5	TCTGCGCGCTCGCTCGCTCA
test	subjectA	sample3	chrX-87601785	125	5	5	TCTGCGCGCTCGCTCGCTCA
test	subjectA	sample3	chr20+13404806	125	5	5	TCTGCGCGCTCGCTCGCTCA
test	subjectA	sample3	chr9+22038122	125	5	5	TCTGCGCGCTCGCTCGCTCA
test	subjectA	sample3	chr10+123688985	125	5	5	TCTGCGCGCTCGCTCGCTCA
test	subjectA	sample3	chr5-12612341	125	5	5	TCTGCGCGCTCGCTCGCTCA
test	subjectA	sample3	chr7-23532744	125	5	5	TCTGCGCGCTCGCTCGCTCA
test	subjectA	sample3	chr16+75041766	125	5	5	TCTGCGCGCTCGCTCGCTCA
test	subjectA	sample3	chr4+147586730	125	5	5	TCTGCGCGCTCGCTCGCTCA
test	subjectA	sample3	chr13-107516905	125	5	5	TCTGCGCGCTCGCTCGCTCA
test	subjectA	sample3	chr12+101748134	125	5	5	TCTGCGCGCTCGCTCGCTCA
test	subjectA	sample3	chr10-111005282	125	5	5	TCTGCGCGCTCGCTCGCTCA
test	subjectA	sample3	chr12-127549952	125	5	5	TCTGCGCGCTCGCTCGCTCA
test	subjectA	sample3	chr15+44397729	125	5	5	TCTGCGCGCTCGCTCGCTCA
test	subjectA	sample3	chr14+79920366	125	5	5	TCTGCGCGCTCGCTCGCTCA
test	subjectA	sample3	chr8+121961198	125	5	5	TCTGCGCGCTCGCTCGCTCA
test	subjectA	sample3	chr3+120201956	125	5	5	TCTGCGCGCTCGCTCGCTCA
test	subjectA	sample3	chr7+57471403	125	5	5	TCTGCGCGCTCGCTCGCTCA
test	subjectA	sample3	chr17+41758600	125	5	5	TCTGCGCGCTCGCTCGCTCA
test	subjectA	sample3	chr17+49326528	125	5	5	TCTGCGCGCTCGCTCGCTCA
test	subjectA	sample3	chr13+55616882	125	5	5	TCTGCGCGCTCGCTCGCTCA
test	subjectA	sample3	chr22+22859005	125	5	5	TCTGCGCGCTCGCTCGCTCA
test	subjectA	sample3	chr2+201507175	125	5	5	TCTGCGCGCTCGCTCGCTCA
test	subjectA	sample3	chr12-46761884	125	5	5	TCTGCGCGCTCGCTCGCTCA
test	subjectA	sample3	chr17+71497746	125	5	5	TCTGCGCGCTCGCTCGCTCA
test	subjectA	sample3	chr13+78160575	125	5	5	TCTGCGCGCTCGCTCGCTCA
test	subjectA	sample3	chr15-34313217	125	5	5	TCTGCGCGCTCGCTCGCTCA
test	subjectA	sample3	chr8+70329864	125	5	5	TCTGCGCGCTCGCTCGCTCA
test	subjectA	sample3	chr5-71642210	125	5	5	TCTGCGCGCTCGCTCGCTCA
test	subjectA	sample3	chr18-56542658	125	5	5	TCTGCGCGCTCGCTCGCTCA
test	subjectA	sample3	chr13+97429291	125	5	5	TCTGCGCGCTCGCTCGCTCA
test	subjectA	sample3	chrX-62627347	125	5	5	TCTGCGCGCTCGCTCGCTCA
test	subjectA	sample3	chr18+23475314	125	5	5	TCTGCGCGCTCGCTCGCTCA
test	subjectA	sample3	chr3-79484109	125	5	5	TCTGCGCGCTCGCTCGCTCA
test	subjectA	sample3	chr13+107049533	125	5	5	TCTGCGCGCTCGCTCGCTCA
test	subjectA	sample3	chr21+13039227	125	5	5	TCTGCGCGCTCGCTCGCTCA
test	subjectA	sample3	chr1-11389404	125	5	5	TCTGCGCGCTCGCTCGCTCA
test	subjectA	sample3	chr21+29590567	125	5	5	TCTGCGCGCTCGCTCGCTCA
test	subjectA	sample3	chr1-97134767	125	5	5	TCTGCGCGCTCGCTCGCTCA
test	subjectA	sample3	chr22-23720548	125	5	5	TCTGCGCGCTCGCTCGCTCA
test	subjectA	sample3	chr11+22870084	125	5	5	TCTGCGCGCTCGCTCGCTCA
test	subjectA	sample3	chr15-23675453	125	5	5	TCTGCGCGCTCGCTCGCTCA
test	subjectA	sample3	chr20-17840212	125	5	5	TCTGCGCGCTCGCTCGCTCA
test	subjectA	sample3	chr22+49757699	125	5	5	TCTGCGCGCTCGCTCGCTCA
test	subjectA	sample3	chr13-111073614	125	5	5	TCTGCGCGCTCGCTCGCTCA
test	subjectA	sample3	chr21+19380877	125	5	5	TCTGCGCGCTCGCTCGCTCA
test	subjectA	sample3	chr3-102675886	125	5	5	TCTGCGCGCTCGCTCGCTCA
test	subjectA	sample3	chr12-26522912	125	5	5	TCTGCGCGCTCGCTCGCTCA
test	subjectA	sample3	chr2+98466021	125	5	5	TCTGCGCGCTCGCTCGCTCA
test	subjectA	sample3	chr6+79389960	125	5	5	TCTGCGCGCTCGCTCGCTCA
test	subjectA	sample3	chr12-63091542	125	5	5	TCTGCGCGCTCGCTCGCTCA
test	subjectA	sample3	chr7+91031810	125	5	5	TCTGCGCGCTCGCTCGCTCA
test	subjectA	sample3	chr11+58135562	125	5	5	TCTGCGCGCTCGCTCGCTCA
test	subjectA	sample3	chr19+5915849	125	5	5	TCTGCGCGCTCGCTCGCTCA
test	subjectA	sample3	chr6-74205247	125	5	5	TCTGCGCGCTCGCTCGCTCA
test	subjectA	sample3	chr5+44703891	125	5	5	TCTGCGCGCTCGCTCGCTCA
test	subjectA	sample3	chr15+34079872	125	5	5	TCTGCGCGCTCGCTCGCTCA
test	subjectA	sample3	chr19-793433	125	5	5	TCTGCGCGCTCGCTCGCTCA
test	subjectA	sample3	chr21-38224207	125	5	5	TCTGCGCGCTCGCTCGCTCA
test	subjectA	sample3	chr1+698128	125	5	5	TCTGCGCGCTCGCTCGCTCA
test	subjectA	sample3	chrX+93224384	125	5	5	TCTGCGCGCTCGCTCGCTCA
test	subjectA	sample3	chr22-46318112	125	5	5	TCTGCGCGCTCGCTCGCTCA
test	subjectA	sample3	chr7+126601082	125	5	5	TCTGCGCGCTCGCTCGCTCA
test	subjectA	sample3	chr7+130363753	125	5	5	TCTGCGCGCTCGCTCGCTCA
test	subjectA	sample3	chr6-71921855	125	5	5	TCTGCGCGCTCGCTCGCTCA
test	subjectA	sample3	chr14+21929828	125	5	5	TCTGCGCGCTCGCTCGCTCA
test	subjectA	sample3	chr5-18182902	125	5	5	TCTGCGCGCTCGCTCGCTCA
test	subjectA	sample3	chr6+52227858	125	5	5	TCTGCGCGCTCGCTCGCTCA
test	subjectA	sample3	chr7-17795429	125	5	5	TCTGCGCGCTCGCTCGCTCA
test	subjectA	sample3	chr8-103890013	125	5	5	TCTGCGCGCTCGCTCGCTCA
test	subjectA	sample3	chr4-117390119	125	5	5	TCTGCGCGCTCGCTCGCTCA
test	subjectA	sample3	chr4+165976113	125	5	5	TCTGCGCGCTCGCTCGCTCA
test	subjectA	sample3	chr14-16223992	125	5	5	TCTGCGCGCTCGCTCGCTCA
test	subjectA	sample3	chr7+64109399	125	5	5	TCTGCGCGCTCGCTCGCTCA
test	subjectA	sample3	chr8-97623159	125	5	5	TCTGCGCGCTCGCTCGCTCA
test	subjectA	sample3	chr8+28203536	125	5	5	TCTGCGCGCTCGCTCGCTCA
test	subjectA	sample3	chr6-133364501	125	5	5	TCTGCGCGCTCGCTCGCTCA
test	subjectA	sample3	chr19+50241323	125	5	5	TCTGCGCGCTCGCTCGCTCA
test	subjectA	sample3	chr3-131210145	125	5	5	TCTGCGCGCTCGCTCGCTCA
test	subjectA	sample3	chr6-48461918	125	5	5	TCTGCGCGCTCGCTCGCTCA
test	subjectA	sample3	chr10+104993583	125	5	5	TCTGCGCGCTCGCTCGCTCA
test	subjectA	sample3	chr14-32778499	125	5	5	TCTGCGCGCTCGCTCGCTCA
test	subjectA	sample3	chr12+115599033	125	5	5	TCTGCGCGCTCGCTCGCTCA
test	subjectA	sample3	chr11+98689208	125	5	5	TCTGCGCGCTCGCTCGCTCA
test	subjectA	sample3	chr10+25208580	125	5	5	TCTGCGCGCTCGCTCGCTCA
test	subjectA	sample3	chr18+11485942	125	5	5	TCTGCGCGCTCGCTCGCTCA
test	subjectA	sample3	chr18+51074896	125	5	5	TCTGCGCGCTCGCTCGCTCA
test	subjectA	sample3	chr17+66526278	125	5	5	TCTGCGCGCTCGCTCGCTCA
test	subjectA	sample3	chr19+50184161	125	5	5	TCTGCGCGCTCGCTCGCTCA
test	subjectA	sample3	chr6+54914087	125	5	5	TCTGCGCGCTCGCTCGCTCA
test	subjectA	sample3	chr10+107022268	125	5	5	TCTGCGCGCTCGCTCGCTCA
test	subjectA	sample3	chr13+62324313	125	5	5	TCTGCGCGCTCGCTCGCTCA
test	subjectA	sample3	chr4+135780796	125	5	5	TCTGCGCGCTCGCTCGCTCA
test	subjectA	sample3	chr18+9393077	125	5	5	TCTGCGCGCTCGCTCGCTCA
test	subjectA	sample3	chr7+72492599	125	5	5	TCTGCGCGCTCGCTCGCTCA
test	subjectA	sample3	chr2-215467707	125	5	5	TCTGCGCGCTCGCTCGCTCA
test	subjectA	sample3	chr22-32342895	125	5	5	TCTGCGCGCTCGCTCGCTCA
test	subjectA	sample3	chr2-184952843	125	5	5	TCTGCGCGCTCGCTCGCTCA
test	subjectA	sample3	chr19+23466274	125	5	5	TCTGCGCGCTCGCTCGCTCA
test	subjectA	sample3	chr17+83045277	125	5	5	TCTGCGCGCTCGCTCGCTCA
test	subjectA	sample3	chrX+144047941	125	5	5	TCTGCGCGCTCGCTCGCTCA
test	subjectA	sample3	chr17-59181921	125	5	5	TCTGCGCGCTCGCTCGCTCA
test	subjectA	sample3	chr9+136847454	125	5	5	TCTGCGCGCTCGCTCGCTCA
test	subjectA	sample3	chr5+162169436	125	5	5	TCTGCGCGCTCGCTCGCTCA
test	subjectA	sample3	chr2-209834955	125	5	5	TCTGCGCGCTCGCTCGCTCA
test	subjectA	sample3	chr9-121281562	125	5	5	TCTGCGCGCTCGCTCGCTCA
test	subjectA	sample3	chr16-71483055	125	5	5	TCTGCGCGCTCGCTCGCTCA
test	subjectA	sample3	chr13+57182043	125	5	5	TCTGCGCGCTCGCTCGCTCA
test	subjectA	sample3	chr7+72011927	125	5	5	TCTGCGCGCTCGCTCGCTCA
test	subjectA	sample3	chr3+61669474	125	5	5	TCTGCGCGCTCGCTCGCTCA
test	subjectA	sample3	chr20-20275437	125	5	5	TCTGCGCGCTCGCTCGCTCA
test	subjectA	sample3	chr9-17955425	125	5	5	TCTGCGCGCTCGCTCGCTCA
test	subjectA	sample3	chr10-128492851	125	5	5	TCTGCGCGCTCGCTCGCTCA
test	subjectA	sample3	chr14+68258787	125	5	5	TCTGCGCGCTCGCTCGCTCA
test	subjectA	sample3	chr14-38736410	125	5	5	TCTGCGCGCTCGCTCGCTCA
test	subjectA	sample3	chr18+64290880	125	5	5	TCTGCGCGCTCGCTCGCTCA
test	subjectA	sample3	chr14-45170434	125	5	5	TCTGCGCGCTCGCTCGCTCA
test	subjectA	sample3	chr22+28584134	125	5	5	TCTGCGCGCTCGCTCGCTCA
test	subjectA	sample3	chr7-54742957	125	5	5	TCTGCGCGCTCGCTCGCTCA
test	subjectA	sample3	chr9+130931433	125	5	5	TCTGCGCGCTCGCTCGCTCA
test	subjectA	sample3	chr16+612903	125	5	5	TCTGCGCGCTCGCTCGCTCA
test	subjectA	sample3	chr9-7819931	125	5	5	TCTGCGCGCTCGCTCGCTCA
test	subjectA	sample3	chr18-21939682	125	5	5	TCTGCGCGCTCGCTCGCTCA
test	subjectA	sample3	chr10+132214514	125	5	5	TCTGCGCGCTCGCTCGCTCA
test	subjectA	sample3	chr9+21863193	125	5	5	TCTGCGCGCTCGCTCGCTCA
test	subjectA	sample3	chr12+85293328	125	5	5	TCTGCGCGCTCGCTCGCTCA
test	subjectA	sample3	chr9+5217917	125	5	5	TCTGCGCGCTCGCTCGCTCA
test	subjectA	sample3	chr3+173905219	125	5	5	TCTGCGCGCTCGCTCGCTCA
test	subjectA	sample3	chr3+75672441	125	5	5	TCTGCGCGCTCGCTCGCTCA
test	subjectA	sample3	chr5-171096603	125	5	5	TCTGCGCGCTCGCTCGCTCA
test	subjectA	sample3	chr8+63222834	125	5	5	TCTGCGCGCTCGCTCGCTCA
test	subjectA	sample3	chr15-24639540	125	5	5	TCTGCGCGCTCGCTCGCTCA
test	subjectA	sample3	chrX-1882680	125	5	5	TCTGCGCGCTCGCTCGCTCA
test	subjectA	sample3	chr8-102048244	125	5	5	TCTGCGCGCTCGCTCGCTCA
test	subjectA	sample3	chr18+12311333	125	5	5	TCTGCGCGCTCGCTCGCTCA
test	subjectA	sample3	chr15-19845503	125	5	5	TCTGCGCGCTCGCTCGCTCA
test	subjectA	sample3	chr4-125739835	125	5	5	TCTGCGCGCTCGCTCGCTCA
test	subjectA	sample3	chr14-80799137	125	5	5	TCTGCGCGCTCGCTCGCTCA
test	subjectA	sample3	chr19-15562450	125	5	5	TCTGCGCGCTCGCTCGCTCA
test	subjectA	sample3	chrX-21880413	125	5	5	TCTGCGCGCTCGCTCGCTCA
test	subjectA	sample3	chr16+3431612	125	5	5	TCTGCGCGCTCGCTCGCTCA
test	subjectA	sample3	chr21-27570366	125	5	5	TCTGCGCGCTCGCTCGCTCA
test	subjectA	sample3	chr13+113592288	125	5	5	TCTGCGCGCTCGCTCGCTCA
test	subjectA	sample3	chr5+13280824	125	5	5	TCTGCGCGCTCGCTCGCTCA
test	subjectA	sample3	chr11+38701386	125	5	5	TCTGCGCGCTCGCTCGCTCA
test	subjectA	sample3	chr22-43858678	125	5	5	TCTGCGCGCTCGCTCGCTCA
test	subjectA	sample3	chr14-91420871	125	5	5	TCTGCGCGCTCGCTCGCTCA
test	subjectA	sample3	chr8+26988846	125	5	5	TCTGCGCGCTCGCTCGCTCA
test	subjectA	sample3	chr4+138075606	125	5	5	TCTGCGCGCTCGCTCGCTCA
test	subjectA	sample3	chr7-105844281	125	5	5	TCTGCGCGCTCGCTCGCTCA
test	subjectA	sample3	chr5-113723844	125	5	5	TCTGCGCGCTCGCTCGCTCA
test	subjectA	sample3	chr14-36862328	125	5	5	TCTGCGCGCTCGCTCGCTCA
test	subjectA	sample3	chr1+185734901	125	5	5	TCTGCGCGCTCGCTCGCTCA
test	subjectA	sample3	chr16+6042617	125	5	5	TCTGCGCGCTCGCTCGCTCA
test	subjectA	sample3	chr12-60702230	125	5	5	TCTGCGCGCTCGCTCGCTCA
test	subjectA	sample3	chr10+129848004	125	5	5	TCTGCGCGCTCGCTCGCTCA
test	subjectA	sample3	chr9-117136673	125	5	5	TCTGCGCGCTCGCTCGCTCA
test	subjectA	sample3	chr13-88684121	125	5	5	TCTGCGCGCTCGCTCGCTCA
test	subjectA	sample3	chr22-36653550	125	5	5	TCTGCGCGCTCGCTCGCTCA
test	subjectA	sample3	chr20+8402384	125	5	5	TCTGCGCGCTCGCTCGCTCA
test	subjectA	sample3	chr3+99050569	125	5	5	TCTGCGCGCTCGCTCGCTCA
test	subjectA	sample3	chr19-11330140	125	5	5	TCTGCGCGCTCGCTCGCTCA
test	subjectA	sample3	chr13+19723036	125	5	5	TCTGCGCGCTCGCTCGCTCA
test	subjectA	sample3	chr12-95822196	125	5	5	TCTGCGCGCTCGCTCGCTCA
test	subjectA	sample3	chr9+134964717	125	5	5	TCTGCGCGCTCGCTCGCTCA
test	subjectA	sample3	chr9+115183883	125	5	5	TCTGCGCGCTCGCTCGCTCA
test	subjectA	sample3	chr17+68029913	125	5	5	TCTGCGCGCTCGCTCGCTCA
test	subjectA	sample3	chr2+69166159	125	5	5	TCTGCGCGCTCGCTCGCTCA
test	subjectA	sample3	chr21+14517281	125	5	5	TCTGCGCGCTCGCTCGCTCA
test	subjectA	sample3	chr7+100414447	125	5	5	TCTGCGCGCTCGCTCGCTCA
test	subjectA	sample3	chr7+58037929	125	5	5	TCTGCGCGCTCGCTCGCTCA
test	subjectA	sample3	chr5-71926481	125	5	5	TCTGCGCGCTCGCTCGCTCA
test	subjectA	sample3	chr14+88850322	125	5	5	TCTGCGCGCTCGCTCGCTCA
test	subjectA	sample3	chr5+165997984	125	5	5	TCTGCGCGCTCGCTCGCTCA
test	subjectA	sample3	chr20+4273548	125	5	5	TCTGCGCGCTCGCTCGCTCA
test	subjectA	sample3	chr12-106328969	125	5	5	TCTGCGCGCTCGCTCGCTCA
test	subjectA	sample3	chr1+58044004	125	5	5	TCTGCGCGCTCGCTCGCTCA
test	subjectA	sample3	chr17+50036255	125	5	5	TCTGCGCGCTCGCTCGCTCA
test	subjectA	sample3	chr10-125359173	125	5	5	TCTGCGCGCTCGCTCGCTCA
test	subjectA	sample3	chr20-13289006	125	5	5	TCTGCGCGCTCGCTCGCTCA
test	subjectA	sample3	chr12+1991597	125	5	5	TCTGCGCGCTCGCTCGCTCA
test	subjectA	sample3	chr2-13134350	125	5	5	TCTGCGCGCTCGCTCGCTCA
test	subjectA	sample3	chr13+113606624	125	5	5	TCTGCGCGCTCGCTCGCTCA
test	subjectA	sample3	chr4+131329923	125	5	5	TCTGCGCGCTCGCTCGCTCA
test	subjectA	sample3	chr21-42429328	125	5	5	TCTGCGCGCTCGCTCGCTCA
test	subjectA	sample3	chr16-66207384	125	5	5	TCTGCGCGCTCGCTCGCTCA
test	subjectA	sample3	chr2+123984192	125	5	5	TCTGCGCGCTCGCTCGCTCA
test	subjectA	sample3	chr5+139243310	125	5	5	TCTGCGCGCTCGCTCGCTCA
test	subjectA	sample3	chr20+29264577	125	5	5	TCTGCGCGCTCGCTCGCTCA
test	subjectA	sample3	chr2-58852247	125	5	5	TCTGCGCGCTCGCTCGCTCA
test	subjectA	sample3	chr7-107382870	125	5	5	TCTGCGCGCTCGCTCGCTCA
test	subjectA	sample3	chr18+26270063	125	5	5	TCTGCGCGCTCGCTCGCTCA
test	subjectA	sample3	chr10+92581718	125	5	5	TCTGCGCGCTCGCTCGCTCA
test	subjectA	sample3	chr13-41613908	125	5	5	TCTGCGCGCTCGCTCGCTCA
test	subjectA	sample3	chr7-68608853	125	5	5	TCTGCGCGCTCGCTCGCTCA
test	subjectA	sample3	chr18+10532095	125	5	5	TCTGCGCGCTCGCTCGCTCA
test	subjectA	sample3	chr10-9528692	125	5	5	TCTGCGCGCTCGCTCGCTCA
test	subjectA	sample3	chr22-42427921	125	5	5	TCTGCGCGCTCGCTCGCTCA
test	subjectA	sample3	chr17+47797767	125	5	5	TCTGCGCGCTCGCTCGCTCA
test	subjectA	sample3	chr2-139408850	125	5	5	TCTGCGCGCTCGCTCGCTCA
test	subjectA	sample3	chr12-115772066	125	5	5	TCTGCGCGCTCGCTCGCTCA
test	subjectA	sample3	chr12+89325662	125	5	5	TCTGCGCGCTCGCTCGCTCA
test	subjectA	sample3	chr9+112379903	125	5	5	TCTGCGCGCTCGCTCGCTCA
test	subjectA	sample3	chr9-3409438	125	5	5	TCTGCGCGCTCGCTCGCTCA
test	subjectA	sample3	chr14-84506253	125	5	5	TCTGCGCGCTCGCTCGCTCA
test	subjectA	sample3	chr6-65065700	125	5	5	TCTGCGCGCTCGCTCGCTCA
test	subjectA	sample3	chr16+89835342	125	5	5	TCTGCGCGCTCGCTCGCTCA
test	subjectA	sample3	chr6-137476105	125	5	5	TCTGCGCGCTCGCTCGCTCA
test	subjectA	sample3	chr22-21559414	125	5	5	TCTGCGCGCTCGCTCGCTCA
test	subjectA	sample3	chr2-168307245	125	5	5	TCTGCGCGCTCGCTCGCTCA
test	subjectA	sample3	chr4+129620989	125	5	5	TCTGCGCGCTCGCTCGCTCA
test	subjectA	sample3	chr13+56239298	125	5	5	TCTGCGCGCTCGCTCGCTCA
test	subjectA	sample3	chr17-28424382	125	5	5	TCTGCGCGCTCGCTCGCTCA
test	subjectA	sample3	chrX-150346744	125	5	5	TCTGCGCGCTCGCTCGCTCA
test	subjectA	sample3	chr3-45089318	125	5	5	TCTGCGCGCTCGCTCGCTCA
test	subjectA	sample3	chr5-46662890	125	5	5	TCTGCGCGCTCGCTCGCTCA
test	subjectA	sample3	chr3-179945316	125	5	5	TCTGCGCGCTCGCTCGCTCA
test	subjectA	sample3	chr11-78190197	125	5	5	TCTGCGCGCTCGCTCGCTCA
test	subjectA	sample3	chr2+35800433	125	5	5	TCTGCGCGCTCGCTCGCTCA
test	subjectA	sample3	chr17+11087718	125	5	5	TCTGCGCGCTCGCTCGCTCA
test	subjectA	sample3	chr16+9471045	125	5	5	TCTGCGCGCTCGCTCGCTCA
test	subjectA	sample3	chr1-121905721	125	5	5	TCTGCGCGCTCGCTCGCTCA
test	subjectA	sample3	chr2-93835799	125	5	5	TCTGCGCGCTCGCTCGCTCA
test	subjectA	sample3	chr17+81150056	125	5	5	TCTGCGCGCTCGCTCGCTCA
test	subjectA	sample3	chr16+10451920	125	5	5	TCTGCGCGCTCGCTCGCTCA
test	subjectA	sample3	chr22-29639274	125	5	5	TCTGCGCGCTCGCTCGCTCA
test	subjectA	sample3	chr5+6938841	125	5	5	TCTGCGCGCTCGCTCGCTCA
test	subjectA	sample3	chr20+34069845	125	5	5	TCTGCGCGCTCGCTCGCTCA
test	subjectA	sample3	chr5-151876393	125	5	5	TCTGCGCGCTCGCTCGCTCA
test	subjectA	sample3	chr12+76805234	125	5	5	TCTGCGCGCTCGCTCGCTCA
test	subjectA	sample3	chr18-52631904	125	5	5	TCTGCGCGCTCGCTCGCTCA
test	subjectA	sample3	chr3-130509484	125	5	5	TCTGCGCGCTCGCTCGCTCA
test	subjectA	sample3	chr9-113421395	125	5	5	TCTGCGCGCTCGCTCGCTCA
test	subjectA	sample3	chr14-45662977	125	5	5	TCTGCGCGCTCGCTCGCTCA
test	subjectA	sample3	chr15-17218902	125	5	5	TCTGCGCGCTCGCTCGCTCA
test	subjectA	sample3	chr8-137444555	125	5	5	TCTGCGCGCTCGCTCGCTCA
test	subjectA	sample3	chr8+78053205	125	5	5	TCTGCGCGCTCGCTCGCTCA
test	subjectA	sample3	chr22+39209915	125	5	5	TCTGCGCGCTCGCTCGCTCA
test	subjectA	sample3	chr19-6336517	125	5	5	TCTGCGCGCTCGCTCGCTCA
test	subjectA	sample3	chr1-93697061	125	5	5	TCTGCGCGCTCGCTCGCTCA
test	subjectA	sample3	chr4+53519656	125	5	5	TCTGCGCGCTCGCTCGCTCA
test	subjectA	sample3	chr9+11963495	125	5	5	TCTGCGCGCTCGCTCGCTCA
test	subjectA	sample3	chr1+191767065	125	5	5	TCTGCGCGCTCGCTCGCTCA
test	subjectA	sample3	chr17+16073895	125	5	5	TCTGCGCGCTCGCTCGCTCA
test	subjectA	sample3	chr15-97138678	125	5	5	TCTGCGCGCTCGCTCGCTCA
test	subjectA	sample3	chr3-61501023	125	5	5	TCTGCGCGCTCGCTCGCTCA
test	subjectA	sample3	chr13+72109198	125	5	5	TCTGCGCGCTCGCTCGCTCA
test	subjectA	sample3	chr21-29074164	125	5	5	TCTGCGCGCTCGCTCGCTCA
test	subjectA	sample3	chr18+79841066	125	5	5	TCTGCGCGCTCGCTCGCTCA
test	subjectA	sample3	chr5-96550721	125	5	5	TCTGCGCGCTCGCTCGCTCA
test	subjectA	sample3	chr1-121752943	125	5	5	TCTGCGCGCTCGCTCGCTCA
test	subjectA	sample3	chr22+37739457	125	5	5	TCTGCGCGCTCGCTCGCTCA
test	subjectA	sample3	chr8+103064681	125	5	5	TCTGCGCGCTCGCTCGCTCA
test	subjectA	sample3	chr17+9073013	125	5	5	TCTGCGCGCTCGCTCGCTCA
test	subjectA	sample3	chr16+36175086	125	5	5	TCTGCGCGCTCGCTCGCTCA
test	subjectA	sample3	chr9-89904249	125	5	5	TCTGCGCGCTCGCTCGCTCA
test	subjectA	sample3	chr10-46250135	125	5	5	TCTGCGCGCTCGCTCGCTCA
test	subjectA	sample3	chr2-83913102	125	5	5	TCTGCGCGCTCGCTCGCTCA
test	subjectA	sample3	chr16+52576229	125	5	5	TCTGCGCGCTCGCTCGCTCA
test	subjectA	sample3	chr12+43715882	125	5	5	TCTGCGCGCTCGCTCGCTCA
test	subjectA	sample3	chr17-59861866	125	5	5	TCTGCGCGCTCGCTCGCTCA
test	subjectA	sample3	chr14+29750814	125	5	5	TCTGCGCGCTCGCTCGCTCA
test	subjectA	sample3	chr8+78813808	125	5	5	TCTGCGCGCTCGCTCGCTCA
test	subjectA	sample3	chr9-98544703	125	5	5	TCTGCGCGCTCGCTCGCTCA
test	subjectA	sample3	chr4-47243756	125	5	5	TCTGCGCGCTCGCTCGCTCA
test	subjectA	sample3	chr6+157807179	125	5	5	TCTGCGCGCTCGCTCGCTCA
test	subjectA	sample3	chr1-114719577	125	5	5	TCTGCGCGCTCGCTCGCTCA
test	subjectA	sample3	chrX-5218706	125	5	5	TCTGCGCGCTCGCTCGCTCA
test	subjectA	sample3	chr8-54919392	125	5	5	TCTGCGCGCTCGCTCGCTCA
test	subjectA	sample3	chr6+100683073	125	5	5	TCTGCGCGCTCGCTCGCTCA
test	subjectA	sample3	chr5+11122406	125	5	5	TCTGCGCGCTCGCTCGCTCA
test	subjectA	sample3	chr14+43315775	125	5	5	TCTGCGCGCTCGCTCGCTCA
test	subjectA	sample3	chr13-47668842	125	5	5	TCTGCGCGCTCGCTCGCTCA
test	subjectA	sample3	chr14-26236752	125	5	5	TCTGCGCGCTCGCTCGCTCA
test	subjectA	sample3	chr16-62711961	125	5	5	TCTGCGCGCTCGCTCGCTCA
test	subjectA	sample3	chr1-22765070	125	5	5	TCTGCGCGCTCGCTCGCTCA
test	subjectA	sample3	chr13+61141495	125	5	5	TCTGCGCGCTCGCTCGCTCA
test	subjectA	sample3	chr9+114390496	125	5	5	TCTGCGCGCTCGCTCGCTCA
test	subjectA	sample3	chr15+60318202	125	5	5	TCTGCGCGCTCGCTCGCTCA
test	subjectA	sample3	chr2-224630790	125	5	5	TCTGCGCGCTCGCTCGCTCA
test	subjectA	sample3	chr15-66494150	125	5	5	TCTGCGCGCTCGCTCGCTCA
test	subjectA	sample3	chr9+8635236	125	5	5	TCTGCGCGCTCGCTCGCTCA
test	subjectA	sample3	chr11+19662489	125	5	5	TCTGCGCGCTCGCTCGCTCA
test	subjectA	sample3	chr19-14892999	125	5	5	TCTGCGCGCTCGCTCGCTCA
test	subjectA	sample3	chr15+70672611	125	5	5	TCTGCGCGCTCGCTCGCTCA
test	subjectA	sample3	chr6-44458299	125	5	5	TCTGCGCGCTCGCTCGCTCA
test	subjectA	sample3	chr7+137658297	125	5	5	TCTGCGCGCTCGCTCGCTCA
test	subjectA	sample3	chr20+2565807	125	5	5	TCTGCGCGCTCGCTCGCTCA
test	subjectA	sample3	chr16+51104744	125	5	5	TCTGCGCGCTCGCTCGCTCA
test	subjectA	sample3	chr15-47657858	125	5	5	TCTGCGCGCTCGCTCGCTCA
test	subjectA	sample3	chr14-27770759	125	5	5	TCTGCGCGCTCGCTCGCTCA
test	subjectA	sample3	chr2+166923951	125	5	5	TCTGCGCGCTCGCTCGCTCA
test	subjectA	sample3	chrX-128446845	125	5	5	TCTGCGCGCTCGCTCGCTCA
test	subjectA	sample3	chr20-23021886	125	5	5	TCTGCGCGCTCGCTCGCTCA
test	subjectA	sample3	chr5-93181383	125	5	5	TCTGCGCGCTCGCTCGCTCA
test	subjectA	sample3	chr16-690467	125	5	5	TCTGCGCGCTCGCTCGCTCA
test	subjectA	sample3	chr19-42422663	125	5	5	TCTGCGCGCTCGCTCGCTCA
test	subjectA	sample3	chr10-20810738	125	5	5	TCTGCGCGCTCGCTCGCTCA
test	subjectA	sample3	chr17+39606760	125	5	5	TCTGCGCGCTCGCTCGCTCA
test	subjectA	sample3	chr1+224068712	125	5	5	TCTGCGCGCTCGCTCGCTCA
test	subjectA	sample3	chr3-83869381	125	5	5	TCTGCGCGCTCGCTCGCTCA
test	subjectA	sample3	chr22-35411605	125	5	5	TCTGCGCGCTCGCTCGCTCA
test	subjectA	sample3	chr16-26834518	125	5	5	TCTGCGCGCTCGCTCGCTCA
test	subjectA	sample3	chr5+103378773	125	5	5	TCTGCGCGCTCGCTCGCTCA
test	subjectA	sample3	chr18+24102688	125	5	5	TCTGCGCGCTCGCTCGCTCA
test	subjectA	sample3	chr13-110660085	125	5	5	TCTGCGCGCTCGCTCGCTCA
test	subjectA	sample3	chr5-68050976	125	5	5	TCTGCGCGCTCGCTCGCTCA
test	subjectA	sample3	chr19+50386399	125	5	5	TCTGCGCGCTCGCTCGCTCA
test	subjectA	sample3	chr16-53532887	125	5	5	TCTGCGCGCTCGCTCGCTCA
test	subjectA	sample3	chr21-12910419	125	5	5	TCTGCGCGCTCGCTCGCTCA
test	subjectA	sample3	chr6-99124621	125	5	5	TCTGCGCGCTCGCTCGCTCA
test	subjectA	sample3	chr12+98690484	125	5	5	TCTGCGCGCTCGCTCGCTCA
test	subjectA	sample3	chr18-10871882	125	5	5	TCTGCGCGCTCGCTCGCTCA
test	subjectA	sample3	chr18-19844322	125	5	5	TCTGCGCGCTCGCTCGCTCA
test	subjectA	sample3	chr16-68728935	125	5	5	TCTGCGCGCTCGCTCGCTCA
test	subjectA	sample3	chr8+46137717	125	5	5	TCTGCGCGCTCGCTCGCTCA
test	subjectA	sample3	chr11+7884803	125	5	5	TCTGCGCGCTCGCTCGCTCA
test	subjectA	sample3	chr19-52619187	125	5	5	TCTGCGCGCTCGCTCGCTCA
test	subjectA	sample3	chr7-106788404	125	5	5	TCTGCGCGCTCGCTCGCTCA
test	subjectA	sample3	chr12+94609376	125	5	5	TCTGCGCGCTCGCTCGCTCA
test	subjectA	sample3	chr9-113889124	125	5	5	TCTGCGCGCTCGCTCGCTCA
test	subjectA	sample3	chr2-102823413	125	5	5	TCTGCGCGCTCGCTCGCTCA
test	subjectA	sample3	chr12-83862399	125	5	5	TCTGCGCGCTCGCTCGCTCA
test	subjectA	sample3	chr10-124383067	125	5	5	TCTGCGCGCTCGCTCGCTCA
test	subjectA	sample3	chr20-40775577	125	5	5	TCTGCGCGCTCGCTCGCTCA
test	subjectA	sample3	chr20+20829843	125	5	5	TCTGCGCGCTCGCTCGCTCA
test	subjectA	sample3	chr21-28249305	125	5	5	TCTGCGCGCTCGCTCGCTCA
test	subjectA	sample3	chr20-33991059	125	5	5	TCTGCGCGCTCGCTCGCTCA
test	subjectA	sample3	chr14+53809456	125	5	5	TCTGCGCGCTCGCTCGCTCA
test	subjectA	sample3	chr8+98817721	125	5	5	TCTGCGCGCTCGCTCGCTCA
test	subjectA	sample3	chr6-84493616	125	5	5	TCTGCGCGCTCGCTCGCTCA
test	subjectA	sample3	chr18-57123386	125	5	5	TCTGCGCGCTCGCTCGCTCA
test	subjectA	sample3	chr3-14433855	125	5	5	TCTGCGCGCTCGCTCGCTCA
test	subjectA	sample3	chrX-46885736	125	5	5	TCTGCGCGCTCGCTCGCTCA
test	subjectA	sample3	chr8+13606016	125	5	5	TCTGCGCGCTCGCTCGCTCA
test	subjectA	sample3	chr19+27686423	125	5	5	TCTGCGCGCTCGCTCGCTCA
test	subjectA	sample3	chr21-20773142	125	5	5	TCTGCGCGCTCGCTCGCTCA
test	subjectA	sample3	chr20-27481199	125	5	5	TCTGCGCGCTCGCTCGCTCA
test	subjectA	sample3	chr2-11679193	125	5	5	TCTGCGCGCTCGCTCGCTCA
test	subjectA	sample3	chr21+15154318	125	5	5	TCTGCGCGCTCGCTCGCTCA
test	subjectA	sample3	chr13+92981902	125	5	5	TCTGCGCGCTCGCTCGCTCA
test	subjectA	sample3	chr14+26386275	125	5	5	TCTGCGCGCTCGCTCGCTCA
test	subjectA	sample3	chr6+72683316	125	5	5	TCTGCGCGCTCGCTCGCTCA
test	subjectA	sample3	chr22-20219443	125	5	5	TCTGCGCGCTCGCTCGCTCA
test	subjectA	sample3	chr3+602539	125	5	5	TCTGCGCGCTCGCTCGCTCA
test	subjectA	sample3	chr4-161890296	125	5	5	TCTGCGCGCTCGCTCGCTCA
test	subjectA	sample3	chr5-175616878	125	5	5	TCTGCGCGCTCGCTCGCTCA
test	subjectA	sample3	chr14+29020379	125	5	5	TCTGCGCGCTCGCTCGCTCA
test	subjectA	sample3	chr22-28540493	125	5	5	TCTGCGCGCTCGCTCGCTCA
test	subjectA	sample3	chr7-64378213	125	5	5	TCTGCGCGCTCGCTCGCTCA
test	subjectA	sample3	chr2-69542479	125	5	5	TCTGCGCGCTCGCTCGCTCA
test	subjectA	sample3	chr1-227067941	125	5	5	TCTGCGCGCTCGCTCGCTCA
test	subjectA	sample3	chr19-39476320	125	5	5	TCTGCGCGCTCGCTCGCTCA
test	subjectA	sample3	chr2+225461349	125	5	5	TCTGCGCGCTCGCTCGCTCA
test	subjectA	sample3	chrX-49199309	125	5	5	TCTGCGCGCTCGCTCGCTCA
test	subjectA	sample3	chr12+93800371	125	5	5	TCTGCGCGCTCGCTCGCTCA
test	subjectA	sample3	chr11-84573412	125	5	5	TCTGCGCGCTCGCTCGCTCA
test	subjectA	sample3	chr21+11424011	125	5	5	TCTGCGCGCTCGCTCGCTCA
test	subjectA	sample3	chrX+139512192	125	5	5	TCTGCGCGCTCGCTCGCTCA
test	subjectA	sample3	chr20-9665785	125	5	5	TCTGCGCGCTCGCTCGCTCA
test	subjectA	sample3	chr10-60435805	125	5	5	TCTGCGCGCTCGCTCGCTCA
test	subjectA	sample3	chr21-36527105	125	5	5	TCTGCGCGCTCGCTCGCTCA
test	subjectA	sample3	chr16+34225928	125	5	5	TCTGCGCGCTCGCTCGCTCA
test	subjectA	sample3	chr10-55477754	125	5	5	TCTGCGCGCTCGCTCGCTCA
test	subjectA	sample3	chr21+20252873	125	5	5	TCTGCGCGCTCGCTCGCTCA
test	subjectA	sample3	chr21+26690167	125	5	5	TCTGCGCGCTCGCTCGCTCA
test	subjectA	sample3	chr12-127336354	125	5	5	TCTGCGCGCTCGCTCGCTCA
test	subjectA	sample3	chr3-66622164	125	5	5	TCTGCGCGCTCGCTCGCTCA
test	subjectA	sample3	chr18-27788395	125	5	5	TCTGCGCGCTCGCTCGCTCA
test	subjectA	sample3	chr22-41436863	125	5	5	TCTGCGCGCTCGCTCGCTCA
test	subjectA	sample3	chr16+67131936	125	5	5	TCTGCGCGCTCGCTCGCTCA
test	subjectA	sample3	chr9-24956602	125	5	5	TCTGCGCGCTCGCTCGCTCA
test	subjectA	sample3	chr13-44252350	125	5	5	TCTGCGCGCTCGCTCGCTCA
test	subjectA	sample3	chr9-71336986	125	5	5	TCTGCGCGCTCGCTCGCTCA
test	subjectA	sample3	chr19+39708733	125	5	5	TCTGCGCGCTCGCTCGCTCA
test	subjectA	sample3	chr9+5429211	125	5	5	TCTGCGCGCTCGCTCGCTCA
test	subjectA	sample3	chr13-56969645	125	5	5	TCTGCGCGCTCGCTCGCTCA
test	subjectA	sample3	chr1-239246327	125	5	5	TCTGCGCGCTCGCTCGCTCA
test	subjectA	sample3	chr13+107945450	125	5	5	TCTGCGCGCTCGCTCGCTCA
test	subjectA	sample3	chr1+106762118	125	5	5	TCTGCGCGCTCGCTCGCTCA
test	subjectA	sample3	chr17-18694969	125	5	5	TCTGCGCGCTCGCTCGCTCA
test	subjectA	sample3	chr17-26510133	125	5	5	TCTGCGCGCTCGCTCGCTCA
test	subjectA	sample3	chr19-6071724	125	5	5	TCTGCGCGCTCGCTCGCTCA
test	subjectA	sample3	chr9+77863799	125	5	5	TCTGCGCGCTCGCTCGCTCA
test	subjectA	sample3	chr12+49985320	125	5	5	TCTGCGCGCTCGCTCGCTCA
test	subjectA	sample3	chr6+37667086	125	5	5	TCTGCGCGCTCGCTCGCTCA
test	subjectA	sample3	chr1-217354383	125	5	5	TCTGCGCGCTCGCTCGCTCA
test	subjectA	sample3	chr10+64977213	125	5	5	TCTGCGCGCTCGCTCGCTCA
test	subjectA	sample3	chr18-43365191	125	5	5	TCTGCGCGCTCGCTCGCTCA
test	subjectA	sample3	chr17-45987103	125	5	5	TCTGCGCGCTCGCTCGCTCA
test	subjectA	sample3	chr20+13284310	125	5	5	TCTGCGCGCTCGCTCGCTCA
test	subjectA	sample3	chr6+104437853	125	5	5	TCTGCGCGCTCGCTCGCTCA
test	subjectA	sample3	chr12+121798078	125	5	5	TCTGCGCGCTCGCTCGCTCA
test	subjectA	sample3	chr17+47237804	125	5	5	TCTGCGCGCTCGCTCGCTCA
test	subjectA	sample3	chr22+22162352	125	5	5	TCTGCGCGCTCGCTCGCTCA
test	subjectA	sample3	chr5-136335575	125	5	5	TCTGCGCGCTCGCTCGCTCA
test	subjectA	sample3	chr2-28220838	125	5	5	TCTGCGCGCTCGCTCGCTCA
test	subjectA	sample3	chr1-58436789	125	5	5	TCTGCGCGCTCGCTCGCTCA
test	subjectA	sample3	chr14-93667830	125	5	5	TCTGCGCGCTCGCTCGCTCA
test	subjectA	sample3	chr18-62236359	125	5	5	TCTGCGCGCTCGCTCGCTCA
test	subjectA	sample3	chr10+90654987	125	5	5	TCTGCGCGCTCGCTCGCTCA
test	subjectA	sample3	chr7-73638294	125	5	5	TCTGCGCGCTCGCTCGCTCA
test	subjectA	sample3	chr21-32130030	125	5	5	TCTGCGCGCTCGCTCGCTCA
test	subjectA	sample3	chr1-236852132	125	5	5	TCTGCGCGCTCGCTCGCTCA
test	subjectA	sample3	chr2-26526423	125	5	5	TCTGCGCGCTCGCTCGCTCA
test	subjectA	sample3	chr14+60831086	125	5	5	TCTGCGCGCTCGCTCGCTCA
test	subjectA	sample3	chr2-13716098	125	5	5	TCTGCGCGCTCGCTCGCTCA
test	subjectA	sample3	chr18-24573386	125	5	5	TCTGCGCGCTCGCTCGCTCA
test	subjectA	sample3	chr10-7282703	125	5	5	TCTGCGCGCTCGCTCGCTCA
test	subjectA	sample3	chr10+115901734	125	5	5	TCTGCGCGCTCGCTCGCTCA
test	subjectA	sample3	chr21+14251441	125	5	5	TCTGCGCGCTCGCTCGCTCA
test	subjectA	sample3	chr21+12042338	125	5	5	TCTGCGCGCTCGCTCGCTCA
test	subjectA	sample3	chr12+57799558	125	5	5	TCTGCGCGCTCGCTCGCTCA
test	subjectA	sample3	chr12+25887327	125	5	5	TCTGCGCGCTCGCTCGCTCA
test	subjectA	sample3	chr13-28689216	125	5	5	TCTGCGCGCTCGCTCGCTCA
test	subjectA	sample3	chr2+41997035	125	5	5	TCTGCGCGCTCGCTCGCTCA
test	subjectA	sample3	chr18-39391636	125	5	5	TCTGCGCGCTCGCTCGCTCA
test	subjectA	sample3	chr5+106074879	125	5	5	TCTGCGCGCTCGCTCGCTCA
test	subjectA	sample3	chr1+234130428	125	5	5	TCTGCGCGCTCGCTCGCTCA
test	subjectA	sample3	chr17+75166485	125	5	5	TCTGCGCGCTCGCTCGCTCA
test	subjectA	sample3	chrX-80810428	125	5	5	TCTGCGCGCTCGCTCGCTCA
test	subjectA	sample3	chr4-33540515	125	5	5	TCTGCGCGCTCGCTCGCTCA
test	subjectA	sample3	chr6-136817803	125	5	5	TCTGCGCGCTCGCTCGCTCA
test	subjectA	sample3	chr17+79601433	125	5	5	TCTGCGCGCTCGCTCGCTCA
test	subjectA	sample3	chr4+35106571	125	5	5	TCTGCGCGCTCGCTCGCTCA
test	subjectA	sample3	chr9+123911340	125	5	5	TCTGCGCGCTCGCTCGCTCA
test	subjectA	sample3	chr8-122531702	125	5	5	TCTGCGCGCTCGCTCGCTCA
test	subjectA	sample3	chr10+63555836	125	5	5	TCTGCGCGCTCGCTCGCTCA
test	subjectA	sample3	chr16+86668373	125	5	5	TCTGCGCGCTCGCTCGCTCA
test	subjectA	sample3	chr16-82606809	125	5	5	TCTGCGCGCTCGCTCGCTCA
test	subjectA	sample3	chr10+33855895	125	5	5	TCTGCGCGCTCGCTCGCTCA
test	subjectA	sample3	chr12-108223713	125	5	5	TCTGCGCGCTCGCTCGCTCA
test	subjectA	sample3	chr16-20269670	125	5	5	TCTGCGCGCTCGCTCGCTCA
test	subjectA	sample3	chrX-2310582	125	5	5	TCTGCGCGCTCGCTCGCTCA
test	subjectA	sample3	chr5-59593364	125	5	5	TCTGCGCGCTCGCTCGCTCA
test	subjectA	sample3	chr19-9028843	125	5	5	TCTGCGCGCTCGCTCGCTCA
test	subjectA	sample3	chr18-11186667	125	5	5	TCTGCGCGCTCGCTCGCTCA
test	subjectA	sample3	chr12-21787537	125	5	5	TCTGCGCGCTCGCTCGCTCA
test	subjectA	sample3	chr6-112134448	125	5	5	TCTGCGCGCTCGCTCGCTCA
test	subjectA	sample3	chr13-46461877	125	5	5	TCTGCGCGCTCGCTCGCTCA
test	subjectA	sample3	chr1+86834878	125	5	5	TCTGCGCGCTCGCTCGCTCA
test	subjectA	sample3	chr13+31021698	125	5	5	TCTGCGCGCTCGCTCGCTCA
test	subjectA	sample3	chr9-42735967	125	5	5	TCTGCGCGCTCGCTCGCTCA
test	subjectA	sample3	chr11-52433157	125	5	5	TCTGCGCGCTCGCTCGCTCA
test	subjectA	sample3	chr5-100821908	125	5	5	TCTGCGCGCTCGCTCGCTCA
test	subjectA	sample3	chr18-71667463	125	5	5	TCTGCGCGCTCGCTCGCTCA
test	subjectA	sample3	chr15-95811918	125	5	5	TCTGCGCGCTCGCTCGCTCA
test	subjectA	sample3	chr5-95909710	125	5	5	TCTGCGCGCTCGCTCGCTCA
test	subjectA	sample3	chr10-73053528	125	5	5	TCTGCGCGCTCGCTCGCTCA
test	subjectA	sample3	chr10+32267378	125	5	5	TCTGCGCGCTCGCTCGCTCA
test	subjectA	sample3	chrX+29700864	125	5	5	TCTGCGCGCTCGCTCGCTCA
test	subjectA	sample3	chr5+72595899	125	5	5	TCTGCGCGCTCGCTCGCTCA
test	subjectA	sample3	chr20-58687142	125	5	5	TCTGCGCGCTCGCTCGCTCA
test	subjectA	sample3	chr9+13572610	125	5	5	TCTGCGCGCTCGCTCGCTCA
test	subjectA	sample3	chr18+8360327	125	5	5	TCTGCGCGCTCGCTCGCTCA
test	subjectA	sample3	chr15-73534462	125	5	5	TCTGCGCGCTCGCTCGCTCA
test	subjectA	sample3	chr19+51181163	125	5	5	TCTGCGCGCTCGCTCGCTCA
test	subjectA	sample3	chr19+26087461	125	5	5	TCTGCGCGCTCGCTCGCTCA
test	subjectA	sample3	chr22-20725766	125	5	5	TCTGCGCGCTCGCTCGCTCA
test	subjectA	sample3	chr22+22784623	125	5	5	TCTGCGCGCTCGCTCGCTCA
test	subjectA	sample3	chr10-12442580	125	5	5	TCTGCGCGCTCGCTCGCTCA
test	subjectA	sample3	chr16-55871537	125	5	5	TCTGCGCGCTCGCTCGCTCA
test	subjectA	sample3	chr8-126689489	125	5	5	TCTGCGCGCTCGCTCGCTCA
test	subjectA	sample3	chr14-62309692	125	5	5	TCTGCGCGCTCGCTCGCTCA
test	subjectA	sample3	chr10-86241936	125	5	5	TCTGCGCGCTCGCTCGCTCA
test	subjectA	sample3	chr11+44108179	125	5	5	TCTGCGCGCTCGCTCGCTCA
test	subjectA	sample3	chrX+76823193	125	5	5	TCTGCGCGCTCGCTCGCTCA
test	subjectA	sample3	chr3+98024993	125	5	5	TCTGCGCGCTCGCTCGCTCA
test	subjectA	sample3	chr18-7501643	125	5	5	TCTGCGCGCTCGCTCGCTCA
test	subjectA	sample3	chr6-104781139	125	5	5	TCTGCGCGCTCGCTCGCTCA
test	subjectA	sample3	chr18-78390753	125	5	5	TCTGCGCGCTCGCTCGCTCA
test	subjectA	sample3	chr11-99355958	125	5	5	TCTGCGCGCTCGCTCGCTCA
test	subjectA	sample3	chr20+59976931	125	5	5	TCTGCGCGCTCGCTCGCTCA
test	subjectA	sample3	chr20+46457019	125	5	5	TCTGCGCGCTCGCTCGCTCA
test	subjectA	sample3	chr13+21706458	125	5	5	TCTGCGCGCTCGCTCGCTCA
test	subjectA	sample3	chr8-21245089	125	5	5	TCTGCGCGCTCGCTCGCTCA
test	subjectA	sample3	chr21-6868185	125	5	5	TCTGCGCGCTCGCTCGCTCA
test	subjectA	sample3	chr22-29891011	125	5	5	TCTGCGCGCTCGCTCGCTCA
test	subjectA	sample3	chr3-140312657	125	5	5	TCTGCGCGCTCGCTCGCTCA
test	subjectA	sample3	chr5-94115789	125	5	5	TCTGCGCGCTCGCTCGCTCA
test	subjectA	sample3	chr5-45426526	125	5	5	TCTGCGCGCTCGCTCGCTCA
test	subjectA	sample3	chr17+55011113	125	5	5	TCTGCGCGCTCGCTCGCTCA
test	subjectA	sample3	chr17+1701577	125	5	5	TCTGCGCGCTCGCTCGCTCA
test	subjectA	sample3	chr1+214818876	125	5	5	TCTGCGCGCTCGCTCGCTCA
test	subjectA	sample3	chr21-45582701	125	5	5	TCTGCGCGCTCGCTCGCTCA
test	subjectA	sample3	chr2+176107846	125	5	5	TCTGCGCGCTCGCTCGCTCA
test	subjectA	sample3	chr2-233852956	125	5	5	TCTGCGCGCTCGCTCGCTCA
test	subjectA	sample3	chr10+84272174	125	5	5	TCTGCGCGCTCGCTCGCTCA
test	subjectA	sample3	chr22-45696667	125	5	5	TCTGCGCGCTCGCTCGCTCA
test	subjectA	sample3	chr15-59444125	125	5	5	TCTGCGCGCTCGCTCGCTCA
test	subjectA	sample3	chr2-41301338	125	5	5	TCTGCGCGCTCGCTCGCTCA
test	subjectA	sample3	chr19-28137223	125	5	5	TCTGCGCGCTCGCTCGCTCA
test	subjectA	sample3	chr5-128801244	125	5	5	TCTGCGCGCTCGCTCGCTCA
test	subjectA	sample3	chr16-13298007	125	5	5	TCTGCGCGCTCGCTCGCTCA
test	subjectA	sample3	chrX+58942423	125	5	5	TCTGCGCGCTCGCTCGCTCA
test	subjectA	sample3	chr15+86561149	125	5	5	TCTGCGCGCTCGCTCGCTCA
test	subjectA	sample3	chr6+63334488	125	5	5	TCTGCGCGCTCGCTCGCTCA
test	subjectA	sample3	chrX-61510453	125	5	5	TCTGCGCGCTCGCTCGCTCA
test	subjectA	sample3	chr7+2417724	125	5	5	TCTGCGCGCTCGCTCGCTCA
test	subjectA	sample3	chr11-109575012	125	5	5	TCTGCGCGCTCGCTCGCTCA
test	subjectA	sample3	chr9+29118289	125	5	5	TCTGCGCGCTCGCTCGCTCA
test	subjectA	sample3	chr10-51941213	125	5	5	TCTGCGCGCTCGCTCGCTCA
test	subjectA	sample3	chr10+119552219	125	5	5	TCTGCGCGCTCGCTCGCTCA
test	subjectA	sample3	chrX-91927907	125	5	5	TCTGCGCGCTCGCTCGCTCA
test	subjectA	sample3	chr9+31129931	125	5	5	TCTGCGCGCTCGCTCGCTCA
test	subjectA	sample3	chr11-114832161	125	5	5	TCTGCGCGCTCGCTCGCTCA
test	subjectA	sample3	chr3-176822696	125	5	5	TCTGCGCGCTCGCTCGCTCA
test	subjectA	sample3	chr1+28682945	125	5	5	TCTGCGCGCTCGCTCGCTCA
test	subjectA	sample3	chr20+59677328	125	5	5	TCTGCGCGCTCGCTCGCTCA
test	subjectA	sample3	chr10+52152895	125	5	5	TCTGCGCGCTCGCTCGCTCA
test	subjectA	sample3	chr5+168458183	125	5	5	TCTGCGCGCTCGCTCGCTCA
test	subjectA	sample3	chr17-53903927	125	5	5	TCTGCGCGCTCGCTCGCTCA
test	subjectA	sample3	chr19-44435399	125	5	5	TCTGCGCGCTCGCTCGCTCA
test	subjectA	sample3	chr3-4601423	125	5	5	TCTGCGCGCTCGCTCGCTCA
test	subjectA	sample3	chr20-43710672	125	5	5	TCTGCGCGCTCGCTCGCTCA
test	subjectA	sample3	chr3-182576501	125	5	5	TCTGCGCGCTCGCTCGCTCA
test	subjectA	sample3	chr10+125427909	125	5	5	TCTGCGCGCTCGCTCGCTCA
test	subjectA	sample3	chr19-24338771	125	5	5	TCTGCGCGCTCGCTCGCTCA
test	subjectA	sample3	chr9+101251104	125	5	5	TCTGCGCGCTCGCTCGCTCA
test	subjectA	sample3	chr3+169533363	125	5	5	TCTGCGCGCTCGCTCGCTCA
test	subjectA	sample3	chr15-24434588	125	5	5	TCTGCGCGCTCGCTCGCTCA
test	subjectA	sample3	chr19+57840404	125	5	5	TCTGCGCGCTCGCTCGCTCA
test	subjectA	sample3	chr16-71490912	125	5	5	TCTGCGCGCTCGCTCGCTCA
test	subjectA	sample3	chr13-37628394	125	5	5	TCTGCGCGCTCGCTCGCTCA
test	subjectA	sample3	chr5-140028762	125	5	5	TCTGCGCGCTCGCTCGCTCA
test	subjectA	sample3	chr1+65490430	125	5	5	TCTGCGCGCTCGCTCGCTCA
test	subjectA	sample3	chr18-45824095	125	5	5	TCTGCGCGCTCGCTCGCTCA
test	subjectA	sample3	chr21+30728098	125	5	5	TCTGCGCGCTCGCTCGCTCA
test	subjectA	sample3	chr14-80585397	125	5	5	TCTGCGCGCTCGCTCGCTCA
test	subjectA	sample3	chr12+56654384	125	5	5	TCTGCGCGCTCGCTCGCTCA
test	subjectA	sample3	chr11+118268826	125	5	5	TCTGCGCGCTCGCTCGCTCA
test	subjectA	sample3	chr20+6257380	125	5	5	TCTGCGCGCTCGCTCGCTCA
test	subjectA	sample3	chr3-82002346	125	5	5	TCTGCGCGCTCGCTCGCTCA
test	subjectA	sample3	chr6-120248663	125	5	5	TCTGCGCGCTCGCTCGCTCA
test	subjectA	sample3	chr21-17814991	125	5	5	TCTGCGCGCTCGCTCGCTCA
test	subjectA	sample3	chr4+161238016	125	5	5	TCTGCGCGCTCGCTCGCTCA
test	subjectA	sample3	chr22+25461308	125	5	5	TCTGCGCGCTCGCTCGCTCA
test	subjectA	sample3	chr3-89671258	125	5	5	TCTGCGCGCTCGCTCGCTCA
test	subjectA	sample3	chr2+61559812	125	5	5	TCTGCGCGCTCGCTCGCTCA
test	subjectA	sample3	chr16-20908377	125	5	5	TCTGCGCGCTCGCTCGCTCA
test	subjectA	sample3	chrX+78649974	125	5	5	TCTGCGCGCTCGCTCGCTCA
test	subjectA	sample3	chr11+62362063	125	5	5	TCTGCGCGCTCGCTCGCTCA
test	subjectA	sample3	chr9+113116188	125	5	5	TCTGCGCGCTCGCTCGCTCA
test	subjectA	sample3	chr11-126779044	125	5	5	TCTGCGCGCTCGCTCGCTCA
test	subjectA	sample3	chr16+54069809	125	5	5	TCTGCGCGCTCGCTCGCTCA
test	subjectA	sample3	chr19-41301237	125	5	5	TCTGCGCGCTCGCTCGCTCA
test	subjectA	sample3	chr5+146383693	125	5	5	TCTGCGCGCTCGCTCGCTCA
test	subjectA	sample3	chr15-83906463	125	5	5	TCTGCGCGCTCGCTCGCTCA
test	subjectA	sample3	chr15+88214246	125	5	5	TCTGCGCGCTCGCTCGCTCA
test	subjectA	sample3	chr2+216930265	125	5	5	TCTGCGCGCTCGCTCGCTCA
test	subjectA	sample3	chr6+8929461	125	5	5	TCTGCGCGCTCGCTCGCTCA
test	subjectA	sample3	chr8+9220218	125	5	5	TCTGCGCGCTCGCTCGCTCA
test	subjectA	sample3	chr19+22181253	125	5	5	TCTGCGCGCTCGCTCGCTCA
test	subjectA	sample3	chr12-8780403	125	5	5	TCTGCGCGCTCGCTCGCTCA
test	subjectA	sample3	chr21+26729903	125	5	5	TCTGCGCGCTCGCTCGCTCA
test	subjectA	sample3	chr9-9358257	125	5	5	TCTGCGCGCTCGCTCGCTCA
test	subjectA	sample3	chr10+30652971	125	5	5	TCTGCGCGCTCGCTCGCTCA
test	subjectA	sample3	chr3-107604576	125	5	5	TCTGCGCGCTCGCTCGCTCA
test	subjectA	sample3	chr15+37342822	125	5	5	TCTGCGCGCTCGCTCGCTCA
test	subjectA	sample3	chr21-16815200	125	5	5	TCTGCGCGCTCGCTCGCTCA
test	subjectA	sample3	chr18-51521507	125	5	5	TCTGCGCGCTCGCTCGCTCA
test	subjectA	sample3	chr11+13726038	125	5	5	TCTGCGCGCTCGCTCGCTCA
test	subjectA	sample3	chr21+10424177	125	5	5	TCTGCGCGCTCGCTCGCTCA
test	subjectA	sample3	chr3-75324599	125	5	5	TCTGCGCGCTCGCTCGCTCA
test	subjectA	sample3	chr5+20731614	125	5	5	TCTGCGCGCTCGCTCGCTCA
test	subjectA	sample3	chr7+141134142	125	5	5	TCTGCGCGCTCGCTCGCTCA
test	subjectA	sample3	chr16+61726040	125	5	5	TCTGCGCGCTCGCTCGCTCA
test	subjectA	sample3	chr15+75194083	125	5	5	TCTGCGCGCTCGCTCGCTCA
test	subjectA	sample3	chr11-131302796	125	5	5	TCTGCGCGCTCGCTCGCTCA
test	subjectA	sample3	chr15-41672925	125	5	5	TCTGCGCGCTCGCTCGCTCA
test	subjectA	sample3	chr14-21416613	125	5	5	TCTGCGCGCTCGCTCGCTCA
test	subjectA	sample3	chr17+24073146	125	5	5	TCTGCGCGCTCGCTCGCTCA
test	subjectA	sample3	chr21+17398238	125	5	5	TCTGCGCGCTCGCTCGCTCA
test	subjectA	sample3	chr18-35109776	125	5	5	TCTGCGCGCTCGCTCGCTCA
test	subjectA	sample3	chr11-33749062	125	5	5	TCTGCGCGCTCGCTCGCTCA
test	subjectA	sample3	chr1+71008567	125	5	5	TCTGCGCGCTCGCTCGCTCA
test	subjectA	sample3	chr14+41612986	125	5	5	TCTGCGCGCTCGCTCGCTCA
test	subjectA	sample3	chr14-81483803	125	5	5	TCTGCGCGCTCGCTCGCTCA
test	subjectA	sample3	chr10-116324980	125	5	5	TCTGCGCGCTCGCTCGCTCA
test	subjectA	sample3	chr14-35817613	125	5	5	TCTGCGCGCTCGCTCGCTCA
test	subjectA	sample3	chr11-24938618	125	5	5	TCTGCGCGCTCGCTCGCTCA
test	subjectA	sample3	chr14+76273561	125	5	5	TCTGCGCGCTCGCTCGCTCA
test	subjectA	sample3	chr2-221534335	125	5	5	TCTGCGCGCTCGCTCGCTCA
test	subjectA	sample3	chr19+39859138	125	5	5	TCTGCGCGCTCGCTCGCTCA
test	subjectA	sample3	chr5-56558111	125	5	5	TCTGCGCGCTCGCTCGCTCA
test	subjectA	sample3	chr2+143039173	125	5	5	TCTGCGCGCTCGCTCGCTCA
test	subjectA	sample3	chr19-13916319	125	5	5	TCTGCGCGCTCGCTCGCTCA
test	subjectA	sample3	chr1-18734373	125	5	5	TCTGCGCGCTCGCTCGCTCA
test	subjectA	sample3	chr13+80072961	125	5	5	TCTGCGCGCTCGCTCGCTCA
test	subjectA	sample3	chr21+15663000	125	5	5	TCTGCGCGCTCGCTCGCTCA
test	subjectA	sample3	chr3+87449550	125	5	5	TCTGCGCGCTCGCTCGCTCA
test	subjectA	sample3	chr14-41879399	125	5	5	TCTGCGCGCTCGCTCGCTCA
test	subjectA	sample3	chr22-12795379	125	5	5	TCTGCGCGCTCGCTCGCTCA
test	subjectA	sample3	chr11-97469382	125	5	5	TCTGCGCGCTCGCTCGCTCA
test	subjectA	sample3	chr7-71566788	125	5	5	TCTGCGCGCTCGCTCGCTCA
test	subjectA	sample3	chr17+22278030	125	5	5	TCTGCGCGCTCGCTCGCTCA
test	subjectA	sample3	chr10-102560529	125	5	5	TCTGCGCGCTCGCTCGCTCA
test	subjectA	sample3	chrX-139606799	125	5	5	TCTGCGCGCTCGCTCGCTCA
test	subjectA	sample3	chr7+157662467	125	5	5	TCTGCGCGCTCGCTCGCTCA
test	subjectA	sample3	chrX-112133724	125	5	5	TCTGCGCGCTCGCTCGCTCA
test	subjectA	sample3	chr1+122426079	125	5	5	TCTGCGCGCTCGCTCGCTCA
test	subjectA	sample3	chr2-182253749	125	5	5	TCTGCGCGCTCGCTCGCTCA
test	subjectA	sample3	chr19-53817431	125	5	5	TCTGCGCGCTCGCTCGCTCA
test	subjectA	sample3	chrX-126635307	125	5	5	TCTGCGCGCTCGCTCGCTCA
test	subjectA	sample3	chr13+62082952	125	5	5	TCTGCGCGCTCGCTCGCTCA
test	subjectA	sample3	chr3-73166877	125	5	5	TCTGCGCGCTCGCTCGCTCA
test	subjectA	sample3	chr13-109440250	125	5	5	TCTGCGCGCTCGCTCGCTCA
test	subjectA	sample3	chr19+18028200	125	5	5	TCTGCGCGCTCGCTCGCTCA
test	subjectA	sample3	chrX-65903802	125	5	5	TCTGCGCGCTCGCTCGCTCA
test	subjectA	sample3	chr3-151358978	125	5	5	TCTGCGCGCTCGCTCGCTCA
test	subjectA	sample3	chr9+22574164	125	5	5	TCTGCGCGCTCGCTCGCTCA
test	subjectA	sample3	chr16+35986679	125	5	5	TCTGCGCGCTCGCTCGCTCA
test	subjectA	sample3	chr9-68991356	125	5	5	TCTGCGCGCTCGCTCGCTCA
test	subjectA	sample3	chr19-32319949	125	5	5	TCTGCGCGCTCGCTCGCTCA
test	subjectA	sample3	chr15-90924631	125	5	5	TCTGCGCGCTCGCTCGCTCA
test	subjectA	sample3	chr15-67350592	125	5	5	TCTGCGCGCTCGCTCGCTCA
test	subjectA	sample3	chr11+88570608	125	5	5	TCTGCGCGCTCGCTCGCTCA
test	subjectA	sample3	chr22+16938837	125	5	5	TCTGCGCGCTCGCTCGCTCA
test	subjectA	sample3	chr20-61213971	125	5	5	TCTGCGCGCTCGCTCGCTCA
test	subjectA	sample3	chr20-16690114	125	5	5	TCTGCGCGCTCGCTCGCTCA
test	subjectA	sample3	chr2+105628531	125	5	5	TCTGCGCGCTCGCTCGCTCA
test	subjectA	sample3	chr21-6506544	125	5	5	TCTGCGCGCTCGCTCGCTCA
test	subjectA	sample3	chrX-124993317	125	5	5	TCTGCGCGCTCGCTCGCTCA
test	subjectA	sample3	chr11+67714648	125	5	5	TCTGCGCGCTCGCTCGCTCA
test	subjectA	sample3	chr11-39689571	125	5	5	TCTGCGCGCTCGCTCGCTCA
test	subjectA	sample3	chr2+171106478	125	5	5	TCTGCGCGCTCGCTCGCTCA
test	subjectA	sample3	chr12-123997800	125	5	5	TCTGCGCGCTCGCTCGCTCA
test	subjectA	sample3	chr4-34443851	125	5	5	TCTGCGCGCTCGCTCGCTCA
test	subjectA	sample3	chr22+28543454	125	5	5	TCTGCGCGCTCGCTCGCTCA
test	subjectA	sample3	chr20-7133165	125	5	5	TCTGCGCGCTCGCTCGCTCA
test	subjectA	sample3	chr5-116827683	125	5	5	TCTGCGCGCTCGCTCGCTCA
test	subjectA	sample3	chr21+45625085	125	5	5	TCTGCGCGCTCGCTCGCTCA
test	subjectA	sample3	chr2-149520643	125	5	5	TCTGCGCGCTCGCTCGCTCA
test	subjectA	sample3	chr6-12808614	125	5	5	TCTGCGCGCTCGCTCGCTCA
test	subjectA	sample3	chr14-90720677	125	5	5	TCTGCGCGCTCGCTCGCTCA
test	subjectA	sample3	chr7-126991641	125	5	5	TCTGCGCGCTCGCTCGCTCA
test	subjectA	sample3	chr11+78913646	125	5	5	TCTGCGCGCTCGCTCGCTCA
test	subjectA	sample3	chr19-17046877	125	5	5	TCTGCGCGCTCGCTCGCTCA
test	subjectA	sample3	chr21-40451769	125	5	5	TCTGCGCGCTCGCTCGCTCA
test	subjectA	sample3	chr9+91806537	125	5	5	TCTGCGCGCTCGCTCGCTCA
test	subjectA	sample3	chr6-150002269	125	5	5	TCTGCGCGCTCGCTCGCTCA
test	subjectA	sample3	chr16+60312730	125	5	5	TCTGCGCGCTCGCTCGCTCA
test	subjectA	sample3	chr6-164195957	125	5	5	TCTGCGCGCTCGCTCGCTCA
test	subjectA	sample3	chr6+140185838	125	5	5	TCTGCGCGCTCGCTCGCTCA
test	subjectA	sample3	chr14+79415464	125	5	5	TCTGCGCGCTCGCTCGCTCA
test	subjectA	sample3	chr12+101213850	125	5	5	TCTGCGCGCTCGCTCGCTCA
test	subjectA	sample3	chr21-30305790	125	5	5	TCTGCGCGCTCGCTCGCTCA
test	subjectA	sample3	chr10-104541614	125	5	5	TCTGCGCGCTCGCTCGCTCA
test	subjectA	sample3	chr8-49650065	125	5	5	TCTGCGCGCTCGCTCGCTCA
test	subjectA	sample3	chr18-1584782	125	5	5	TCTGCGCGCTCGCTCGCTCA
test	subjectA	sample3	chr7+95998493	125	5	5	TCTGCGCGCTCGCTCGCTCA
test	subjectA	sample3	chr20-46054292	125	5	5	TCTGCGCGCTCGCTCGCTCA
test	subjectA	sample3	chr20+23713879	125	5	5	TCTGCGCGCTCGCTCGCTCA
test	subjectA	sample3	chr4-62327726	125	5	5	TCTGCGCGCTCGCTCGCTCA
test	subjectA	sample3	chr8+25183693	125	5	5	TCTGCGCGCTCGCTCGCTCA
test	subjectA	sample3	chr9-71289718	125	5	5	TCTGCGCGCTCGCTCGCTCA
test	subjectA	sample3	chr7-46566264	125	5	5	TCTGCGCGCTCGCTCGCTCA
test	subjectA	sample3	chr17-80298721	125	5	5	TCTGCGCGCTCGCTCGCTCA
test	subjectA	sample3	chr1+53761048	125	5	5	TCTGCGCGCTCGCTCGCTCA
test	subjectA	sample3	chr20-6582462	125	5	5	TCTGCGCGCTCGCTCGCTCA
test	subjectA	sample3	chr10-29878651	125	5	5	TCTGCGCGCTCGCTCGCTCA
test	subjectA	sample3	chrX+75437657	125	5	5	TCTGCGCGCTCGCTCGCTCA
test	subjectA	sample3	chr19+52229719	125	5	5	TCTGCGCGCTCGCTCGCTCA
test	subjectA	sample3	chr2-212332118	125	5	5	TCTGCGCGCTCGCTCGCTCA
test	subjectA	sample3	chr3-182101105	125	5	5	TCTGCGCGCTCGCTCGCTCA
test	subjectA	sample3	chr9-113627039	125	5	5	TCTGCGCGCTCGCTCGCTCA
test	subjectA	sample3	chr12+30467621	125	5	5	TCTGCGCGCTCGCTCGCTCA
test	subjectA	sample3	chr1-19341246	125	5	5	TCTGCGCGCTCGCTCGCTCA
test	subjectA	sample3	chr18-46407835	125	5	5	TCTGCGCGCTCGCTCGCTCA
test	subjectA	sample3	chr18+49109662	125	5	5	TCTGCGCGCTCGCTCGCTCA
test	subjectA	sample3	chr19+20166353	125	5	5	TCTGCGCGCTCGCTCGCTCA
test	subjectA	sample3	chr4+96827890	125	5	5	TCTGCGCGCTCGCTCGCTCA
test	subjectA	sample3	chr14+18459238	125	5	5	TCTGCGCGCTCGCTCGCTCA
test	subjectA	sample3	chr12+101754982	125	5	5	TCTGCGCGCTCGCTCGCTCA
test	subjectA	sample3	chr2+180217081	125	5	5	TCTGCGCGCTCGCTCGCTCA
test	subjectA	sample3	chr13+101297586	125	5	5	TCTGCGCGCTCGCTCGCTCA
test	subjectA	sample3	chr7+99791559	125	5	5	TCTGCGCGCTCGCTCGCTCA
test	subjectA	sample3	chr3+37458986	125	5	5	TCTGCGCGCTCGCTCGCTCA
test	subjectA	sample3	chr9+31188390	125	5	5	TCTGCGCGCTCGCTCGCTCA
test	subjectA	sample3	chr4-134987227	125	5	5	TCTGCGCGCTCGCTCGCTCA
test	subjectA	sample3	chr13+102654425	125	5	5	TCTGCGCGCTCGCTCGCTCA
test	subjectA	sample3	chr22-47577387	125	5	5	TCTGCGCGCTCGCTCGCTCA
test	subjectA	sample3	chr18+73297259	125	5	5	TCTGCGCGCTCGCTCGCTCA
test	subjectA	sample3	chr6+123239091	125	5	5	TCTGCGCGCTCGCTCGCTCA
test	subjectA	sample3	chr1+78623196	125	5	5	TCTGCGCGCTCGCTCGCTCA
test	subjectA	sample3	chr10-71901450	125	5	5	TCTGCGCGCTCGCTCGCTCA
test	subjectA	sample3	chr5+95916030	125	5	5	TCTGCGCGCTCGCTCGCTCA
test	subjectA	sample3	chr12-26793864	125	5	5	TCTGCGCGCTCGCTCGCTCA
test	subjectA	sample3	chr21-36682875	125	5	5	TCTGCGCGCTCGCTCGCTCA
test	subjectA	sample3	chr5-159695655	125	5	5	TCTGCGCGCTCGCTCGCTCA
test	subjectA	sample3	chr2-242116329	125	5	5	TCTGCGCGCTCGCTCGCTCA
test	subjectA	sample3	chr7-24364297	125	5	5	TCTGCGCGCTCGCTCGCTCA
test	subjectA	sample3	chr8-62360753	125	5	5	TCTGCGCGCTCGCTCGCTCA
test	subjectA	sample3	chrX-18201326	125	5	5	TCTGCGCGCTCGCTCGCTCA
test	subjectA	sample3	chr10+31231087	125	5	5	TCTGCGCGCTCGCTCGCTCA
test	subjectA	sample3	chr1+166505304	125	5	5	TCTGCGCGCTCGCTCGCTCA
test	subjectA	sample3	chr4+181579435	125	5	5	TCTGCGCGCTCGCTCGCTCA
test	subjectA	sample3	chr19+55686218	125	5	5	TCTGCGCGCTCGCTCGCTCA
test	subjectA	sample3	chr12-62413628	125	5	5	TCTGCGCGCTCGCTCGCTCA
test	subjectA	sample3	chr1-213442733	125	5	5	TCTGCGCGCTCGCTCGCTCA
test	subjectA	sample3	chr15-30272417	125	5	5	TCTGCGCGCTCGCTCGCTCA
test	subjectA	sample3	chr15+22392138	125	5	5	TCTGCGCGCTCGCTCGCTCA
test	subjectA	sample3	chr22+26349237	125	5	5	TCTGCGCGCTCGCTCGCTCA
test	subjectA	sample3	chr16+12136862	125	5	5	TCTGCGCGCTCGCTCGCTCA
test	subjectA	sample3	chr1-106102158	125	5	5	TCTGCGCGCTCGCTCGCTCA
test	subjectA	sample3	chr10+92954102	125	5	5	TCTGCGCGCTCGCTCGCTCA
test	subjectA	sample3	chr12-92167615	125	5	5	TCTGCGCGCTCGCTCGCTCA
test	subjectA	sample3	chr22+30107839	125	5	5	TCTGCGCGCTCGCTCGCTCA
test	subjectA	sample3	chr3+47356178	125	5	5	TCTGCGCGCTCGCTCGCTCA
test	subjectA	sample3	chr21-14638669	125	5	5	TCTGCGCGCTCGCTCGCTCA
test	subjectA	sample3	chr9-87355197	125	5	5	TCTGCGCGCTCGCTCGCTCA
test	subjectA	sample3	chr22+26453465	125	5	5	TCTGCGCGCTCGCTCGCTCA
test	subjectA	sample3	chr15+43971292	125	5	5	TCTGCGCGCTCGCTCGCTCA
test	subjectA	sample3	chr19+45883391	125	5	5	TCTGCGCGCTCGCTCGCTCA
test	subjectA	sample3	chr1+173908948	125	5	5	TCTGCGCGCTCGCTCGCTCA
test	subjectA	sample3	chr1-100370099	125	5	5	TCTGCGCGCTCGCTCGCTCA
test	subjectA	sample3	chr5-71231896	125	5	5	TCTGCGCGCTCGCTCGCTCA
test	subjectA	sample3	chr10-68385938	125	5	5	TCTGCGCGCTCGCTCGCTCA
test	subjectA	sample3	chr13+80315405	125	5	5	TCTGCGCGCTCGCTCGCTCA
test	subjectA	sample3	chr13+92153219	125	5	5	TCTGCGCGCTCGCTCGCTCA
test	subjectA	sample3	chr12+61002411	125	5	5	TCTGCGCGCTCGCTCGCTCA
test	subjectA	sample3	chr11-127555693	125	5	5	TCTGCGCGCTCGCTCGCTCA
test	subjectA	sample3	chr1+57483230	125	5	5	TCTGCGCGCTCGCTCGCTCA
test	subjectA	sample3	chr7-25459320	125	5	5	TCTGCGCGCTCGCTCGCTCA
test	subjectA	sample3	chr16-17985562	125	5	5	TCTGCGCGCTCGCTCGCTCA
test	subjectA	sample3	chr2+86889308	125	5	5	TCTGCGCGCTCGCTCGCTCA
test	subjectA	sample3	chr21+38591796	125	5	5	TCTGCGCGCTCGCTCGCTCA
test	subjectA	sample3	chr21+26660200	125	5	5	TCTGCGCGCTCGCTCGCTCA
test	subjectA	sample3	chr1-214585282	125	5	5	TCTGCGCGCTCGCTCGCTCA
test	subjectA	sample3	chr21-16870094	125	5	5	TCTGCGCGCTCGCTCGCTCA
test	subjectA	sample3	chr17+23703531	125	5	5	TCTGCGCGCTCGCTCGCTCA
test	subjectA	sample3	chr4+102601188	125	5	5	TCTGCGCGCTCGCTCGCTCA
test	subjectA	sample3	chr12+67578498	125	5	5	TCTGCGCGCTCGCTCGCTCA
test	subjectA	sample3	chr5-85256181	125	5	5	TCTGCGCGCTCGCTCGCTCA
test	subjectA	sample3	chr11-21287004	125	5	5	TCTGCGCGCTCGCTCGCTCA
test	subjectA	sample3	chr20+5151920	125	5	5	TCTGCGCGCTCGCTCGCTCA
test	subjectA	sample3	chr14-44818189	125	5	5	TCTGCGCGCTCGCTCGCTCA
test	subjectA	sample3	chr20-14365981	125	5	5	TCTGCGCGCTCGCTCGCTCA
test	subjectA	sample3	chr21+12681543	125	5	5	TCTGCGCGCTCGCTCGCTCA
test	subjectA	sample3	chr7-133871175	125	5	5	TCTGCGCGCTCGCTCGCTCA
test	subjectA	sample3	chrX+114678797	125	5	5	TCTGCGCGCTCGCTCGCTCA
test	subjectA	sample3	chrX+59262515	125	5	5	TCTGCGCGCTCGCTCGCTCA
test	subjectA	sample3	chr18-13558060	125	5	5	TCTGCGCGCTCGCTCGCTCA
test	subjectA	sample3	chr17-30603947	125	5	5	TCTGCGCGCTCGCTCGCTCA
test	subjectA	sample3	chr20+9949715	125	5	5	TCTGCGCGCTCGCTCGCTCA
test	subjectA	sample3	chr9+135660400	125	5	5	TCTGCGCGCTCGCTCGCTCA
test	subjectA	sample3	chr3-145838867	125	5	5	TCTGCGCGCTCGCTCGCTCA
test	subjectA	sample3	chr12+127230563	125	5	5	TCTGCGCGCTCGCTCGCTCA
test	subjectA	sample3	chr6+86427508	125	5	5	TCTGCGCGCTCGCTCGCTCA
test	subjectA	sample3	chr11+108855806	125	5	5	TCTGCGCGCTCGCTCGCTCA
test	subjectA	sample3	chr11-86334428	125	5	5	TCTGCGCGCTCGCTCGCTCA
test	subjectA	sample3	chr6+24890899	125	5	5	TCTGCGCGCTCGCTCGCTCA
test	subjectA	sample3	chr13+68694069	125	5	5	TCTGCGCGCTCGCTCGCTCA
test	subjectA	sample3	chr17+81650161	125	5	5	TCTGCGCGCTCGCTCGCTCA
test	subjectA	sample3	chr2+127069633	125	5	5	TCTGCGCGCTCGCTCGCTCA
test	subjectA	sample3	chr8+141836069	125	5	5	TCTGCGCGCTCGCTCGCTCA
test	subjectA	sample3	chr12-24706893	125	5	5	TCTGCGCGCTCGCTCGCTCA
test	subjectA	sample3	chr21+8197639	125	5	5	TCTGCGCGCTCGCTCGCTCA
test	subjectA	sample3	chr15-45866611	125	5	5	TCTGCGCGCTCGCTCGCTCA
test	subjectA	sample3	chr4-175155864	125	5	5	TCTGCGCGCTCGCTCGCTCA
test	subjectA	sample3	chr15-26791771	125	5	5	TCTGCGCGCTCGCTCGCTCA
test	subjectA	sample3	chr4+153009440	125	5	5	TCTGCGCGCTCGCTCGCTCA
test	subjectA	sample3	chr2+26526621	125	5	5	TCTGCGCGCTCGCTCGCTCA
test	subjectA	sample3	chr14+28448662	125	5	5	TCTGCGCGCTCGCTCGCTCA
test	subjectA	sample3	chr6+30862045	125	5	5	TCTGCGCGCTCGCTCGCTCA
test	subjectA	sample3	chr20-49928955	125	5	5	TCTGCGCGCTCGCTCGCTCA
test	subjectA	sample3	chr15+26528190	125	5	5	TCTGCGCGCTCGCTCGCTCA
test	subjectA	sample3	chr8+123454729	125	5	5	TCTGCGCGCTCGCTCGCTCA
test	subjectA	sample3	chr22+14930737	125	5	5	TCTGCGCGCTCGCTCGCTCA
test	subjectA	sample3	chr12+103398811	125	5	5	TCTGCGCGCTCGCTCGCTCA
test	subjectA	sample3	chr19-6605506	125	5	5	TCTGCGCGCTCGCTCGCTCA
test	subjectA	sample3	chr11+32574869	125	5	5	TCTGCGCGCTCGCTCGCTCA
test	subjectA	sample3	chr8-36029430	125	5	5	TCTGCGCGCTCGCTCGCTCA
test	subjectA	sample3	chr14+57327020	125	5	5	TCTGCGCGCTCGCTCGCTCA
test	subjectA	sample3	chr4+138080084	125	5	5	TCTGCGCGCTCGCTCGCTCA
test	subjectA	sample3	chr18+21352792	125	5	5	TCTGCGCGCTCGCTCGCTCA
test	subjectA	sample3	chr2+163435330	125	5	5	TCTGCGCGCTCGCTCGCTCA
test	subjectA	sample3	chr8+84841454	125	5	5	TCTGCGCGCTCGCTCGCTCA
test	subjectA	sample3	chr10-88139305	125	5	5	TCTGCGCGCTCGCTCGCTCA
test	subjectA	sample3	chr9-63912699	125	5	5	TCTGCGCGCTCGCTCGCTCA
test	subjectA	sample3	chr17+81201572	125	5	5	TCTGCGCGCTCGCTCGCTCA
test	subjectA	sample3	chr3+53458755	125	5	5	TCTGCGCGCTCGCTCGCTCA
test	subjectA	sample3	chr8+83664410	125	5	5	TCTGCGCGCTCGCTCGCTCA
test	subjectA	sample3	chr3-189004917	125	5	5	TCTGCGCGCTCGCTCGCTCA
test	subjectA	sample3	chr16-31792447	125	5	5	TCTGCGCGCTCGCTCGCTCA
test	subjectA	sample3	chr15-21371340	125	5	5	TCTGCGCGCTCGCTCGCTCA
test	subjectA	sample3	chr17+1743092	125	5	5	TCTGCGCGCTCGCTCGCTCA
test	subjectA	sample3	chr7-104261966	125	5	5	TCTGCGCGCTCGCTCGCTCA
test	subjectA	sample3	chr5+52970954	125	5	5	TCTGCGCGCTCGCTCGCTCA
test	subjectA	sample3	chr17+37935557	125	5	5	TCTGCGCGCTCGCTCGCTCA
test	subjectA	sample3	chr11-60858186	125	5	5	TCTGCGCGCTCGCTCGCTCA
test	subjectA	sample3	chr8-32974488	125	5	5	TCTGCGCGCTCGCTCGCTCA
test	subjectA	sample3	chr6+86692874	125	5	5	TCTGCGCGCTCGCTCGCTCA
test	subjectA	sample3	chr9-127437817	125	5	5	TCTGCGCGCTCGCTCGCTCA
test	subjectA	sample3	chr4-153164222	125	5	5	TCTGCGCGCTCGCTCGCTCA
test	subjectA	sample3	chr11+9907542	125	5	5	TCTGCGCGCTCGCTCGCTCA
test	subjectA	sample3	chr8-101229781	125	5	5	TCTGCGCGCTCGCTCGCTCA
test	subjectA	sample3	chr14-61718205	125	5	5	TCTGCGCGCTCGCTCGCTCA
test	subjectA	sample3	chr10+13168679	125	5	5	TCTGCGCGCTCGCTCGCTCA
test	subjectA	sample3	chr9-73179858	125	5	5	TCTGCGCGCTCGCTCGCTCA
test	subjectA	sample3	chr20+26119858	125	5	5	TCTGCGCGCTCGCTCGCTCA
test	subjectA	sample3	chr3+114303236	125	5	5	TCTGCGCGCTCGCTCGCTCA
test	subjectA	sample3	chr16+19718063	125	5	5	TCTGCGCGCTCGCTCGCTCA
test	subjectA	sample3	chr8+64491557	125	5	5	TCTGCGCGCTCGCTCGCTCA
test	subjectA	sample3	chr17+36590561	125	5	5	TCTGCGCGCTCGCTCGCTCA
test	subjectA	sample3	chr8+131619162	125	5	5	TCTGCGCGCTCGCTCGCTCA
test	subjectA	sample3	chr1-152301333	125	5	5	TCTGCGCGCTCGCTCGCTCA
test	subjectA	sample3	chr3-133433942	125	5	5	TCTGCGCGCTCGCTCGCTCA
test	subjectA	sample3	chr9+28682327	125	5	5	TCTGCGCGCTCGCTCGCTCA
test	subjectA	sample3	chr6+70376723	125	5	5	TCTGCGCGCTCGCTCGCTCA
test	subjectA	sample3	chr21+9297095	125	5	5	TCTGCGCGCTCGCTCGCTCA
test	subjectA	sample3	chr19-1003845	125	5	5	TCTGCGCGCTCGCTCGCTCA
test	subjectA	sample3	chr13-82269125	125	5	5	TCTGCGCGCTCGCTCGCTCA
test	subjectA	sample3	chr10+28908467	125	5	5	TCTGCGCGCTCGCTCGCTCA
test	subjectA	sample3	chr12-127192915	125	5	5	TCTGCGCGCTCGCTCGCTCA
test	subjectA	sample3	chr13+32991270	125	5	5	TCTGCGCGCTCGCTCGCTCA
test	subjectA	sample3	chr7-97501409	125	5	5	TCTGCGCGCTCGCTCGCTCA
test	subjectA	sample3	chr11+32468529	125	5	5	TCTGCGCGCTCGCTCGCTCA
test	subjectA	sample3	chr9+138147218	125	5	5	TCTGCGCGCTCGCTCGCTCA
test	subjectA	sample3	chr4-146091908	125	5	5	TCTGCGCGCTCGCTCGCTCA
test	subjectA	sample3	chr6-43665856	125	5	5	TCTGCGCGCTCGCTCGCTCA
test	subjectA	sample3	chr17+804401	125	5	5	TCTGCGCGCTCGCTCGCTCA
test	subjectA	sample3	chr12+69634103	125	5	5	TCTGCGCGCTCGCTCGCTCA
test	subjectA	sample3	chr11+2576784	125	5	5	TCTGCGCGCTCGCTCGCTCA
test	subjectA	sample3	chr12+87904539	125	5	5	TCTGCGCGCTCGCTCGCTCA
test	subjectA	sample3	chr22-28718582	125	5	5	TCTGCGCGCTCGCTCGCTCA
test	subjectA	sample3	chr18-45783522	125	5	5	TCTGCGCGCTCGCTCGCTCA
test	subjectA	sample3	chr13-64978417	125	5	5	TCTGCGCGCTCGCTCGCTCA
test	subjectA	sample3	chr6-287323	125	5	5	TCTGCGCGCTCGCTCGCTCA
test	subjectA	sample3	chr6-147375944	125	5	5	TCTGCGCGCTCGCTCGCTCA
test	subjectA	sample3	chr7-95696413	125	5	5	TCTGCGCGCTCGCTCGCTCA
test	subjectA	sample3	chr11-76762552	125	5	5	TCTGCGCGCTCGCTCGCTCA
test	subjectA	sample3	chr9-65533222	125	5	5	TCTGCGCGCTCGCTCGCTCA
test	subjectA	sample3	chr14-46438111	125	5	5	TCTGCGCGCTCGCTCGCTCA
test	subjectA	sample3	chr21-37258908	125	5	5	TCTGCGCGCTCGCTCGCTCA
test	subjectA	sample3	chr13-83284540	125	5	5	TCTGCGCGCTCGCTCGCTCA
test	subjectA	sample3	chr6+92856574	125	5	5	TCTGCGCGCTCGCTCGCTCA
test	subjectA	sample3	chr22-23973025	125	5	5	TCTGCGCGCTCGCTCGCTCA
test	subjectA	sample3	chr3-116722973	125	5	5	TCTGCGCGCTCGCTCGCTCA
test	subjectA	sample3	chr22+25826397	125	5	5	TCTGCGCGCTCGCTCGCTCA
test	subjectA	sample3	chr15+43400842	125	5	5	TCTGCGCGCTCGCTCGCTCA
test	subjectA	sample3	chr7-56610775	125	5	5	TCTGCGCGCTCGCTCGCTCA
test	subjectA	sample3	chr17-9052630	125	5	5	TCTGCGCGCTCGCTCGCTCA
test	subjectA	sample3	chr17+20109086	125	5	5	TCTGCGCGCTCGCTCGCTCA
test	subjectA	sample3	chr8+60758010	125	5	5	TCTGCGCGCTCGCTCGCTCA
test	subjectA	sample3	chr22-47070952	125	5	5	TCTGCGCGCTCGCTCGCTCA
test	subjectA	sample3	chr13+33022660	125	5	5	TCTGCGCGCTCGCTCGCTCA
test	subjectA	sample3	chr1-214218240	125	5	5	TCTGCGCGCTCGCTCGCTCA
test	subjectA	sample3	chr19+31922067	125	5	5	TCTGCGCGCTCGCTCGCTCA
test	subjectA	sample3	chr13-75300875	125	5	5	TCTGCGCGCTCGCTCGCTCA
test	subjectA	sample3	chr1-199488562	125	5	5	TCTGCGCGCTCGCTCGCTCA
test	subjectA	sample3	chr15-86678097	125	5	5	TCTGCGCGCTCGCTCGCTCA
test	subjectA	sample3	chr14-64911594	125	5	5	TCTGCGCGCTCGCTCGCTCA
test	subjectA	sample3	chr6-28525864	125	5	5	TCTGCGCGCTCGCTCGCTCA
test	subjectA	sample3	chr10-65185954	125	5	5	TCTGCGCGCTCGCTCGCTCA
test	subjectA	sample3	chr9+103587565	125	5	5	TCTGCGCGCTCGCTCGCTCA
test	subjectA	sample3	chr4-69774526	125	5	5	TCTGCGCGCTCGCTCGCTCA
test	subjectA	sample3	chr9+90395307	125	5	5	TCTGCGCGCTCGCTCGCTCA
test	subjectA	sample3	chr6+32502427	125	5	5	TCTGCGCGCTCGCTCGCTCA
test	subjectA	sample3	chr4+64534208	125	5	5	TCTGCGCGCTCGCTCGCTCA
test	subjectA	sample3	chr20-18336949	125	5	5	TCTGCGCGCTCGCTCGCTCA
test	subjectA	sample3	chr2-127983332	125	5	5	TCTGCGCGCTCGCTCGCTCA
test	subjectA	sample3	chr1+93323255	125	5	5	TCTGCGCGCTCGCTCGCTCA
test	subjectA	sample3	chr2-118704036	125	5	5	TCTGCGCGCTCGCTCGCTCA
test	subjectA	sample3	chr19-44516622	125	5	5	TCTGCGCGCTCGCTCGCTCA
test	subjectA	sample3	chr7-89382310	125	5	5	TCTGCGCGCTCGCTCGCTCA
test	subjectA	sample3	chr13-41075715	125	5	5	TCTGCGCGCTCGCTCGCTCA
test	subjectA	sample3	chr11-76834064	125	5	5	TCTGCGCGCTCGCTCGCTCA
test	subjectA	sample3	chr3+147764776	125	5	5	TCTGCGCGCTCGCTCGCTCA
test	subjectA	sample3	chr2-88691020	125	5	5	TCTGCGCGCTCGCTCGCTCA
test	subjectA	sample3	chr9-93873034	125	5	5	TCTGCGCGCTCGCTCGCTCA
test	subjectA	sample3	chr14+102732784	125	5	5	TCTGCGCGCTCGCTCGCTCA
test	subjectA	sample3	chr17+71645376	125	5	5	TCTGCGCGCTCGCTCGCTCA
test	subjectA	sample3	chr7-14478068	125	5	5	TCTGCGCGCTCGCTCGCTCA
test	subjectA	sample3	chr20-46880954	125	5	5	TCTGCGCGCTCGCTCGCTCA
test	subjectA	sample3	chr12-31238719	125	5	5	TCTGCGCGCTCGCTCGCTCA
test	subjectA	sample3	chr6-54352288	125	5	5	TCTGCGCGCTCGCTCGCTCA
test	subjectA	sample3	chr14-60439369	125	5	5	TCTGCGCGCTCGCTCGCTCA
test	subjectA	sample3	chr16+7574562	125	5	5	TCTGCGCGCTCGCTCGCTCA
test	subjectA	sample3	chr5+115679917	125	5	5	TCTGCGCGCTCGCTCGCTCA
test	subjectA	sample3	chr22-18758925	125	5	5	TCTGCGCGCTCGCTCGCTCA
test	subjectA	sample3	chr21-15836458	125	5	5	TCTGCGCGCTCGCTCGCTCA
test	subjectA	sample3	chr13+73896535	125	5	5	TCTGCGCGCTCGCTCGCTCA
test	subjectA	sample3	chr21-23861717	125	5	5	TCTGCGCGCTCGCTCGCTCA
test	subjectA	sample3	chr11+69199005	125	5	5	TCTGCGCGCTCGCTCGCTCA
test	subjectA	sample3	chr1+13429130	125	5	5	TCTGCGCGCTCGCTCGCTCA
test	subjectA	sample3	chr16-74259455	125	5	5	TCTGCGCGCTCGCTCGCTCA
test	subjectA	sample3	chr13+43629366	125	5	5	TCTGCGCGCTCGCTCGCTCA
test	subjectA	sample3	chr11+7352571	125	5	5	TCTGCGCGCTCGCTCGCTCA
test	subjectA	sample3	chr16-8538374	125	5	5	TCTGCGCGCTCGCTCGCTCA
test	subjectA	sample3	chr15+64474342	125	5	5	TCTGCGCGCTCGCTCGCTCA
test	subjectA	sample3	chr6-81522598	125	5	5	TCTGCGCGCTCGCTCGCTCA
test	subjectA	sample3	chr1+163626980	125	5	5	TCTGCGCGCTCGCTCGCTCA
test	subjectA	sample3	chr22+33034470	125	5	5	TCTGCGCGCTCGCTCGCTCA
test	subjectA	sample3	chr14+17278559	125	5	5	TCTGCGCGCTCGCTCGCTCA
test	subjectA	sample3	chr16+47929339	125	5	5	TCTGCGCGCTCGCTCGCTCA
test	subjectA	sample3	chr10+99133445	125	5	5	TCTGCGCGCTCGCTCGCTCA
test	subjectA	sample3	chr18+29942578	125	5	5	TCTGCGCGCTCGCTCGCTCA
test	subjectA	sample3	chr6+123979172	125	5	5	TCTGCGCGCTCGCTCGCTCA
test	subjectA	sample3	chr4+17843168	125	5	5	TCTGCGCGCTCGCTCGCTCA
test	subjectA	sample3	chr6-12113169	125	5	5	TCTGCGCGCTCGCTCGCTCA
test	subjectA	sample3	chr18+16948708	125	5	5	TCTGCGCGCTCGCTCGCTCA
test	subjectA	sample3	chr20-19977185	125	5	5	TCTGCGCGCTCGCTCGCTCA
test	subjectA	sample3	chr13+104628381	125	5	5	TCTGCGCGCTCGCTCGCTCA
test	subjectA	sample3	chr5+157006610	125	5	5	TCTGCGCGCTCGCTCGCTCA
test	subjectA	sample3	chr11+82907895	125	5	5	TCTGCGCGCTCGCTCGCTCA
test	subjectA	sample3	chr22-30760252	125	5	5	TCTGCGCGCTCGCTCGCTCA
test	subjectA	sample3	chr5+127794812	125	5	5	TCTGCGCGCTCGCTCGCTCA
test	subjectA	sample3	chr7+2172581	125	5	5	TCTGCGCGCTCGCTCGCTCA
test	subjectA	sample3	chr13-28520201	125	5	5	TCTGCGCGCTCGCTCGCTCA
test	subjectA	sample3	chr14-104185363	125	5	5	TCTGCGCGCTCGCTCGCTCA
test	subjectA	sample3	chr4-16420137	125	5	5	TCTGCGCGCTCGCTCGCTCA
test	subjectA	sample3	chr15+45272295	125	5	5	TCTGCGCGCTCGCTCGCTCA
test	subjectA	sample3	chr10+45054106	125	5	5	TCTGCGCGCTCGCTCGCTCA
test	subjectA	sample3	chr7+1055276	125	5	5	TCTGCGCGCTCGCTCGCTCA
test	subjectA	sample3	chr3+5817444	125	5	5	TCTGCGCGCTCGCTCGCTCA
test	subjectA	sample3	chr1+186032503	125	5	5	TCTGCGCGCTCGCTCGCTCA
test	subjectA	sample3	chr13-98880226	125	5	5	TCTGCGCGCTCGCTCGCTCA
test	subjectA	sample3	chr16-60388766	125	5	5	TCTGCGCGCTCGCTCGCTCA
test	subjectA	sample3	chr22-11920218	125	5	5	TCTGCGCGCTCGCTCGCTCA
test	subjectA	sample3	chr13-75936702	125	5	5	TCTGCGCGCTCGCTCGCTCA
test	subjectA	sample3	chr19-23722736	125	5	5	TCTGCGCGCTCGCTCGCTCA
test	subjectA	sample3	chr12+36412584	125	5	5	TCTGCGCGCTCGCTCGCTCA
test	subjectA	sample3	chr1-76170330	125	5	5	TCTGCGCGCTCGCTCGCTCA
test	subjectA	sample3	chr2-42269568	125	5	5	TCTGCGCGCTCGCTCGCTCA
test	subjectA	sample3	chr18-49022978	125	5	5	TCTGCGCGCTCGCTCGCTCA
test	subjectA	sample3	chr22+27978822	125	5	5	TCTGCGCGCTCGCTCGCTCA
test	subjectA	sample3	chr15+27943454	125	5	5	TCTGCGCGCTCGCTCGCTCA
test	subjectA	sample3	chr14-16432733	125	5	5	TCTGCGCGCTCGCTCGCTCA
test	subjectA	sample3	chr13-77906344	125	5	5	TCTGCGCGCTCGCTCGCTCA
test	subjectA	sample3	chr20-24474654	125	5	5	TCTGCGCGCTCGCTCGCTCA
test	subjectA	sample3	chr19+13794855	125	5	5	TCTGCGCGCTCGCTCGCTCA
test	subjectA	sample3	chr5-141678242	125	5	5	TCTGCGCGCTCGCTCGCTCA
test	subjectA	sample3	chr20+22090086	125	5	5	TCTGCGCGCTCGCTCGCTCA
test	subjectA	sample3	chr11-24267696	125	5	5	TCTGCGCGCTCGCTCGCTCA
test	subjectA	sample3	chr6+31304627	125	5	5	TCTGCGCGCTCGCTCGCTCA
test	subjectA	sample3	chr4+104836567	125	5	5	TCTGCGCGCTCGCTCGCTCA
test	subjectA	sample3	chrX+124122267	125	5	5	TCTGCGCGCTCGCTCGCTCA
test	subjectA	sample3	chr18+7113362	125	5	5	TCTGCGCGCTCGCTCGCTCA
test	subjectA	sample3	chr6+61538073	125	5	5	TCTGCGCGCTCGCTCGCTCA
test	subjectA	sample3	chr7+79551625	125	5	5	TCTGCGCGCTCGCTCGCTCA
test	subjectA	sample3	chr5+118458575	125	5	5	TCTGCGCGCTCGCTCGCTCA
test	subjectA	sample3	chr7+129411409	125	5	5	TCTGCGCGCTCGCTCGCTCA
test	subjectA	sample3	chr15-25282108	125	5	5	TCTGCGCGCTCGCTCGCTCA
test	subjectA	sample3	chr15-30333373	125	5	5	TCTGCGCGCTCGCTCGCTCA
test	subjectA	sample3	chr20-4037040	125	5	5	TCTGCGCGCTCGCTCGCTCA
test	subjectA	sample3	chr21-40917786	125	5	5	TCTGCGCGCTCGCTCGCTCA
test	subjectA	sample3	chrX-96172374	125	5	5	TCTGCGCGCTCGCTCGCTCA
test	subjectA	sample3	chr3+164186549	125	5	5	TCTGCGCGCTCGCTCGCTCA
test	subjectA	sample3	chr17+34516257	125	5	5	TCTGCGCGCTCGCTCGCTCA
test	subjectA	sample3	chr2-138933641	125	5	5	TCTGCGCGCTCGCTCGCTCA
test	subjectA	sample3	chr19-5168358	125	5	5	TCTGCGCGCTCGCTCGCTCA
test	subjectA	sample3	chr2+7457696	125	5	5	TCTGCGCGCTCGCTCGCTCA
test	subjectA	sample3	chr11+85385128	125	5	5	TCTGCGCGCTCGCTCGCTCA
test	subjectA	sample3	chr2-60666003	125	5	5	TCTGCGCGCTCGCTCGCTCA
test	subjectA	sample3	chr19-8841940	125	5	5	TCTGCGCGCTCGCTCGCTCA
test	subjectA	sample3	chr9+124998142	125	5	5	TCTGCGCGCTCGCTCGCTCA
test	subjectA	sample3	chr10-70765488	125	5	5	TCTGCGCGCTCGCTCGCTCA
test	subjectA	sample3	chr10-108699271	125	5	5	TCTGCGCGCTCGCTCGCTCA
test	subjectA	sample3	chrX-49076931	125	5	5	TCTGCGCGCTCGCTCGCTCA
test	subjectA	sample3	chr18+74638916	125	5	5	TCTGCGCGCTCGCTCGCTCA
test	subjectA	sample3	chr15-79452181	125	5	5	TCTGCGCGCTCGCTCGCTCA
test	subjectA	sample3	chr3-123429799	125	5	5	TCTGCGCGCTCGCTCGCTCA
test	subjectA	sample3	chr2+61690145	125	5	5	TCTGCGCGCTCGCTCGCTCA
test	subjectA	sample3	chr3-181624745	125	5	5	TCTGCGCGCTCGCTCGCTCA
test	subjectA	sample3	chr3-49825046	125	5	5	TCTGCGCGCTCGCTCGCTCA
test	subjectA	sample3	chrX+125772037	125	5	5	TCTGCGCGCTCGCTCGCTCA
test	subjectA	sample3	chr17+1031149	125	5	5	TCTGCGCGCTCGCTCGCTCA
test	subjectA	sample3	chr2-93371681	125	5	5	TCTGCGCGCTCGCTCGCTCA
test	subjectA	sample3	chr11-18105251	125	5	5	TCTGCGCGCTCGCTCGCTCA
test	subjectA	sample3	chr1+222889374	125	5	5	TCTGCGCGCTCGCTCGCTCA
test	subjectA	sample3	chr2+65310202	125	5	5	TCTGCGCGCTCGCTCGCTCA
test	subjectA	sample3	chr15-93136666	125	5	5	TCTGCGCGCTCGCTCGCTCA
test	subjectA	sample3	chr7-137702267	125	5	5	TCTGCGCGCTCGCTCGCTCA
test	subjectA	sample3	chr10-46090426	125	5	5	TCTGCGCGCTCGCTCGCTCA
test	subjectA	sample3	chr18-41488120	125	5	5	TCTGCGCGCTCGCTCGCTCA
test	subjectA	sample3	chr11-97479250	125	5	5	TCTGCGCGCTCGCTCGCTCA
test	subjectA	sample3	chr10+94716222	125	5	5	TCTGCGCGCTCGCTCGCTCA
test	subjectA	sample3	chr7-35711958	125	5	5	TCTGCGCGCTCGCTCGCTCA
test	subjectA	sample3	chr7+92636358	125	5	5	TCTGCGCGCTCGCTCGCTCA
test	subjectA	sample3	chr13+107472705	125	5	5	TCTGCGCGCTCGCTCGCTCA
test	subjectA	sample3	chr7-49728988	125	5	5	TCTGCGCGCTCGCTCGCTCA
test	subjectA	sample3	chr20+12648645	125	5	5	TCTGCGCGCTCGCTCGCTCA
test	subjectA	sample3	chr14+105321999	125	5	5	TCTGCGCGCTCGCTCGCTCA
test	subjectA	sample3	chr8-117066338	125	5	5	TCTGCGCGCTCGCTCGCTCA
test	subjectA	sample3	chr5-143336414	125	5	5	TCTGCGCGCTCGCTCGCTCA
test	subjectA	sample3	chr18+50948398	125	5	5	TCTGCGCGCTCGCTCGCTCA
test	subjectA	sample3	chr12-45761774	125	5	5	TCTGCGCGCTCGCTCGCTCA
test	subjectA	sample3	chr7+133350326	125	5	5	TCTGCGCGCTCGCTCGCTCA
test	subjectA	sample3	chr12-26893956	125	5	5	TCTGCGCGCTCGCTCGCTCA
test	subjectA	sample3	chr16+71959499	125	5	5	TCTGCGCGCTCGCTCGCTCA
test	subjectA	sample3	chr13-23909044	125	5	5	TCTGCGCGCTCGCTCGCTCA
test	subjectA	sample3	chr16+60052708	125	5	5	TCTGCGCGCTCGCTCGCTCA
test	subjectA	sample3	chr2-26820250	125	5	5	TCTGCGCGCTCGCTCGCTCA
test	subjectA	sample3	chr16-81008023	125	5	5	TCTGCGCGCTCGCTCGCTCA
test	subjectA	sample3	chr4-44334064	125	5	5	TCTGCGCGCTCGCTCGCTCA
test	subjectA	sample3	chr1+217732522	125	5	5	TCTGCGCGCTCGCTCGCTCA
test	subjectA	sample3	chr7+21286901	125	5	5	TCTGCGCGCTCGCTCGCTCA
test	subjectA	sample3	chr13+83041610	125	5	5	TCTGCGCGCTCGCTCGCTCA
test	subjectA	sample3	chr16+2776351	125	5	5	TCTGCGCGCTCGCTCGCTCA
test	subjectA	sample3	chr2-105977005	125	5	5	TCTGCGCGCTCGCTCGCTCA
test	subjectA	sample3	chr13-89624145	125	5	5	TCTGCGCGCTCGCTCGCTCA
test	subjectA	sample3	chr22+20202881	125	5	5	TCTGCGCGCTCGCTCGCTCA
test	subjectA	sample3	chr18+1083597	125	5	5	TCTGCGCGCTCGCTCGCTCA
test	subjectA	sample3	chr16+17526485	125	5	5	TCTGCGCGCTCGCTCGCTCA
test	subjectA	sample3	chr21-20444899	125	5	5	TCTGCGCGCTCGCTCGCTCA
test	subjectA	sample3	chr4+130754066	125	5	5	TCTGCGCGCTCGCTCGCTCA
test	subjectA	sample3	chr13+113139759	125	5	5	TCTGCGCGCTCGCTCGCTCA
test	subjectA	sample3	chr5-113088606	125	5	5	TCTGCGCGCTCGCTCGCTCA
test	subjectA	sample3	chr3+83025620	125	5	5	TCTGCGCGCTCGCTCGCTCA
test	subjectA	sample3	chr7-3766701	125	5	5	TCTGCGCGCTCGCTCGCTCA
test	subjectA	sample3	chr2+175680193	125	5	5	TCTGCGCGCTCGCTCGCTCA
test	subjectA	sample3	chr17-66541352	125	5	5	TCTGCGCGCTCGCTCGCTCA
test	subjectA	sample3	chr17+44915278	125	5	5	TCTGCGCGCTCGCTCGCTCA
test	subjectA	sample3	chr10+46696025	125	5	5	TCTGCGCGCTCGCTCGCTCA
test	subjectA	sample3	chr16+64752839	125	5	5	TCTGCGCGCTCGCTCGCTCA
test	subjectA	sample3	chr14-65240939	125	5	5	TCTGCGCGCTCGCTCGCTCA
test	subjectA	sample3	chr15+46227596	125	5	5	TCTGCGCGCTCGCTCGCTCA
test	subjectA	sample3	chr19+40738752	125	5	5	TCTGCGCGCTCGCTCGCTCA
test	subjectA	sample3	chr9-85238351	125	5	5	TCTGCGCGCTCGCTCGCTCA
test	subjectA	sample3	chr13-39661035	125	5	5	TCTGCGCGCTCGCTCGCTCA
test	subjectA	sample3	chr19+28389394	125	5	5	TCTGCGCGCTCGCTCGCTCA
test	subjectA	sample3	chr5+43765420	125	5	5	TCTGCGCGCTCGCTCGCTCA
test	subjectA	sample3	chr4+154958545	125	5	5	TCTGCGCGCTCGCTCGCTCA
test	subjectA	sample3	chr20+49064203	125	5	5	TCTGCGCGCTCGCTCGCTCA
test	subjectA	sample3	chr14-55216691	125	5	5	TCTGCGCGCTCGCTCGCTCA
test	subjectA	sample3	chr16-81586389	125	5	5	TCTGCGCGCTCGCTCGCTCA
test	subjectA	sample3	chr18+61904112	125	5	5	TCTGCGCGCTCGCTCGCTCA
test	subjectA	sample3	chr15+86938133	125	5	5	TCTGCGCGCTCGCTCGCTCA
test	subjectA	sample3	chr6-87513432	125	5	5	TCTGCGCGCTCGCTCGCTCA
test	subjectA	sample3	chr13-48195061	125	5	5	TCTGCGCGCTCGCTCGCTCA
test	subjectA	sample3	chr22-47933041	125	5	5	TCTGCGCGCTCGCTCGCTCA
test	subjectA	sample3	chr11-131585065	125	5	5	TCTGCGCGCTCGCTCGCTCA
test	subjectA	sample3	chr7-158832108	125	5	5	TCTGCGCGCTCGCTCGCTCA
test	subjectA	sample3	chr21+26899706	125	5	5	TCTGCGCGCTCGCTCGCTCA
test	subjectA	sample3	chr13-75161656	125	5	5	TCTGCGCGCTCGCTCGCTCA
test	subjectA	sample3	chr8+111718477	125	5	5	TCTGCGCGCTCGCTCGCTCA
test	subjectA	sample3	chr11-9603963	125	5	5	TCTGCGCGCTCGCTCGCTCA
test	subjectA	sample3	chr6+157335419	125	5	5	TCTGCGCGCTCGCTCGCTCA
test	subjectA	sample3	chr13+75364828	125	5	5	TCTGCGCGCTCGCTCGCTCA
test	subjectA	sample3	chr5-57793973	125	5	5	TCTGCGCGCTCGCTCGCTCA
test	subjectA	sample3	chr20+22223942	125	5	5	TCTGCGCGCTCGCTCGCTCA
test	subjectA	sample3	chr3+38623271	125	5	5	TCTGCGCGCTCGCTCGCTCA
test	subjectA	sample3	chr7+72292700	125	5	5	TCTGCGCGCTCGCTCGCTCA
test	subjectA	sample3	chr12+77326552	125	5	5	TCTGCGCGCTCGCTCGCTCA
test	subjectA	sample3	chr8-62895011	125	5	5	TCTGCGCGCTCGCTCGCTCA
test	subjectA	sample3	chr20-3407950	125	5	5	TCTGCGCGCTCGCTCGCTCA
test	subjectA	sample3	chr10+36574219	125	5	5	TCTGCGCGCTCGCTCGCTCA
test	subjectA	sample3	chr16-81976655	125	5	5	TCTGCGCGCTCGCTCGCTCA
test	subjectA	sample3	chr5-170369090	125	5	5	TCTGCGCGCTCGCTCGCTCA
test	subjectA	sample3	chr19-32806800	125	5	5	TCTGCGCGCTCGCTCGCTCA
test	subjectA	sample3	chr14+74801000	125	5	5	TCTGCGCGCTCGCTCGCTCA
test	subjectA	sample3	chr22+15044087	125	5	5	TCTGCGCGCTCGCTCGCTCA
test	subjectA	sample3	chrX+8520299	125	5	5	TCTGCGCGCTCGCTCGCTCA
test	subjectA	sample3	chrX+131502018	125	5	5	TCTGCGCGCTCGCTCGCTCA
test	subjectA	sample3	chr8+120027202	125	5	5	TCTGCGCGCTCGCTCGCTCA
test	subjectA	sample3	chr21-42642309	125	5	5	TCTGCGCGCTCGCTCGCTCA
test	subjectA	sample3	chr14+45027475	125	5	5	TCTGCGCGCTCGCTCGCTCA
test	subjectA	sample3	chr5+16813969	125	5	5	TCTGCGCGCTCGCTCGCTCA
test	subjectA	sample3	chr7-133709088	125	5	5	TCTGCGCGCTCGCTCGCTCA
test	subjectA	sample3	chr11-90328738	125	5	5	TCTGCGCGCTCGCTCGCTCA
test	subjectA	sample3	chr3+122749565	125	5	5	TCTGCGCGCTCGCTCGCTCA
test	subjectA	sample3	chr13+39837962	125	5	5	TCTGCGCGCTCGCTCGCTCA
test	subjectA	sample3	chr8+115726703	125	5	5	TCTGCGCGCTCGCTCGCTCA
test	subjectA	sample3	chr6-170339335	125	5	5	TCTGCGCGCTCGCTCGCTCA
test	subjectA	sample3	chr22+21639918	125	5	5	TCTGCGCGCTCGCTCGCTCA
test	subjectA	sample3	chr2-41864324	125	5	5	TCTGCGCGCTCGCTCGCTCA
test	subjectA	sample3	chr7+136505985	125	5	5	TCTGCGCGCTCGCTCGCTCA
test	subjectA	sample3	chr4+39213823	125	5	5	TCTGCGCGCTCGCTCGCTCA
test	subjectA	sample3	chr2+29332569	125	5	5	TCTGCGCGCTCGCTCGCTCA
test	subjectA	sample3	chr1+81047333	125	5	5	TCTGCGCGCTCGCTCGCTCA
test	subjectA	sample3	chr18-69469222	125	5	5	TCTGCGCGCTCGCTCGCTCA
test	subjectA	sample3	chr5+67563098	125	5	5	TCTGCGCGCTCGCTCGCTCA
test	subjectA	sample3	chr10+80418006	125	5	5	TCTGCGCGCTCGCTCGCTCA
test	subjectA	sample3	chr8-64325774	125	5	5	TCTGCGCGCTCGCTCGCTCA
test	subjectA	sample3	chr20+22427032	125	5	5	TCTGCGCGCTCGCTCGCTCA
test	subjectA	sample3	chr9+5608151	125	5	5	TCTGCGCGCTCGCTCGCTCA
test	subjectA	sample3	chr3+185871727	125	5	5	TCTGCGCGCTCGCTCGCTCA
test	subjectA	sample3	chr6+158024946	125	5	5	TCTGCGCGCTCGCTCGCTCA
test	subjectA	sample3	chr18-51205547	125	5	5	TCTGCGCGCTCGCTCGCTCA
test	subjectA	sample3	chr1-236916812	125	5	5	TCTGCGCGCTCGCTCGCTCA
test	subjectA	sample3	chr7-99724264	125	5	5	TCTGCGCGCTCGCTCGCTCA
test	subjectA	sample3	chr22+49069547	125	5	5	TCTGCGCGCTCGCTCGCTCA
test	subjectA	sample3	chr16+28138633	125	5	5	TCTGCGCGCTCGCTCGCTCA
test	subjectA	sample3	chr1-200940014	125	5	5	TCTGCGCGCTCGCTCGCTCA
test	subjectA	sample3	chr19-28398447	125	5	5	TCTGCGCGCTCGCTCGCTCA
test	subjectA	sample3	chr17-77269148	125	5	5	TCTGCGCGCTCGCTCGCTCA
test	subjectA	sample3	chr2+154469093	125	5	5	TCTGCGCGCTCGCTCGCTCA
test	subjectA	sample3	chr17+75775403	125	5	5	TCTGCGCGCTCGCTCGCTCA
test	subjectA	sample3	chr3+86526943	125	5	5	TCTGCGCGCTCGCTCGCTCA
test	subjectA	sample3	chr19+38505146	125	5	5	TCTGCGCGCTCGCTCGCTCA
test	subjectA	sample3	chr3-195998767	125	5	5	TCTGCGCGCTCGCTCGCTCA
test	subjectA	sample3	chr20+18575356	125	5	5	TCTGCGCGCTCGCTCGCTCA
test	subjectA	sample3	chr14+44545076	125	5	5	TCTGCGCGCTCGCTCGCTCA
test	subjectA	sample3	chr10-99331081	125	5	5	TCTGCGCGCTCGCTCGCTCA
test	subjectA	sample3	chr17+804347	125	5	5	TCTGCGCGCTCGCTCGCTCA
test	subjectA	sample3	chr19+7612439	125	5	5	TCTGCGCGCTCGCTCGCTCA
test	subjectA	sample3	chr17-22638762	125	5	5	TCTGCGCGCTCGCTCGCTCA
test	subjectA	sample3	chr20-90031	125	5	5	TCTGCGCGCTCGCTCGCTCA
test	subjectA	sample3	chr4-162754318	125	5	5	TCTGCGCGCTCGCTCGCTCA
test	subjectA	sample3	chr13-84562950	125	5	5	TCTGCGCGCTCGCTCGCTCA
test	subjectA	sample3	chr2-194146380	125	5	5	TCTGCGCGCTCGCTCGCTCA
test	subjectB	sample1	chr7-138746074	125	5	5	TCTGCGCGCTCGCTCGCTCA
test	subjectB	sample1	chr7+94817648	125	5	5	TCTGCGCGCTCGCTCGCTCA
test	subjectB	sample1	chr18-24810924	125	5	5	TCTGCGCGCTCGCTCGCTCA
test	subjectB	sample1	chr5+169300196	125	5	5	TCTGCGCGCTCGCTCGCTCA
test	subjectB	sample1	chr22-39393669	125	5	5	TCTGCGCGCTCGCTCGCTCA
test	subjectB	sample1	chr4-120332541	125	5	5	TCTGCGCGCTCGCTCGCTCA
test	subjectB	sample1	chr13-97611165	125	5	5	TCTGCGCGCTCGCTCGCTCA
test	subjectB	sample1	chr21-18327540	125	5	5	TCTGCGCGCTCGCTCGCTCA
test	subjectB	sample1	chr18+70181800	125	5	5	TCTGCGCGCTCGCTCGCTCA
test	subjectB	sample1	chr9-132398559	125	5	5	TCTGCGCGCTCGCTCGCTCA
test	subjectB	sample1	chr20-12555668	125	5	5	TCTGCGCGCTCGCTCGCTCA
test	subjectB	sample1	chr1+208727716	125	5	5	TCTGCGCGCTCGCTCGCTCA
test	subjectB	sample1	chr12+54096288	125	5	5	TCTGCGCGCTCGCTCGCTCA
test	subjectB	sample1	chr14+103066062	125	5	5	TCTGCGCGCTCGCTCGCTCA
test	subjectB	sample1	chr7+65980945	125	5	5	TCTGCGCGCTCGCTCGCTCA
test	subjectB	sample1	chr18-20347484	125	5	5	TCTGCGCGCTCGCTCGCTCA
test	subjectB	sample1	chr13-42953248	125	5	5	TCTGCGCGCTCGCTCGCTCA
test	subjectB	sample1	chr3+98555048	125	5	5	TCTGCGCGCTCGCTCGCTCA
test	subjectB	sample1	chr8+23429593	125	5	5	TCTGCGCGCTCGCTCGCTCA
test	subjectB	sample1	chr1+20669086	125	5	5	TCTGCGCGCTCGCTCGCTCA
test	subjectB	sample1	chr10+122645974	125	5	5	TCTGCGCGCTCGCTCGCTCA
test	subjectB	sample1	chr17+30675565	125	5	5	TCTGCGCGCTCGCTCGCTCA
test	subjectB	sample1	chr9-64595573	125	5	5	TCTGCGCGCTCGCTCGCTCA
test	subjectB	sample1	chr17+15842707	125	5	5	TCTGCGCGCTCGCTCGCTCA
test	subjectB	sample1	chr1+236579685	125	5	5	TCTGCGCGCTCGCTCGCTCA
test	subjectB	sample1	chr18-33703182	125	5	5	TCTGCGCGCTCGCTCGCTCA
test	subjectB	sample1	chr8+98836293	125	5	5	TCTGCGCGCTCGCTCGCTCA
test	subjectB	sample1	chr19+47304269	125	5	5	TCTGCGCGCTCGCTCGCTCA
test	subjectB	sample1	chr22+21624858	125	5	5	TCTGCGCGCTCGCTCGCTCA
test	subjectB	sample1	chrX-82872565	125	5	5	TCTGCGCGCTCGCTCGCTCA
test	subjectB	sample1	chr5-57417923	125	5	5	TCTGCGCGCTCGCTCGCTCA
test	subjectB	sample1	chr6+99431182	125	5	5	TCTGCGCGCTCGCTCGCTCA
test	subjectB	sample1	chr2+85578939	125	5	5	TCTGCGCGCTCGCTCGCTCA
test	subjectB	sample1	chr12+73447927	125	5	5	TCTGCGCGCTCGCTCGCTCA
test	subjectB	sample1	chr6-18564670	125	5	5	TCTGCGCGCTCGCTCGCTCA
test	subjectB	sample1	chr1-194611460	125	5	5	TCTGCGCGCTCGCTCGCTCA
test	subjectB	sample1	chr1+201054951	125	5	5	TCTGCGCGCTCGCTCGCTCA
test	subjectB	sample1	chr13-46654764	125	5	5	TCTGCGCGCTCGCTCGCTCA
test	subjectB	sample1	chr14-24731256	125	5	5	TCTGCGCGCTCGCTCGCTCA
test	subjectB	sample1	chr19-34467316	125	5	5	TCTGCGCGCTCGCTCGCTCA
test	subjectB	sample1	chr1-216663611	125	5	5	TCTGCGCGCTCGCTCGCTCA
test	subjectB	sample1	chr12+17360842	125	5	5	TCTGCGCGCTCGCTCGCTCA
test	subjectB	sample1	chr15+92558670	125	5	5	TCTGCGCGCTCGCTCGCTCA
test	subjectB	sample1	chr4-59254257	125	5	5	TCTGCGCGCTCGCTCGCTCA
test	subjectB	sample1	chr9-74022033	125	5	5	TCTGCGCGCTCGCTCGCTCA
test	subjectB	sample1	chr7-104323500	125	5	5	TCTGCGCGCTCGCTCGCTCA
test	subjectB	sample1	chr13-82631567	125	5	5	TCTGCGCGCTCGCTCGCTCA
test	subjectB	sample1	chr22+46381021	125	5	5	TCTGCGCGCTCGCTCGCTCA
test	subjectB	sample1	chr17+28379731	125	5	5	TCTGCGCGCTCGCTCGCTCA
test	subjectB	sample1	chr6-31215430	125	5	5	TCTGCGCGCTCGCTCGCTCA
test	subjectB	sample1	chr6-144971904	125	5	5	TCTGCGCGCTCGCTCGCTCA
test	subjectB	sample1	chr8+106443772	125	5	5	TCTGCGCGCTCGCTCGCTCA
test	subjectB	sample1	chr15+68608300	125	5	5	TCTGCGCGCTCGCTCGCTCA
test	subjectB	sample1	chr11+10861484	125	5	5	TCTGCGCGCTCGCTCGCTCA
test	subjectB	sample1	chr22-48594060	125	5	5	TCTGCGCGCTCGCTCGCTCA
test	subjectB	sample1	chr20-35853275	125	5	5	TCTGCGCGCTCGCTCGCTCA
test	subjectB	sample1	chr2-33490572	125	5	5	TCTGCGCGCTCGCTCGCTCA
test	subjectB	sample1	chr6+20988537	125	5	5	TCTGCGCGCTCGCTCGCTCA
test	subjectB	sample1	chr17-18169263	125	5	5	TCTGCGCGCTCGCTCGCTCA
test	subjectB	sample1	chr20-52029918	125	5	5	TCTGCGCGCTCGCTCGCTCA
test	subjectB	sample1	chr10+57913095	125	5	5	TCTGCGCGCTCGCTCGCTCA
test	subjectB	sample1	chr19+57967783	125	5	5	TCTGCGCGCTCGCTCGCTCA
test	subjectB	sample1	chr15+25954425	125	5	5	TCTGCGCGCTCGCTCGCTCA
test	subjectB	sample1	chr21-35080828	125	5	5	TCTGCGCGCTCGCTCGCTCA
test	subjectB	sample1	chr4-147646422	125	5	5	TCTGCGCGCTCGCTCGCTCA
test	subjectB	sample1	chr11+62515691	125	5	5	TCTGCGCGCTCGCTCGCTCA
test	subjectB	sample1	chr16+46451881	125	5	5	TCTGCGCGCTCGCTCGCTCA
test	subjectB	sample1	chr10+112846831	125	5	5	TCTGCGCGCTCGCTCGCTCA
test	subjectB	sample1	chr15+39989364	125	5	5	TCTGCGCGCTCGCTCGCTCA
test	subjectB	sample1	chr7-67144800	125	5	5	TCTGCGCGCTCGCTCGCTCA
test	subjectB	sample1	chr6-140458871	125	5	5	TCTGCGCGCTCGCTCGCTCA
test	subjectB	sample1	chr11-100006060	125	5	5	TCTGCGCGCTCGCTCGCTCA
test	subjectB	sample1	chr22-47305255	125	5	5	TCTGCGCGCTCGCTCGCTCA
test	subjectB	sample1	chr7+18697685	125	5	5	TCTGCGCGCTCGCTCGCTCA
test	subjectB	sample1	chr18+61861386	125	5	5	TCTGCGCGCTCGCTCGCTCA
test	subjectB	sample1	chr9+75627383	125	5	5	TCTGCGCGCTCGCTCGCTCA
test	subjectB	sample1	chr18+68810914	125	5	5	TCTGCGCGCTCGCTCGCTCA
test	subjectB	sample1	chr20-8809969	125	5	5	TCTGCGCGCTCGCTCGCTCA
test	subjectB	sample1	chr21-27087468	125	5	5	TCTGCGCGCTCGCTCGCTCA
test	subjectB	sample1	chr4-37665907	125	5	5	TCTGCGCGCTCGCTCGCTCA
test	subjectB	sample1	chr2-232466744	125	5	5	TCTGCGCGCTCGCTCGCTCA
test	subjectB	sample1	chr4-178712022	125	5	5	TCTGCGCGCTCGCTCGCTCA
test	subjectB	sample1	chr4+106998134	125	5	5	TCTGCGCGCTCGCTCGCTCA
test	subjectB	sample1	chr21+22085211	125	5	5	TCTGCGCGCTCGCTCGCTCA
test	subjectB	sample1	chr9-128706223	125	5	5	TCTGCGCGCTCGCTCGCTCA
test	subjectB	sample1	chr18+48551210	125	5	5	TCTGCGCGCTCGCTCGCTCA
test	subjectB	sample1	chr15+29648216	125	5	5	TCTGCGCGCTCGCTCGCTCA
test	subjectB	sample1	chr19-14122871	125	5	5	TCTGCGCGCTCGCTCGCTCA
test	subjectB	sample1	chr14-84105461	125	5	5	TCTGCGCGCTCGCTCGCTCA
test	subjectB	sample1	chr21+25970353	125	5	5	TCTGCGCGCTCGCTCGCTCA
test	subjectB	sample1	chr20-59258547	125	5	5	TCTGCGCGCTCGCTCGCTCA
test	subjectB	sample1	chr12-111962639	125	5	5	TCTGCGCGCTCGCTCGCTCA
test	subjectB	sample1	chr9-17670715	125	5	5	TCTGCGCGCTCGCTCGCTCA
test	subjectB	sample1	chr4-6868931	125	5	5	TCTGCGCGCTCGCTCGCTCA
test	subjectB	sample1	chr5-167485626	125	5	5	TCTGCGCGCTCGCTCGCTCA
test	subjectB	sample1	chrX+79433448	125	5	5	TCTGCGCGCTCGCTCGCTCA
test	subjectB	sample1	chrX+65292294	125	5	5	TCTGCGCGCTCGCTCGCTCA
test	subjectB	sample1	chr13-38846687	125	5	5	TCTGCGCGCTCGCTCGCTCA
test	subjectB	sample1	chr15-73197058	125	5	5	TCTGCGCGCTCGCTCGCTCA
test	subjectB	sample1	chr20-40964025	125	5	5	TCTGCGCGCTCGCTCGCTCA
test	subjectB	sample1	chr12-107273435	125	5	5	TCTGCGCGCTCGCTCGCTCA
test	subjectB	sample1	chr9-41989956	125	5	5	TCTGCGCGCTCGCTCGCTCA
test	subjectB	sample1	chr13+87196173	125	5	5	TCTGCGCGCTCGCTCGCTCA
test	subjectB	sample1	chr11-67191748	125	5	5	TCTGCGCGCTCGCTCGCTCA
test	subjectB	sample1	chr12+75141927	125	5	5	TCTGCGCGCTCGCTCGCTCA
test	subjectB	sample1	chr18-66026685	125	5	5	TCTGCGCGCTCGCTCGCTCA
test	subjectB	sample1	chr7-26593433	125	5	5	TCTGCGCGCTCGCTCGCTCA
test	subjectB	sample1	chr5-123607428	125	5	5	TCTGCGCGCTCGCTCGCTCA
test	subjectB	sample1	chr6+19856107	125	5	5	TCTGCGCGCTCGCTCGCTCA
test	subjectB	sample1	chr16-24109080	125	5	5	TCTGCGCGCTCGCTCGCTCA
test	subjectB	sample1	chr3+15379846	125	5	5	TCTGCGCGCTCGCTCGCTCA
test	subjectB	sample1	chr7-112439642	125	5	5	TCTGCGCGCTCGCTCGCTCA
test	subjectB	sample1	chr14-21827322	125	5	5	TCTGCGCGCTCGCTCGCTCA
test	subjectB	sample1	chr18+29541309	125	5	5	TCTGCGCGCTCGCTCGCTCA
test	subjectB	sample1	chr5-125541542	125	5	5	TCTGCGCGCTCGCTCGCTCA
test	subjectB	sample1	chr7-137110994	125	5	5	TCTGCGCGCTCGCTCGCTCA
test	subjectB	sample1	chr1+73273004	125	5	5	TCTGCGCGCTCGCTCGCTCA
test	subjectB	sample1	chr5-31129207	125	5	5	TCTGCGCGCTCGCTCGCTCA
test	subjectB	sample1	chr4-22030361	125	5	5	TCTGCGCGCTCGCTCGCTCA
test	subjectB	sample1	chr12+114697253	125	5	5	TCTGCGCGCTCGCTCGCTCA
test	subjectB	sample1	chr15+46797749	125	5	5	TCTGCGCGCTCGCTCGCTCA
test	subjectB	sample1	chr11-109561795	125	5	5	TCTGCGCGCTCGCTCGCTCA
test	subjectB	sample1	chr22-16727690	125	5	5	TCTGCGCGCTCGCTCGCTCA
test	subjectB	sample1	chr1-123261183	125	5	5	TCTGCGCGCTCGCTCGCTCA
test	subjectB	sample1	chr21-9743840	125	5	5	TCTGCGCGCTCGCTCGCTCA
test	subjectB	sample1	chr2+156206587	125	5	5	TCTGCGCGCTCGCTCGCTCA
test	subjectB	sample1	chr13-95664035	125	5	5	TCTGCGCGCTCGCTCGCTCA
test	subjectB	sample1	chr6+65906874	125	5	5	TCTGCGCGCTCGCTCGCTCA
test	subjectB	sample1	chr1+35344010	125	5	5	TCTGCGCGCTCGCTCGCTCA
test	subjectB	sample1	chr20+8642329	125	5	5	TCTGCGCGCTCGCTCGCTCA
test	subjectB	sample1	chr4-89874706	125	5	5	TCTGCGCGCTCGCTCGCTCA
test	subjectB	sample1	chr18-39847443	125	5	5	TCTGCGCGCTCGCTCGCTCA
test	subjectB	sample1	chr22+19610320	125	5	5	TCTGCGCGCTCGCTCGCTCA
test	subjectB	sample1	chrX+72412508	125	5	5	TCTGCGCGCTCGCTCGCTCA
test	subjectB	sample1	chr18-34279932	125	5	5	TCTGCGCGCTCGCTCGCTCA
test	subjectB	sample1	chr14+63932137	125	5	5	TCTGCGCGCTCGCTCGCTCA
test	subjectB	sample1	chr3-146006894	125	5	5	TCTGCGCGCTCGCTCGCTCA
test	subjectB	sample1	chr2-89576526	125	5	5	TCTGCGCGCTCGCTCGCTCA
test	subjectB	sample1	chr4+23248580	125	5	5	TCTGCGCGCTCGCTCGCTCA
test	subjectB	sample1	chr8+123528024	125	5	5	TCTGCGCGCTCGCTCGCTCA
test	subjectB	sample1	chr22+27123182	125	5	5	TCTGCGCGCTCGCTCGCTCA
test	subjectB	sample1	chr11+127162527	125	5	5	TCTGCGCGCTCGCTCGCTCA
test	subjectB	sample1	chr5+119492726	125	5	5	TCTGCGCGCTCGCTCGCTCA
test	subjectB	sample1	chr1+198343503	125	5	5	TCTGCGCGCTCGCTCGCTCA
test	subjectB	sample1	chr22-35014356	125	5	5	TCTGCGCGCTCGCTCGCTCA
test	subjectB	sample1	chr5+146046908	125	5	5	TCTGCGCGCTCGCTCGCTCA
test	subjectB	sample1	chr15+83092441	125	5	5	TCTGCGCGCTCGCTCGCTCA
test	subjectB	sample1	chr11+125881171	125	5	5	TCTGCGCGCTCGCTCGCTCA
test	subjectB	sample1	chr17+61705582	125	5	5	TCTGCGCGCTCGCTCGCTCA
test	subjectB	sample1	chr3-70844591	125	5	5	TCTGCGCGCTCGCTCGCTCA
test	subjectB	sample1	chr19+7993481	125	5	5	TCTGCGCGCTCGCTCGCTCA
test	subjectB	sample1	chr9+109497893	125	5	5	TCTGCGCGCTCGCTCGCTCA
test	subjectB	sample1	chr1-157202687	125	5	5	TCTGCGCGCTCGCTCGCTCA
test	subjectB	sample1	chr20-13248022	125	5	5	TCTGCGCGCTCGCTCGCTCA
test	subjectB	sample1	chr15-59081689	125	5	5	TCTGCGCGCTCGCTCGCTCA
test	subjectB	sample1	chr9+119416188	125	5	5	TCTGCGCGCTCGCTCGCTCA
test	subjectB	sample1	chr14-62868077	125	5	5	TCTGCGCGCTCGCTCGCTCA
test	subjectB	sample1	chr15-93991529	125	5	5	TCTGCGCGCTCGCTCGCTCA
test	subjectB	sample1	chr6-52096855	125	5	5	TCTGCGCGCTCGCTCGCTCA
test	subjectB	sample1	chr15-85922252	125	5	5	TCTGCGCGCTCGCTCGCTCA
test	subjectB	sample1	chr5-62545317	125	5	5	TCTGCGCGCTCGCTCGCTCA
test	subjectB	sample1	chr14-52618270	125	5	5	TCTGCGCGCTCGCTCGCTCA
test	subjectB	sample1	chr17+23920603	125	5	5	TCTGCGCGCTCGCTCGCTCA
test	subjectB	sample1	chr12+82072116	125	5	5	TCTGCGCGCTCGCTCGCTCA
test	subjectB	sample1	chr22+38700262	125	5	5	TCTGCGCGCTCGCTCGCTCA
test	subjectB	sample1	chr19+45869453	125	5	5	TCTGCGCGCTCGCTCGCTCA
test	subjectB	sample1	chr14+76074195	125	5	5	TCTGCGCGCTCGCTCGCTCA
test	subjectB	sample1	chr5-83594228	125	5	5	TCTGCGCGCTCGCTCGCTCA
test	subjectB	sample1	chr22+47733448	125	5	5	TCTGCGCGCTCGCTCGCTCA
test	subjectB	sample1	chr4-13807449	125	5	5	TCTGCGCGCTCGCTCGCTCA
test	subjectB	sample1	chr18+76256555	125	5	5	TCTGCGCGCTCGCTCGCTCA
test	subjectB	sample1	chr13+75485525	125	5	5	TCTGCGCGCTCGCTCGCTCA
test	subjectB	sample1	chr8+91721168	125	5	5	TCTGCGCGCTCGCTCGCTCA
test	subjectB	sample1	chr12+88136219	125	5	5	TCTGCGCGCTCGCTCGCTCA
test	subjectB	sample1	chr22+33020072	125	5	5	TCTGCGCGCTCGCTCGCTCA
test	subjectB	sample1	chr19-57289030	125	5	5	TCTGCGCGCTCGCTCGCTCA
test	subjectB	sample1	chr17+35969114	125	5	5	TCTGCGCGCTCGCTCGCTCA
test	subjectB	sample1	chr7-118298260	125	5	5	TCTGCGCGCTCGCTCGCTCA
test	subjectB	sample1	chr8+49799683	125	5	5	TCTGCGCGCTCGCTCGCTCA
test	subjectB	sample1	chr6+55127307	125	5	5	TCTGCGCGCTCGCTCGCTCA
test	subjectB	sample1	chr3+139093038	125	5	5	TCTGCGCGCTCGCTCGCTCA
test	subjectB	sample1	chr6+54316824	125	5	5	TCTGCGCGCTCGCTCGCTCA
test	subjectB	sample1	chr14-20305919	125	5	5	TCTGCGCGCTCGCTCGCTCA
test	subjectB	sample1	chrX+57571158	125	5	5	TCTGCGCGCTCGCTCGCTCA
test	subjectB	sample1	chr16+50106282	125	5	5	TCTGCGCGCTCGCTCGCTCA
test	subjectB	sample1	chr16+65503615	125	5	5	TCTGCGCGCTCGCTCGCTCA
test	subjectB	sample1	chr8+39667940	125	5	5	TCTGCGCGCTCGCTCGCTCA
test	subjectB	sample1	chr14-44067610	125	5	5	TCTGCGCGCTCGCTCGCTCA
test	subjectB	sample1	chr19+6687252	125	5	5	TCTGCGCGCTCGCTCGCTCA
test	subjectB	sample1	chr22-32248022	125	5	5	TCTGCGCGCTCGCTCGCTCA
test	subjectB	sample1	chr5+104838413	125	5	5	TCTGCGCGCTCGCTCGCTCA
test	subjectB	sample1	chr4-116260450	125	5	5	TCTGCGCGCTCGCTCGCTCA
test	subjectB	sample1	chr4+22499014	125	5	5	TCTGCGCGCTCGCTCGCTCA
test	subjectB	sample1	chr1+96205546	125	5	5	TCTGCGCGCTCGCTCGCTCA
test	subjectB	sample1	chr9-114539482	125	5	5	TCTGCGCGCTCGCTCGCTCA
test	subjectB	sample1	chr4+36132387	125	5	5	TCTGCGCGCTCGCTCGCTCA
test	subjectB	sample1	chr12+67804034	125	5	5	TCTGCGCGCTCGCTCGCTCA
test	subjectB	sample1	chr14-33378294	125	5	5	TCTGCGCGCTCGCTCGCTCA
test	subjectB	sample1	chr21-32242337	125	5	5	TCTGCGCGCTCGCTCGCTCA
test	subjectB	sample1	chr8-105301466	125	5	5	TCTGCGCGCTCGCTCGCTCA
test	subjectB	sample1	chr6+96190717	125	5	5	TCTGCGCGCTCGCTCGCTCA
test	subjectB	sample1	chr17+60695265	125	5	5	TCTGCGCGCTCGCTCGCTCA
test	subjectB	sample1	chr1+227330669	125	5	5	TCTGCGCGCTCGCTCGCTCA
test	subjectB	sample1	chr20-252538	125	5	5	TCTGCGCGCTCGCTCGCTCA
test	subjectB	sample1	chr4-57902235	125	5	5	TCTGCGCGCTCGCTCGCTCA
test	subjectB	sample1	chr14-77549938	125	5	5	TCTGCGCGCTCGCTCGCTCA
test	subjectB	sample1	chr11+126372608	125	5	5	TCTGCGCGCTCGCTCGCTCA
test	subjectB	sample1	chrX+12779101	125	5	5	TCTGCGCGCTCGCTCGCTCA
test	subjectB	sample1	chr13+22000365	125	5	5	TCTGCGCGCTCGCTCGCTCA
test	subjectB	sample1	chr11-9553572	125	5	5	TCTGCGCGCTCGCTCGCTCA
test	subjectB	sample1	chr4+42382077	125	5	5	TCTGCGCGCTCGCTCGCTCA
test	subjectB	sample1	chrX+63309175	125	5	5	TCTGCGCGCTCGCTCGCTCA
test	subjectB	sample1	chr1+66422098	125	5	5	TCTGCGCGCTCGCTCGCTCA
test	subjectB	sample1	chr8+81522923	125	5	5	TCTGCGCGCTCGCTCGCTCA
test	subjectB	sample1	chr16-10073899	125	5	5	TCTGCGCGCTCGCTCGCTCA
test	subjectB	sample1	chr4-121066111	125	5	5	TCTGCGCGCTCGCTCGCTCA
test	subjectB	sample1	chr1+214495396	125	5	5	TCTGCGCGCTCGCTCGCTCA
test	subjectB	sample1	chr22-25094200	125	5	5	TCTGCGCGCTCGCTCGCTCA
test	subjectB	sample1	chrX-102341610	125	5	5	TCTGCGCGCTCGCTCGCTCA
test	subjectB	sample1	chr13+111758888	125	5	5	TCTGCGCGCTCGCTCGCTCA
test	subjectB	sample1	chr10+372872	125	5	5	TCTGCGCGCTCGCTCGCTCA
test	subjectB	sample1	chr22-39081805	125	5	5	TCTGCGCGCTCGCTCGCTCA
test	subjectB	sample1	chr1+145929866	125	5	5	TCTGCGCGCTCGCTCGCTCA
test	subjectB	sample1	chr5-91731547	125	5	5	TCTGCGCGCTCGCTCGCTCA
test	subjectB	sample1	chr1+11916628	125	5	5	TCTGCGCGCTCGCTCGCTCA
test	subjectB	sample1	chr17+32420916	125	5	5	TCTGCGCGCTCGCTCGCTCA
test	subjectB	sample1	chr17+79968409	125	5	5	TCTGCGCGCTCGCTCGCTCA
test	subjectB	sample1	chr21+42921437	125	5	5	TCTGCGCGCTCGCTCGCTCA
test	subjectB	sample1	chr3+35952745	125	5	5	TCTGCGCGCTCGCTCGCTCA
test	subjectB	sample1	chrX+123979430	125	5	5	TCTGCGCGCTCGCTCGCTCA
test	subjectB	sample1	chr15+81255373	125	5	5	TCTGCGCGCTCGCTCGCTCA
test	subjectB	sample1	chr21+25868437	125	5	5	TCTGCGCGCTCGCTCGCTCA
test	subjectB	sample1	chr16+34384158	125	5	5	TCTGCGCGCTCGCTCGCTCA
test	subjectB	sample1	chr21-7307434	125	5	5	TCTGCGCGCTCGCTCGCTCA
test	subjectB	sample1	chr17-10118866	125	5	5	TCTGCGCGCTCGCTCGCTCA
test	subjectB	sample1	chr14+56334984	125	5	5	TCTGCGCGCTCGCTCGCTCA
test	subjectB	sample1	chr4-157236651	125	5	5	TCTGCGCGCTCGCTCGCTCA
test	subjectB	sample1	chr17+61674717	125	5	5	TCTGCGCGCTCGCTCGCTCA
test	subjectB	sample1	chr17-713374	125	5	5	TCTGCGCGCTCGCTCGCTCA
test	subjectB	sample1	chr15-55972767	125	5	5	TCTGCGCGCTCGCTCGCTCA
test	subjectB	sample1	chrX+26304403	125	5	5	TCTGCGCGCTCGCTCGCTCA
test	subjectB	sample1	chr20-42123380	125	5	5	TCTGCGCGCTCGCTCGCTCA
test	subjectB	sample1	chr17+34427283	125	5	5	TCTGCGCGCTCGCTCGCTCA
test	subjectB	sample1	chr10+109567919	125	5	5	TCTGCGCGCTCGCTCGCTCA
test	subjectB	sample1	chr10+19611832	125	5	5	TCTGCGCGCTCGCTCGCTCA
test	subjectB	sample1	chr7-109525077	125	5	5	TCTGCGCGCTCGCTCGCTCA
test	subjectB	sample1	chr8+92995683	125	5	5	TCTGCGCGCTCGCTCGCTCA
test	subjectB	sample1	chr7-118306621	125	5	5	TCTGCGCGCTCGCTCGCTCA
test	subjectB	sample1	chr17+28524048	125	5	5	TCTGCGCGCTCGCTCGCTCA
test	subjectB	sample1	chr14-93251810	125	5	5	TCTGCGCGCTCGCTCGCTCA
test	subjectB	sample1	chr16+69820999	125	5	5	TCTGCGCGCTCGCTCGCTCA
test	subjectB	sample1	chr7+36612289	125	5	5	TCTGCGCGCTCGCTCGCTCA
test	subjectB	sample1	chr17-71794492	125	5	5	TCTGCGCGCTCGCTCGCTCA
test	subjectB	sample1	chr20-39073029	125	5	5	TCTGCGCGCTCGCTCGCTCA
test	subjectB	sample1	chr12+5694153	125	5	5	TCTGCGCGCTCGCTCGCTCA
test	subjectB	sample1	chr20-24538897	125	5	5	TCTGCGCGCTCGCTCGCTCA
test	subjectB	sample1	chr8+112387418	125	5	5	TCTGCGCGCTCGCTCGCTCA
test	subjectB	sample1	chr22-50752933	125	5	5	TCTGCGCGCTCGCTCGCTCA
test	subjectB	sample1	chr3-110599563	125	5	5	TCTGCGCGCTCGCTCGCTCA
test	subjectB	sample1	chr4+35913222	125	5	5	TCTGCGCGCTCGCTCGCTCA
test	subjectB	sample1	chr18+17578252	125	5	5	TCTGCGCGCTCGCTCGCTCA
test	subjectB	sample1	chr9-93744285	125	5	5	TCTGCGCGCTCGCTCGCTCA
test	subjectB	sample1	chrX+21829547	125	5	5	TCTGCGCGCTCGCTCGCTCA
test	subjectB	sample1	chr2+129459455	125	5	5	TCTGCGCGCTCGCTCGCTCA
test	subjectB	sample1	chr8-40896178	125	5	5	TCTGCGCGCTCGCTCGCTCA
test	subjectB	sample1	chr6-93042057	125	5	5	TCTGCGCGCTCGCTCGCTCA
test	subjectB	sample1	chr3+7109005	125	5	5	TCTGCGCGCTCGCTCGCTCA
test	subjectB	sample1	chr17+54407287	125	5	5	TCTGCGCGCTCGCTCGCTCA
test	subjectB	sample1	chr16-13396629	125	5	5	TCTGCGCGCTCGCTCGCTCA
test	subjectB	sample1	chr19-54504088	125	5	5	TCTGCGCGCTCGCTCGCTCA
test	subjectB	sample1	chr19+19372443	125	5	5	TCTGCGCGCTCGCTCGCTCA
test	subjectB	sample1	chr18+12434610	125	5	5	TCTGCGCGCTCGCTCGCTCA
test	subjectB	sample1	chr21+15941244	125	5	5	TCTGCGCGCTCGCTCGCTCA
test	subjectB	sample1	chr11+9153561	125	5	5	TCTGCGCGCTCGCTCGCTCA
test	subjectB	sample1	chr22-36721082	125	5	5	TCTGCGCGCTCGCTCGCTCA
test	subjectB	sample1	chr13+109172176	125	5	5	TCTGCGCGCTCGCTCGCTCA
test	subjectB	sample1	chr10-124854564	125	5	5	TCTGCGCGCTCGCTCGCTCA
test	subjectB	sample1	chr14+51826505	125	5	5	TCTGCGCGCTCGCTCGCTCA
test	subjectB	sample1	chr19+38150383	125	5	5	TCTGCGCGCTCGCTCGCTCA
test	subjectB	sample1	chr3+160579332	125	5	5	TCTGCGCGCTCGCTCGCTCA
test	subjectB	sample1	chr15+101976729	125	5	5	TCTGCGCGCTCGCTCGCTCA
test	subjectB	sample1	chr15+101604927	125	5	5	TCTGCGCGCTCGCTCGCTCA
test	subjectB	sample1	chr5-93566103	125	5	5	TCTGCGCGCTCGCTCGCTCA
test	subjectB	sample1	chr11-28147427	125	5	5	TCTGCGCGCTCGCTCGCTCA
test	subjectB	sample1	chr11+88764233	125	5	5	TCTGCGCGCTCGCTCGCTCA
test	subjectB	sample1	chr3+101099400	125	5	5	TCTGCGCGCTCGCTCGCTCA
test	subjectB	sample1	chr7-100503138	125	5	5	TCTGCGCGCTCGCTCGCTCA
test	subjectB	sample1	chr16-78548759	125	5	5	TCTGCGCGCTCGCTCGCTCA
test	subjectB	sample1	chr14-42663835	125	5	5	TCTGCGCGCTCGCTCGCTCA
test	subjectB	sample1	chr1-45539158	125	5	5	TCTGCGCGCTCGCTCGCTCA
test	subjectB	sample1	chrX+143181955	125	5	5	TCTGCGCGCTCGCTCGCTCA
test	subjectB	sample1	chr13+19628895	125	5	5	TCTGCGCGCTCGCTCGCTCA
test	subjectB	sample1	chr19-22731709	125	5	5	TCTGCGCGCTCGCTCGCTCA
test	subjectB	sample1	chr2-17133577	125	5	5	TCTGCGCGCTCGCTCGCTCA
test	subjectB	sample1	chr18-26416154	125	5	5	TCTGCGCGCTCGCTCGCTCA
test	subjectB	sample1	chr21+19038221	125	5	5	TCTGCGCGCTCGCTCGCTCA
test	subjectB	sample1	chr12+104704832	125	5	5	TCTGCGCGCTCGCTCGCTCA
test	subjectB	sample1	chr15+60852165	125	5	5	TCTGCGCGCTCGCTCGCTCA
test	subjectB	sample1	chr22+40303110	125	5	5	TCTGCGCGCTCGCTCGCTCA
test	subjectB	sample1	chr19-9401199	125	5	5	TCTGCGCGCTCGCTCGCTCA
test	subjectB	sample1	chr14-20779789	125	5	5	TCTGCGCGCTCGCTCGCTCA
test	subjectB	sample1	chr6+21739010	125	5	5	TCTGCGCGCTCGCTCGCTCA
test	subjectB	sample1	chr4-62580342	125	5	5	TCTGCGCGCTCGCTCGCTCA
test	subjectB	sample1	chr13+98612988	125	5	5	TCTGCGCGCTCGCTCGCTCA
test	subjectB	sample1	chr12+15741573	125	5	5	TCTGCGCGCTCGCTCGCTCA
test	subjectB	sample1	chr21-43998974	125	5	5	TCTGCGCGCTCGCTCGCTCA
test	subjectB	sample1	chr12+74419814	125	5	5	TCTGCGCGCTCGCTCGCTCA
test	subjectB	sample1	chr7-130297069	125	5	5	TCTGCGCGCTCGCTCGCTCA
test	subjectB	sample1	chr12+50152497	125	5	5	TCTGCGCGCTCGCTCGCTCA
test	subjectB	sample1	chr17+19721786	125	5	5	TCTGCGCGCTCGCTCGCTCA
test	subjectB	sample1	chr7+122889391	125	5	5	TCTGCGCGCTCGCTCGCTCA
test	subjectB	sample1	chr7-102866979	125	5	5	TCTGCGCGCTCGCTCGCTCA
test	subjectB	sample1	chr17-19495502	125	5	5	TCTGCGCGCTCGCTCGCTCA
test	subjectB	sample1	chr4-169184129	125	5	5	TCTGCGCGCTCGCTCGCTCA
test	subjectB	sample1	chr3+28981882	125	5	5	TCTGCGCGCTCGCTCGCTCA
test	subjectB	sample1	chr2-119469838	125	5	5	TCTGCGCGCTCGCTCGCTCA
test	subjectB	sample1	chr11+28250711	125	5	5	TCTGCGCGCTCGCTCGCTCA
test	subjectB	sample1	chr3-192769102	125	5	5	TCTGCGCGCTCGCTCGCTCA
test	subjectB	sample1	chr19+37962133	125	5	5	TCTGCGCGCTCGCTCGCTCA
test	subjectB	sample1	chr12-98049742	125	5	5	TCTGCGCGCTCGCTCGCTCA
test	subjectB	sample1	chr9+38634011	125	5	5	TCTGCGCGCTCGCTCGCTCA
test	subjectB	sample1	chr15+18508691	125	5	5	TCTGCGCGCTCGCTCGCTCA
test	subjectB	sample1	chr10-102554620	125	5	5	TCTGCGCGCTCGCTCGCTCA
test	subjectB	sample1	chrX+13903902	125	5	5	TCTGCGCGCTCGCTCGCTCA
test	subjectB	sample1	chr1+145030031	125	5	5	TCTGCGCGCTCGCTCGCTCA
test	subjectB	sample1	chr14-74665936	125	5	5	TCTGCGCGCTCGCTCGCTCA
test	subjectB	sample1	chr4-115236774	125	5	5	TCTGCGCGCTCGCTCGCTCA
test	subjectB	sample1	chr20-54922144	125	5	5	TCTGCGCGCTCGCTCGCTCA
test	subjectB	sample1	chr5+22115714	125	5	5	TCTGCGCGCTCGCTCGCTCA
test	subjectB	sample1	chr16-63017087	125	5	5	TCTGCGCGCTCGCTCGCTCA
test	subjectB	sample1	chr1-213014051	125	5	5	TCTGCGCGCTCGCTCGCTCA
test	subjectB	sample1	chr11+69692954	125	5	5	TCTGCGCGCTCGCTCGCTCA
test	subjectB	sample1	chr12+1500601	125	5	5	TCTGCGCGCTCGCTCGCTCA
test	subjectB	sample1	chr8+6150695	125	5	5	TCTGCGCGCTCGCTCGCTCA
test	subjectB	sample1	chr8-110878744	125	5	5	TCTGCGCGCTCGCTCGCTCA
test	subjectB	sample1	chr11-30460889	125	5	5	TCTGCGCGCTCGCTCGCTCA
test	subjectB	sample1	chr5-95435076	125	5	5	TCTGCGCGCTCGCTCGCTCA
test	subjectB	sample1	chr10+17538986	125	5	5	TCTGCGCGCTCGCTCGCTCA
test	subjectB	sample1	chr16-73106228	125	5	5	TCTGCGCGCTCGCTCGCTCA
test	subjectB	sample1	chr6+107946409	125	5	5	TCTGCGCGCTCGCTCGCTCA
test	subjectB	sample1	chr14-93251944	125	5	5	TCTGCGCGCTCGCTCGCTCA
test	subjectB	sample1	chr21-15201819	125	5	5	TCTGCGCGCTCGCTCGCTCA
test	subjectB	sample1	chr6-160950124	125	5	5	TCTGCGCGCTCGCTCGCTCA
test	subjectB	sample1	chr21+34224453	125	5	5	TCTGCGCGCTCGCTCGCTCA
test	subjectB	sample1	chrX-149244457	125	5	5	TCTGCGCGCTCGCTCGCTCA
test	subjectB	sample1	chr3+188117613	125	5	5	TCTGCGCGCTCGCTCGCTCA
test	subjectB	sample1	chr21+35449565	125	5	5	TCTGCGCGCTCGCTCGCTCA
test	subjectB	sample1	chr10+36137083	125	5	5	TCTGCGCGCTCGCTCGCTCA
test	subjectB	sample1	chr15+17490528	125	5	5	TCTGCGCGCTCGCTCGCTCA
test	subjectB	sample1	chr20-12917738	125	5	5	TCTGCGCGCTCGCTCGCTCA
test	subjectB	sample1	chr13-100128899	125	5	5	TCTGCGCGCTCGCTCGCTCA
test	subjectB	sample1	chr5-165443187	125	5	5	TCTGCGCGCTCGCTCGCTCA
test	subjectB	sample1	chr3-167160152	125	5	5	TCTGCGCGCTCGCTCGCTCA
test	subjectB	sample1	chr17-7091804	125	5	5	TCTGCGCGCTCGCTCGCTCA
test	subjectB	sample1	chr21-25186615	125	5	5	TCTGCGCGCTCGCTCGCTCA
test	subjectB	sample1	chr20-64162667	125	5	5	TCTGCGCGCTCGCTCGCTCA
test	subjectB	sample1	chr12-132717111	125	5	5	TCTGCGCGCTCGCTCGCTCA
test	subjectB	sample1	chr1-145344161	125	5	5	TCTGCGCGCTCGCTCGCTCA
test	subjectB	sample1	chr2+168083547	125	5	5	TCTGCGCGCTCGCTCGCTCA
test	subjectB	sample1	chr12+29505336	125	5	5	TCTGCGCGCTCGCTCGCTCA
test	subjectB	sample1	chr17-67036941	125	5	5	TCTGCGCGCTCGCTCGCTCA
test	subjectB	sample1	chr6+65676604	125	5	5	TCTGCGCGCTCGCTCGCTCA
test	subjectB	sample1	chr7-118096753	125	5	5	TCTGCGCGCTCGCTCGCTCA
test	subjectB	sample1	chr17-73622152	125	5	5	TCTGCGCGCTCGCTCGCTCA
test	subjectB	sample1	chr5-174158860	125	5	5	TCTGCGCGCTCGCTCGCTCA
test	subjectB	sample1	chr18+67311890	125	5	5	TCTGCGCGCTCGCTCGCTCA
test	subjectB	sample1	chr8-39457704	125	5	5	TCTGCGCGCTCGCTCGCTCA
test	subjectB	sample1	chr8-59366870	125	5	5	TCTGCGCGCTCGCTCGCTCA
test	subjectB	sample1	chr7-120477845	125	5	5	TCTGCGCGCTCGCTCGCTCA
test	subjectB	sample1	chr11+52874566	125	5	5	TCTGCGCGCTCGCTCGCTCA
test	subjectB	sample1	chr10-126120837	125	5	5	TCTGCGCGCTCGCTCGCTCA
test	subjectB	sample1	chr6+38341609	125	5	5	TCTGCGCGCTCGCTCGCTCA
test	subjectB	sample1	chr14-95919633	125	5	5	TCTGCGCGCTCGCTCGCTCA
test	subjectB	sample1	chr16+35913776	125	5	5	TCTGCGCGCTCGCTCGCTCA
test	subjectB	sample1	chr1-54960419	125	5	5	TCTGCGCGCTCGCTCGCTCA
test	subjectB	sample1	chr6-162938570	125	5	5	TCTGCGCGCTCGCTCGCTCA
test	subjectB	sample1	chr8-78602468	125	5	5	TCTGCGCGCTCGCTCGCTCA
test	subjectB	sample1	chr4-119185123	125	5	5	TCTGCGCGCTCGCTCGCTCA
test	subjectB	sample1	chr21+28644727	125	5	5	TCTGCGCGCTCGCTCGCTCA
test	subjectB	sample1	chr17-19847012	125	5	5	TCTGCGCGCTCGCTCGCTCA
test	subjectB	sample1	chr5-108000604	125	5	5	TCTGCGCGCTCGCTCGCTCA
test	subjectB	sample1	chr5+145739525	125	5	5	TCTGCGCGCTCGCTCGCTCA
test	subjectB	sample1	chr22-36380972	125	5	5	TCTGCGCGCTCGCTCGCTCA
test	subjectB	sample1	chr18-9549966	125	5	5	TCTGCGCGCTCGCTCGCTCA
test	subjectB	sample1	chr8-117419636	125	5	5	TCTGCGCGCTCGCTCGCTCA
test	subjectB	sample1	chr3-38540558	125	5	5	TCTGCGCGCTCGCTCGCTCA
test	subjectB	sample1	chr18+42280402	125	5	5	TCTGCGCGCTCGCTCGCTCA
test	subjectB	sample1	chr6+43414077	125	5	5	TCTGCGCGCTCGCTCGCTCA
test	subjectB	sample1	chr4-96719126	125	5	5	TCTGCGCGCTCGCTCGCTCA
test	subjectB	sample1	chr21-14821874	125	5	5	TCTGCGCGCTCGCTCGCTCA
test	subjectB	sample1	chr8+142142922	125	5	5	TCTGCGCGCTCGCTCGCTCA
test	subjectB	sample1	chr3-62469222	125	5	5	TCTGCGCGCTCGCTCGCTCA
test	subjectB	sample1	chrX-27336059	125	5	5	TCTGCGCGCTCGCTCGCTCA
test	subjectB	sample1	chr17+9502080	125	5	5	TCTGCGCGCTCGCTCGCTCA
test	subjectB	sample1	chr10-122744627	125	5	5	TCTGCGCGCTCGCTCGCTCA
test	subjectB	sample1	chr16-22907911	125	5	5	TCTGCGCGCTCGCTCGCTCA
test	subjectB	sample1	chr13+114045424	125	5	5	TCTGCGCGCTCGCTCGCTCA
test	subjectB	sample1	chr17-14412183	125	5	5	TCTGCGCGCTCGCTCGCTCA
test	subjectB	sample1	chr12+67533078	125	5	5	TCTGCGCGCTCGCTCGCTCA
test	subjectB	sample1	chr13+51487687	125	5	5	TCTGCGCGCTCGCTCGCTCA
test	subjectB	sample1	chrX+10677640	125	5	5	TCTGCGCGCTCGCTCGCTCA
test	subjectB	sample1	chr19+52444913	125	5	5	TCTGCGCGCTCGCTCGCTCA
test	subjectB	sample1	chr7-137240045	125	5	5	TCTGCGCGCTCGCTCGCTCA
test	subjectB	sample1	chr13+112312485	125	5	5	TCTGCGCGCTCGCTCGCTCA
test	subjectB	sample1	chr2+151657728	125	5	5	TCTGCGCGCTCGCTCGCTCA
test	subjectB	sample1	chr9+36267686	125	5	5	TCTGCGCGCTCGCTCGCTCA
test	subjectB	sample1	chr12+76410335	125	5	5	TCTGCGCGCTCGCTCGCTCA
test	subjectB	sample1	chr13-108941915	125	5	5	TCTGCGCGCTCGCTCGCTCA
test	subjectB	sample1	chr22-19036349	125	5	5	TCTGCGCGCTCGCTCGCTCA
test	subjectB	sample1	chr3+3726433	125	5	5	TCTGCGCGCTCGCTCGCTCA
test	subjectB	sample1	chrX+73078719	125	5	5	TCTGCGCGCTCGCTCGCTCA
test	subjectB	sample1	chr5+31041377	125	5	5	TCTGCGCGCTCGCTCGCTCA
test	subjectB	sample1	chr9+129265037	125	5	5	TCTGCGCGCTCGCTCGCTCA
test	subjectB	sample1	chr22-24474270	125	5	5	TCTGCGCGCTCGCTCGCTCA
test	subjectB	sample1	chr11-59304943	125	5	5	TCTGCGCGCTCGCTCGCTCA
test	subjectB	sample1	chr19+49320854	125	5	5	TCTGCGCGCTCGCTCGCTCA
test	subjectB	sample1	chr14-85490572	125	5	5	TCTGCGCGCTCGCTCGCTCA
test	subjectB	sample1	chr6-15846177	125	5	5	TCTGCGCGCTCGCTCGCTCA
test	subjectB	sample1	chr9+13782533	125	5	5	TCTGCGCGCTCGCTCGCTCA
test	subjectB	sample1	chr6-82273798	125	5	5	TCTGCGCGCTCGCTCGCTCA
test	subjectB	sample1	chrX+148485446	125	5	5	TCTGCGCGCTCGCTCGCTCA
test	subjectB	sample1	chr5-100986015	125	5	5	TCTGCGCGCTCGCTCGCTCA
test	subjectB	sample1	chr14+96170652	125	5	5	TCTGCGCGCTCGCTCGCTCA
test	subjectB	sample1	chr11-37018240	125	5	5	TCTGCGCGCTCGCTCGCTCA
test	subjectB	sample1	chr13+103717663	125	5	5	TCTGCGCGCTCGCTCGCTCA
test	subjectB	sample1	chr14+34030640	125	5	5	TCTGCGCGCTCGCTCGCTCA
test	subjectB	sample1	chr13+21158846	125	5	5	TCTGCGCGCTCGCTCGCTCA
test	subjectB	sample1	chr22-48740913	125	5	5	TCTGCGCGCTCGCTCGCTCA
test	subjectB	sample1	chr2+197946786	125	5	5	TCTGCGCGCTCGCTCGCTCA
test	subjectB	sample1	chr16-70213841	125	5	5	TCTGCGCGCTCGCTCGCTCA
test	subjectB	sample1	chr3-178647947	125	5	5	TCTGCGCGCTCGCTCGCTCA
test	subjectB	sample1	chr18-17381161	125	5	5	TCTGCGCGCTCGCTCGCTCA
test	subjectB	sample1	chr17+69411939	125	5	5	TCTGCGCGCTCGCTCGCTCA
test	subjectB	sample1	chr17+39980156	125	5	5	TCTGCGCGCTCGCTCGCTCA
test	subjectB	sample1	chr10+78793428	125	5	5	TCTGCGCGCTCGCTCGCTCA
test	subjectB	sample1	chr2-47968733	125	5	5	TCTGCGCGCTCGCTCGCTCA
test	subjectB	sample1	chr19-42992520	125	5	5	TCTGCGCGCTCGCTCGCTCA
test	subjectB	sample1	chr3+49797980	125	5	5	TCTGCGCGCTCGCTCGCTCA
test	subjectB	sample1	chr3+173205375	125	5	5	TCTGCGCGCTCGCTCGCTCA
test	subjectB	sample1	chr13-60575253	125	5	5	TCTGCGCGCTCGCTCGCTCA
test	subjectB	sample1	chr17-50502058	125	5	5	TCTGCGCGCTCGCTCGCTCA
test	subjectB	sample1	chrX+118119916	125	5	5	TCTGCGCGCTCGCTCGCTCA
test	subjectB	sample1	chr13-111100721	125	5	5	TCTGCGCGCTCGCTCGCTCA
test	subjectB	sample1	chr14+16421732	125	5	5	TCTGCGCGCTCGCTCGCTCA
test	subjectB	sample1	chr16-58561486	125	5	5	TCTGCGCGCTCGCTCGCTCA
test	subjectB	sample1	chr9-19927387	125	5	5	TCTGCGCGCTCGCTCGCTCA
test	subjectB	sample1	chr21+18891986	125	5	5	TCTGCGCGCTCGCTCGCTCA
test	subjectB	sample1	chr19-23571052	125	5	5	TCTGCGCGCTCGCTCGCTCA
test	subjectB	sample1	chr8+58605390	125	5	5	TCTGCGCGCTCGCTCGCTCA
test	subjectB	sample1	chr9-36454440	125	5	5	TCTGCGCGCTCGCTCGCTCA
test	subjectB	sample1	chr4-65802591	125	5	5	TCTGCGCGCTCGCTCGCTCA
test	subjectB	sample1	chr7+39839244	125	5	5	TCTGCGCGCTCGCTCGCTCA
test	subjectB	sample1	chr20-11984165	125	5	5	TCTGCGCGCTCGCTCGCTCA
test	subjectB	sample1	chr1-54709001	125	5	5	TCTGCGCGCTCGCTCGCTCA
test	subjectB	sample1	chr22+42801692	125	5	5	TCTGCGCGCTCGCTCGCTCA
test	subjectB	sample1	chr5+117065824	125	5	5	TCTGCGCGCTCGCTCGCTCA
test	subjectB	sample1	chr10-120460154	125	5	5	TCTGCGCGCTCGCTCGCTCA
test	subjectB	sample1	chr14+92026881	125	5	5	TCTGCGCGCTCGCTCGCTCA
test	subjectB	sample1	chr3+193995856	125	5	5	TCTGCGCGCTCGCTCGCTCA
test	subjectB	sample1	chr14+46185125	125	5	5	TCTGCGCGCTCGCTCGCTCA
test	subjectB	sample1	chr16+28278742	125	5	5	TCTGCGCGCTCGCTCGCTCA
test	subjectB	sample1	chr7+17736734	125	5	5	TCTGCGCGCTCGCTCGCTCA
test	subjectB	sample1	chr20+39218465	125	5	5	TCTGCGCGCTCGCTCGCTCA
test	subjectB	sample1	chr12-99982486	125	5	5	TCTGCGCGCTCGCTCGCTCA
test	subjectB	sample1	chr18-24310940	125	5	5	TCTGCGCGCTCGCTCGCTCA
test	subjectB	sample1	chr2-41868953	125	5	5	TCTGCGCGCTCGCTCGCTCA
test	subjectB	sample1	chr5-114862687	125	5	5	TCTGCGCGCTCGCTCGCTCA
test	subjectB	sample1	chr10+40439460	125	5	5	TCTGCGCGCTCGCTCGCTCA
test	subjectB	sample1	chr19-42502010	125	5	5	TCTGCGCGCTCGCTCGCTCA
test	subjectB	sample1	chr14-17690757	125	5	5	TCTGCGCGCTCGCTCGCTCA
test	subjectB	sample1	chr1+93446684	125	5	5	TCTGCGCGCTCGCTCGCTCA
test	subjectB	sample1	chr1-115998117	125	5	5	TCTGCGCGCTCGCTCGCTCA
test	subjectB	sample1	chr6+13155691	125	5	5	TCTGCGCGCTCGCTCGCTCA
test	subjectB	sample1	chr13-42380796	125	5	5	TCTGCGCGCTCGCTCGCTCA
test	subjectB	sample1	chrX-151564152	125	5	5	TCTGCGCGCTCGCTCGCTCA
test	subjectB	sample1	chr11-18167617	125	5	5	TCTGCGCGCTCGCTCGCTCA
test	subjectB	sample1	chr17+10663346	125	5	5	TCTGCGCGCTCGCTCGCTCA
test	subjectB	sample1	chr2+55723010	125	5	5	TCTGCGCGCTCGCTCGCTCA
test	subjectB	sample1	chr6-75068974	125	5	5	TCTGCGCGCTCGCTCGCTCA
test	subjectB	sample1	chr8+8636676	125	5	5	TCTGCGCGCTCGCTCGCTCA
test	subjectB	sample1	chr3+106522174	125	5	5	TCTGCGCGCTCGCTCGCTCA
test	subjectB	sample1	chr16-4733760	125	5	5	TCTGCGCGCTCGCTCGCTCA
test	subjectB	sample1	chr19-20472393	125	5	5	TCTGCGCGCTCGCTCGCTCA
test	subjectB	sample1	chr2-189694930	125	5	5	TCTGCGCGCTCGCTCGCTCA
test	subjectB	sample1	chrX+101183303	125	5	5	TCTGCGCGCTCGCTCGCTCA
test	subjectB	sample1	chr13+79774474	125	5	5	TCTGCGCGCTCGCTCGCTCA
test	subjectB	sample1	chr9+75537661	125	5	5	TCTGCGCGCTCGCTCGCTCA
test	subjectB	sample1	chr22-32600576	125	5	5	TCTGCGCGCTCGCTCGCTCA
test	subjectB	sample1	chr20-46427146	125	5	5	TCTGCGCGCTCGCTCGCTCA
test	subjectB	sample1	chr7+130423002	125	5	5	TCTGCGCGCTCGCTCGCTCA
test	subjectB	sample1	chr4+141728605	125	5	5	TCTGCGCGCTCGCTCGCTCA
test	subjectB	sample1	chrX-31012278	125	5	5	TCTGCGCGCTCGCTCGCTCA
test	subjectB	sample1	chrX-44716017	125	5	5	TCTGCGCGCTCGCTCGCTCA
test	subjectB	sample1	chr4-107400821	125	5	5	TCTGCGCGCTCGCTCGCTCA
test	subjectB	sample1	chr13+90227635	125	5	5	TCTGCGCGCTCGCTCGCTCA
test	subjectB	sample1	chr1-162976345	125	5	5	TCTGCGCGCTCGCTCGCTCA
test	subjectB	sample1	chr2+57511210	125	5	5	TCTGCGCGCTCGCTCGCTCA
test	subjectB	sample1	chr9+97185237	125	5	5	TCTGCGCGCTCGCTCGCTCA
test	subjectB	sample1	chr3+57379399	125	5	5	TCTGCGCGCTCGCTCGCTCA
test	subjectB	sample1	chr18-17467133	125	5	5	TCTGCGCGCTCGCTCGCTCA
test	subjectB	sample1	chrX+68439807	125	5	5	TCTGCGCGCTCGCTCGCTCA
test	subjectB	sample1	chr4-166852524	125	5	5	TCTGCGCGCTCGCTCGCTCA
test	subjectB	sample1	chr12-111207082	125	5	5	TCTGCGCGCTCGCTCGCTCA
test	subjectB	sample1	chr2-238482573	125	5	5	TCTGCGCGCTCGCTCGCTCA
test	subjectB	sample1	chr5-164485870	125	5	5	TCTGCGCGCTCGCTCGCTCA
test	subjectB	sample1	chr20+59810036	125	5	5	TCTGCGCGCTCGCTCGCTCA
test	subjectB	sample1	chr2-99169998	125	5	5	TCTGCGCGCTCGCTCGCTCA
test	subjectB	sample1	chr5-29362544	125	5	5	TCTGCGCGCTCGCTCGCTCA
test	subjectB	sample1	chr3-190341106	125	5	5	TCTGCGCGCTCGCTCGCTCA
test	subjectB	sample1	chr18+24042413	125	5	5	TCTGCGCGCTCGCTCGCTCA
test	subjectB	sample1	chr9+26633269	125	5	5	TCTGCGCGCTCGCTCGCTCA
test	subjectB	sample1	chr21-43169329	125	5	5	TCTGCGCGCTCGCTCGCTCA
test	subjectB	sample1	chr15+47369061	125	5	5	TCTGCGCGCTCGCTCGCTCA
test	subjectB	sample1	chr5-27464301	125	5	5	TCTGCGCGCTCGCTCGCTCA
test	subjectB	sample1	chr21+43049482	125	5	5	TCTGCGCGCTCGCTCGCTCA
test	subjectB	sample1	chr7+23912219	125	5	5	TCTGCGCGCTCGCTCGCTCA
test	subjectB	sample1	chr2+139094208	125	5	5	TCTGCGCGCTCGCTCGCTCA
test	subjectB	sample1	chr6+27967140	125	5	5	TCTGCGCGCTCGCTCGCTCA
test	subjectB	sample1	chr5-37783110	125	5	5	TCTGCGCGCTCGCTCGCTCA
test	subjectB	sample1	chr15-94232317	125	5	5	TCTGCGCGCTCGCTCGCTCA
test	subjectB	sample1	chr2+136661155	125	5	5	TCTGCGCGCTCGCTCGCTCA
test	subjectB	sample1	chr6+55465655	125	5	5	TCTGCGCGCTCGCTCGCTCA
test	subjectB	sample1	chr7-137650096	125	5	5	TCTGCGCGCTCGCTCGCTCA
test	subjectB	sample1	chr12-61240957	125	5	5	TCTGCGCGCTCGCTCGCTCA
test	subjectB	sample1	chr8-108982728	125	5	5	TCTGCGCGCTCGCTCGCTCA
test	subjectB	sample1	chr19+16229494	125	5	5	TCTGCGCGCTCGCTCGCTCA
test	subjectB	sample1	chr6+153494120	125	5	5	TCTGCGCGCTCGCTCGCTCA
test	subjectB	sample1	chr15+43338073	125	5	5	TCTGCGCGCTCGCTCGCTCA
test	subjectB	sample1	chr4-1252713	125	5	5	TCTGCGCGCTCGCTCGCTCA
test	subjectB	sample1	chr11+45949806	125	5	5	TCTGCGCGCTCGCTCGCTCA
test	subjectB	sample1	chr22+49611355	125	5	5	TCTGCGCGCTCGCTCGCTCA
test	subjectB	sample1	chr10-112309396	125	5	5	TCTGCGCGCTCGCTCGCTCA
test	subjectB	sample1	chr12-117325928	125	5	5	TCTGCGCGCTCGCTCGCTCA
test	subjectB	sample1	chr19-23941268	125	5	5	TCTGCGCGCTCGCTCGCTCA
test	subjectB	sample1	chr17-20888518	125	5	5	TCTGCGCGCTCGCTCGCTCA
test	subjectB	sample1	chr9-134762547	125	5	5	TCTGCGCGCTCGCTCGCTCA
test	subjectB	sample1	chr10-59188953	125	5	5	TCTGCGCGCTCGCTCGCTCA
test	subjectB	sample1	chr12-55260370	125	5	5	TCTGCGCGCTCGCTCGCTCA
test	subjectB	sample1	chr9+75316598	125	5	5	TCTGCGCGCTCGCTCGCTCA
test	subjectB	sample1	chr15-71552205	125	5	5	TCTGCGCGCTCGCTCGCTCA
test	subjectB	sample1	chr19+16382865	125	5	5	TCTGCGCGCTCGCTCGCTCA
test	subjectB	sample1	chr12+15383075	125	5	5	TCTGCGCGCTCGCTCGCTCA
test	subjectB	sample1	chr8+62309561	125	5	5	TCTGCGCGCTCGCTCGCTCA
test	subjectB	sample1	chr22-48957253	125	5	5	TCTGCGCGCTCGCTCGCTCA
test	subjectB	sample1	chr13-57121519	125	5	5	TCTGCGCGCTCGCTCGCTCA
test	subjectB	sample1	chr4-26800471	125	5	5	TCTGCGCGCTCGCTCGCTCA
test	subjectB	sample1	chrX-33881271	125	5	5	TCTGCGCGCTCGCTCGCTCA
test	subjectB	sample1	chr11-125345901	125	5	5	TCTGCGCGCTCGCTCGCTCA
test	subjectB	sample1	chr17-80576330	125	5	5	TCTGCGCGCTCGCTCGCTCA
test	subjectB	sample1	chr1-116709815	125	5	5	TCTGCGCGCTCGCTCGCTCA
test	subjectB	sample1	chr5-30198877	125	5	5	TCTGCGCGCTCGCTCGCTCA
test	subjectB	sample1	chr22+39479028	125	5	5	TCTGCGCGCTCGCTCGCTCA
test	subjectB	sample1	chr17-70529583	125	5	5	TCTGCGCGCTCGCTCGCTCA
test	subjectB	sample1	chr7-62786443	125	5	5	TCTGCGCGCTCGCTCGCTCA
test	subjectB	sample1	chr16+78118201	125	5	5	TCTGCGCGCTCGCTCGCTCA
test	subjectB	sample1	chr20+28511005	125	5	5	TCTGCGCGCTCGCTCGCTCA
test	subjectB	sample1	chr16+58973375	125	5	5	TCTGCGCGCTCGCTCGCTCA
test	subjectB	sample1	chr10-54644586	125	5	5	TCTGCGCGCTCGCTCGCTCA
test	subjectB	sample1	chrX-122853757	125	5	5	TCTGCGCGCTCGCTCGCTCA
test	subjectB	sample1	chr5+67377781	125	5	5	TCTGCGCGCTCGCTCGCTCA
test	subjectB	sample1	chr5+160444158	125	5	5	TCTGCGCGCTCGCTCGCTCA
test	subjectB	sample1	chr11+44054064	125	5	5	TCTGCGCGCTCGCTCGCTCA
test	subjectB	sample1	chr1+184649641	125	5	5	TCTGCGCGCTCGCTCGCTCA
test	subjectB	sample1	chr1-160125091	125	5	5	TCTGCGCGCTCGCTCGCTCA
test	subjectB	sample1	chr3+50005552	125	5	5	TCTGCGCGCTCGCTCGCTCA
test	subjectB	sample1	chr6+67551699	125	5	5	TCTGCGCGCTCGCTCGCTCA
test	subjectB	sample1	chr11-120013801	125	5	5	TCTGCGCGCTCGCTCGCTCA
test	subjectB	sample1	chr17+72284818	125	5	5	TCTGCGCGCTCGCTCGCTCA
test	subjectB	sample1	chr20+21959284	125	5	5	TCTGCGCGCTCGCTCGCTCA
test	subjectB	sample1	chr6-47045145	125	5	5	TCTGCGCGCTCGCTCGCTCA
test	subjectB	sample1	chr21-26545182	125	5	5	TCTGCGCGCTCGCTCGCTCA
test	subjectB	sample1	chr15-79142162	125	5	5	TCTGCGCGCTCGCTCGCTCA
test	subjectB	sample1	chr19+8093959	125	5	5	TCTGCGCGCTCGCTCGCTCA
test	subjectB	sample1	chr6+2181022	125	5	5	TCTGCGCGCTCGCTCGCTCA
test	subjectB	sample1	chr19-38625161	125	5	5	TCTGCGCGCTCGCTCGCTCA
test	subjectB	sample1	chr10+68717347	125	5	5	TCTGCGCGCTCGCTCGCTCA
test	subjectB	sample1	chr1-67398166	125	5	5	TCTGCGCGCTCGCTCGCTCA
test	subjectB	sample1	chr4-165492522	125	5	5	TCTGCGCGCTCGCTCGCTCA
test	subjectB	sample1	chr15-28692204	125	5	5	TCTGCGCGCTCGCTCGCTCA
test	subjectB	sample1	chr10-23304234	125	5	5	TCTGCGCGCTCGCTCGCTCA
test	subjectB	sample1	chr16+25205550	125	5	5	TCTGCGCGCTCGCTCGCTCA
test	subjectB	sample1	chr8+129886216	125	5	5	TCTGCGCGCTCGCTCGCTCA
test	subjectB	sample1	chr21+19538263	125	5	5	TCTGCGCGCTCGCTCGCTCA
test	subjectB	sample1	chr10+112419170	125	5	5	TCTGCGCGCTCGCTCGCTCA
test	subjectB	sample1	chr21+17707970	125	5	5	TCTGCGCGCTCGCTCGCTCA
test	subjectB	sample1	chr3-119091064	125	5	5	TCTGCGCGCTCGCTCGCTCA
test	subjectB	sample1	chr12+7798063	125	5	5	TCTGCGCGCTCGCTCGCTCA
test	subjectB	sample1	chr13+48285326	125	5	5	TCTGCGCGCTCGCTCGCTCA
test	subjectB	sample1	chr12-78652346	125	5	5	TCTGCGCGCTCGCTCGCTCA
test	subjectB	sample1	chr7-19556876	125	5	5	TCTGCGCGCTCGCTCGCTCA
test	subjectB	sample1	chr22-26404695	125	5	5	TCTGCGCGCTCGCTCGCTCA
test	subjectB	sample1	chr6-318627	125	5	5	TCTGCGCGCTCGCTCGCTCA
test	subjectB	sample1	chr18-18969090	125	5	5	TCTGCGCGCTCGCTCGCTCA
test	subjectB	sample1	chr11-11553534	125	5	5	TCTGCGCGCTCGCTCGCTCA
test	subjectB	sample1	chr7+140776580	125	5	5	TCTGCGCGCTCGCTCGCTCA
test	subjectB	sample1	chr20-63801080	125	5	5	TCTGCGCGCTCGCTCGCTCA
test	subjectB	sample1	chr4-49500446	125	5	5	TCTGCGCGCTCGCTCGCTCA
test	subjectB	sample1	chr22-34753190	125	5	5	TCTGCGCGCTCGCTCGCTCA
test	subjectB	sample1	chr22+31155170	125	5	5	TCTGCGCGCTCGCTCGCTCA
test	subjectB	sample1	chr10+42124546	125	5	5	TCTGCGCGCTCGCTCGCTCA
test	subjectB	sample1	chr7+98779149	125	5	5	TCTGCGCGCTCGCTCGCTCA
test	subjectB	sample1	chr1-18033715	125	5	5	TCTGCGCGCTCGCTCGCTCA
test	subjectB	sample1	chr12-5395742	125	5	5	TCTGCGCGCTCGCTCGCTCA
test	subjectB	sample1	chr1-158812175	125	5	5	TCTGCGCGCTCGCTCGCTCA
test	subjectB	sample1	chr1+39831396	125	5	5	TCTGCGCGCTCGCTCGCTCA
test	subjectB	sample1	chrX-7726330	125	5	5	TCTGCGCGCTCGCTCGCTCA
test	subjectB	sample1	chrX+23281677	125	5	5	TCTGCGCGCTCGCTCGCTCA
test	subjectB	sample1	chr3+52074329	125	5	5	TCTGCGCGCTCGCTCGCTCA
test	subjectB	sample1	chr14-21230938	125	5	5	TCTGCGCGCTCGCTCGCTCA
test	subjectB	sample1	chr21-21123436	125	5	5	TCTGCGCGCTCGCTCGCTCA
test	subjectB	sample1	chr19-24299446	125	5	5	TCTGCGCGCTCGCTCGCTCA
test	subjectB	sample1	chr11+72762739	125	5	5	TCTGCGCGCTCGCTCGCTCA
test	subjectB	sample1	chr17+9925653	125	5	5	TCTGCGCGCTCGCTCGCTCA
test	subjectB	sample1	chr12+41372882	125	5	5	TCTGCGCGCTCGCTCGCTCA
test	subjectB	sample1	chr3+173508099	125	5	5	TCTGCGCGCTCGCTCGCTCA
test	subjectB	sample1	chr7+32963736	125	5	5	TCTGCGCGCTCGCTCGCTCA
test	subjectB	sample1	chr10-103751219	125	5	5	TCTGCGCGCTCGCTCGCTCA
test	subjectB	sample1	chr8-35600226	125	5	5	TCTGCGCGCTCGCTCGCTCA
test	subjectB	sample1	chr14-93274840	125	5	5	TCTGCGCGCTCGCTCGCTCA
test	subjectB	sample1	chr3-22785984	125	5	5	TCTGCGCGCTCGCTCGCTCA
test	subjectB	sample1	chr11-1162445	125	5	5	TCTGCGCGCTCGCTCGCTCA
test	subjectB	sample1	chr3+21369574	125	5	5	TCTGCGCGCTCGCTCGCTCA
test	subjectB	sample1	chr11-112474142	125	5	5	TCTGCGCGCTCGCTCGCTCA
test	subjectB	sample1	chr5+164680097	125	5	5	TCTGCGCGCTCGCTCGCTCA
test	subjectB	sample1	chr19-52412227	125	5	5	TCTGCGCGCTCGCTCGCTCA
test	subjectB	sample1	chrX-80569847	125	5	5	TCTGCGCGCTCGCTCGCTCA
test	subjectB	sample1	chrX+67801323	125	5	5	TCTGCGCGCTCGCTCGCTCA
test	subjectB	sample1	chrX+27083868	125	5	5	TCTGCGCGCTCGCTCGCTCA
test	subjectB	sample1	chr14+60704869	125	5	5	TCTGCGCGCTCGCTCGCTCA
test	subjectB	sample1	chr12+72260702	125	5	5	TCTGCGCGCTCGCTCGCTCA
test	subjectB	sample1	chr5-2094338	125	5	5	TCTGCGCGCTCGCTCGCTCA
test	subjectB	sample1	chr18-4455840	125	5	5	TCTGCGCGCTCGCTCGCTCA
test	subjectB	sample1	chr17+71516976	125	5	5	TCTGCGCGCTCGCTCGCTCA
test	subjectB	sample1	chr20+24587795	125	5	5	TCTGCGCGCTCGCTCGCTCA
test	subjectB	sample1	chr5-144171282	125	5	5	TCTGCGCGCTCGCTCGCTCA
test	subjectB	sample1	chr5+116385393	125	5	5	TCTGCGCGCTCGCTCGCTCA
test	subjectB	sample1	chr3+80990807	125	5	5	TCTGCGCGCTCGCTCGCTCA
test	subjectB	sample1	chr15+54028150	125	5	5	TCTGCGCGCTCGCTCGCTCA
test	subjectB	sample1	chr1-172027057	125	5	5	TCTGCGCGCTCGCTCGCTCA
test	subjectB	sample1	chr5-13198505	125	5	5	TCTGCGCGCTCGCTCGCTCA
test	subjectB	sample1	chr8-58036367	125	5	5	TCTGCGCGCTCGCTCGCTCA
test	subjectB	sample1	chr8+116360248	125	5	5	TCTGCGCGCTCGCTCGCTCA
test	subjectB	sample1	chr13-58711716	125	5	5	TCTGCGCGCTCGCTCGCTCA
test	subjectB	sample1	chr6+85756503	125	5	5	TCTGCGCGCTCGCTCGCTCA
test	subjectB	sample1	chr17-11213489	125	5	5	TCTGCGCGCTCGCTCGCTCA
test	subjectB	sample1	chr16-80734333	125	5	5	TCTGCGCGCTCGCTCGCTCA
test	subjectB	sample1	chr2-43719704	125	5	5	TCTGCGCGCTCGCTCGCTCA
test	subjectB	sample1	chr21+18044667	125	5	5	TCTGCGCGCTCGCTCGCTCA
test	subjectB	sample1	chr21+42804537	125	5	5	TCTGCGCGCTCGCTCGCTCA
test	subjectB	sample1	chrX-144865210	125	5	5	TCTGCGCGCTCGCTCGCTCA
test	subjectB	sample1	chr5-44612573	125	5	5	TCTGCGCGCTCGCTCGCTCA
test	subjectB	sample1	chr12-12106631	125	5	5	TCTGCGCGCTCGCTCGCTCA
test	subjectB	sample1	chr21-22217202	125	5	5	TCTGCGCGCTCGCTCGCTCA
test	subjectB	sample1	chr7-44809019	125	5	5	TCTGCGCGCTCGCTCGCTCA
test	subjectB	sample1	chr8+107072232	125	5	5	TCTGCGCGCTCGCTCGCTCA
test	subjectB	sample1	chr2-190237864	125	5	5	TCTGCGCGCTCGCTCGCTCA
test	subjectB	sample1	chr16+23030053	125	5	5	TCTGCGCGCTCGCTCGCTCA
test	subjectB	sample1	chr22+39329875	125	5	5	TCTGCGCGCTCGCTCGCTCA
test	subjectB	sample1	chr18-53666649	125	5	5	TCTGCGCGCTCGCTCGCTCA
test	subjectB	sample1	chr10+101217779	125	5	5	TCTGCGCGCTCGCTCGCTCA
test	subjectB	sample1	chr8+112864295	125	5	5	TCTGCGCGCTCGCTCGCTCA
test	subjectB	sample1	chr10+77830000	125	5	5	TCTGCGCGCTCGCTCGCTCA
test	subjectB	sample1	chr22+38198639	125	5	5	TCTGCGCGCTCGCTCGCTCA
test	subjectB	sample1	chr18-19077312	125	5	5	TCTGCGCGCTCGCTCGCTCA
test	subjectB	sample1	chr17-43302192	125	5	5	TCTGCGCGCTCGCTCGCTCA
test	subjectB	sample1	chr16-75237262	125	5	5	TCTGCGCGCTCGCTCGCTCA
test	subjectB	sample1	chr11+37589191	125	5	5	TCTGCGCGCTCGCTCGCTCA
test	subjectB	sample1	chr12+89129624	125	5	5	TCTGCGCGCTCGCTCGCTCA
test	subjectB	sample1	chr7+46523389	125	5	5	TCTGCGCGCTCGCTCGCTCA
test	subjectB	sample1	chrX+103397719	125	5	5	TCTGCGCGCTCGCTCGCTCA
test	subjectB	sample1	chr20+37445719	125	5	5	TCTGCGCGCTCGCTCGCTCA
test	subjectB	sample1	chr21+32285685	125	5	5	TCTGCGCGCTCGCTCGCTCA
test	subjectB	sample1	chr19-33274420	125	5	5	TCTGCGCGCTCGCTCGCTCA
test	subjectB	sample1	chr18-1793510	125	5	5	TCTGCGCGCTCGCTCGCTCA
test	subjectB	sample1	chr20+7377837	125	5	5	TCTGCGCGCTCGCTCGCTCA
test	subjectB	sample1	chr6-50968747	125	5	5	TCTGCGCGCTCGCTCGCTCA
test	subjectB	sample1	chr5-145749761	125	5	5	TCTGCGCGCTCGCTCGCTCA
test	subjectB	sample1	chr16+83501096	125	5	5	TCTGCGCGCTCGCTCGCTCA
test	subjectB	sample1	chr16-74285853	125	5	5	TCTGCGCGCTCGCTCGCTCA
test	subjectB	sample1	chr1+93604954	125	5	5	TCTGCGCGCTCGCTCGCTCA
test	subjectB	sample1	chr9-70317157	125	5	5	TCTGCGCGCTCGCTCGCTCA
test	subjectB	sample1	chr11+93830888	125	5	5	TCTGCGCGCTCGCTCGCTCA
test	subjectB	sample1	chr11+10977461	125	5	5	TCTGCGCGCTCGCTCGCTCA
test	subjectB	sample1	chr19-45965706	125	5	5	TCTGCGCGCTCGCTCGCTCA
test	subjectB	sample1	chr4-2480126	125	5	5	TCTGCGCGCTCGCTCGCTCA
test	subjectB	sample1	chr7-88618828	125	5	5	TCTGCGCGCTCGCTCGCTCA
test	subjectB	sample1	chr15+96560234	125	5	5	TCTGCGCGCTCGCTCGCTCA
test	subjectB	sample1	chrX+93085085	125	5	5	TCTGCGCGCTCGCTCGCTCA
test	subjectB	sample1	chr17-29463514	125	5	5	TCTGCGCGCTCGCTCGCTCA
test	subjectB	sample1	chr11+23619512	125	5	5	TCTGCGCGCTCGCTCGCTCA
test	subjectB	sample1	chr2+183512078	125	5	5	TCTGCGCGCTCGCTCGCTCA
test	subjectB	sample1	chr20+50001958	125	5	5	TCTGCGCGCTCGCTCGCTCA
test	subjectB	sample1	chr4+22893208	125	5	5	TCTGCGCGCTCGCTCGCTCA
test	subjectB	sample1	chr2+147598559	125	5	5	TCTGCGCGCTCGCTCGCTCA
test	subjectB	sample1	chr11-41208153	125	5	5	TCTGCGCGCTCGCTCGCTCA
test	subjectB	sample1	chr16-29146430	125	5	5	TCTGCGCGCTCGCTCGCTCA
test	subjectB	sample1	chr11-8737989	125	5	5	TCTGCGCGCTCGCTCGCTCA
test	subjectB	sample1	chrX+143561104	125	5	5	TCTGCGCGCTCGCTCGCTCA
test	subjectB	sample1	chr5-140008518	125	5	5	TCTGCGCGCTCGCTCGCTCA
test	subjectB	sample1	chr20+37000088	125	5	5	TCTGCGCGCTCGCTCGCTCA
test	subjectB	sample1	chr2-80389957	125	5	5	TCTGCGCGCTCGCTCGCTCA
test	subjectB	sample1	chr2-82209046	125	5	5	TCTGCGCGCTCGCTCGCTCA
test	subjectB	sample1	chr16-18634855	125	5	5	TCTGCGCGCTCGCTCGCTCA
test	subjectB	sample1	chr12-28389018	125	5	5	TCTGCGCGCTCGCTCGCTCA
test	subjectB	sample1	chr7-17833682	125	5	5	TCTGCGCGCTCGCTCGCTCA
test	subjectB	sample1	chr1-230181263	125	5	5	TCTGCGCGCTCGCTCGCTCA
test	subjectB	sample1	chr18+5719362	125	5	5	TCTGCGCGCTCGCTCGCTCA
test	subjectB	sample1	chr16-77177901	125	5	5	TCTGCGCGCTCGCTCGCTCA
test	subjectB	sample1	chr20+11142419	125	5	5	TCTGCGCGCTCGCTCGCTCA
test	subjectB	sample1	chr9+30268012	125	5	5	TCTGCGCGCTCGCTCGCTCA
test	subjectB	sample1	chr14-69056463	125	5	5	TCTGCGCGCTCGCTCGCTCA
test	subjectB	sample1	chr17+42797759	125	5	5	TCTGCGCGCTCGCTCGCTCA
test	subjectB	sample1	chr3+96279667	125	5	5	TCTGCGCGCTCGCTCGCTCA
test	subjectB	sample1	chr5-147035355	125	5	5	TCTGCGCGCTCGCTCGCTCA
test	subjectB	sample1	chr7+113130229	125	5	5	TCTGCGCGCTCGCTCGCTCA
test	subjectB	sample1	chr5-141232229	125	5	5	TCTGCGCGCTCGCTCGCTCA
test	subjectB	sample1	chr22+26157564	125	5	5	TCTGCGCGCTCGCTCGCTCA
test	subjectB	sample1	chr13-21353458	125	5	5	TCTGCGCGCTCGCTCGCTCA
test	subjectB	sample1	chr1+152072513	125	5	5	TCTGCGCGCTCGCTCGCTCA
test	subjectB	sample1	chr7+87259412	125	5	5	TCTGCGCGCTCGCTCGCTCA
test	subjectB	sample1	chr5+49146298	125	5	5	TCTGCGCGCTCGCTCGCTCA
test	subjectB	sample1	chr17-33150530	125	5	5	TCTGCGCGCTCGCTCGCTCA
test	subjectB	sample1	chr9+130515291	125	5	5	TCTGCGCGCTCGCTCGCTCA
test	subjectB	sample1	chrX-137988047	125	5	5	TCTGCGCGCTCGCTCGCTCA
test	subjectB	sample1	chr13-103574450	125	5	5	TCTGCGCGCTCGCTCGCTCA
test	subjectB	sample1	chr13-70665698	125	5	5	TCTGCGCGCTCGCTCGCTCA
test	subjectB	sample1	chr5-12502070	125	5	5	TCTGCGCGCTCGCTCGCTCA
test	subjectB	sample1	chr20-36682977	125	5	5	TCTGCGCGCTCGCTCGCTCA
test	subjectB	sample1	chr13-34715570	125	5	5	TCTGCGCGCTCGCTCGCTCA
test	subjectB	sample1	chr7-68458953	125	5	5	TCTGCGCGCTCGCTCGCTCA
test	subjectB	sample1	chr12-8803939	125	5	5	TCTGCGCGCTCGCTCGCTCA
test	subjectB	sample1	chr22+13676409	125	5	5	TCTGCGCGCTCGCTCGCTCA
test	subjectB	sample1	chr5+53113962	125	5	5	TCTGCGCGCTCGCTCGCTCA
test	subjectB	sample1	chr5+26212368	125	5	5	TCTGCGCGCTCGCTCGCTCA
test	subjectB	sample1	chr20+44676836	125	5	5	TCTGCGCGCTCGCTCGCTCA
test	subjectB	sample1	chr12-70386093	125	5	5	TCTGCGCGCTCGCTCGCTCA
test	subjectB	sample1	chr9-127595792	125	5	5	TCTGCGCGCTCGCTCGCTCA
test	subjectB	sample1	chr16+17126750	125	5	5	TCTGCGCGCTCGCTCGCTCA
test	subjectB	sample1	chr20-15446754	125	5	5	TCTGCGCGCTCGCTCGCTCA
test	subjectB	sample1	chr22+19597476	125	5	5	TCTGCGCGCTCGCTCGCTCA
test	subjectB	sample1	chr14+33911765	125	5	5	TCTGCGCGCTCGCTCGCTCA
test	subjectB	sample1	chr6+40788715	125	5	5	TCTGCGCGCTCGCTCGCTCA
test	subjectB	sample1	chr12-208307	125	5	5	TCTGCGCGCTCGCTCGCTCA
test	subjectB	sample1	chr8+77913691	125	5	5	TCTGCGCGCTCGCTCGCTCA
test	subjectB	sample1	chr1-34936154	125	5	5	TCTGCGCGCTCGCTCGCTCA
test	subjectB	sample1	chr11+66903444	125	5	5	TCTGCGCGCTCGCTCGCTCA
test	subjectB	sample1	chr9+12088483	125	5	5	TCTGCGCGCTCGCTCGCTCA
test	subjectB	sample1	chr10-43665355	125	5	5	TCTGCGCGCTCGCTCGCTCA
test	subjectB	sample1	chr7-157936896	125	5	5	TCTGCGCGCTCGCTCGCTCA
test	subjectB	sample1	chr19-7325600	125	5	5	TCTGCGCGCTCGCTCGCTCA
test	subjectB	sample1	chr12+101745783	125	5	5	TCTGCGCGCTCGCTCGCTCA
test	subjectB	sample1	chr13+75440104	125	5	5	TCTGCGCGCTCGCTCGCTCA
test	subjectB	sample1	chr12+104803910	125	5	5	TCTGCGCGCTCGCTCGCTCA
test	subjectB	sample1	chr20-53589587	125	5	5	TCTGCGCGCTCGCTCGCTCA
test	subjectB	sample1	chr4-63368854	125	5	5	TCTGCGCGCTCGCTCGCTCA
test	subjectB	sample1	chr4-63002325	125	5	5	TCTGCGCGCTCGCTCGCTCA
test	subjectB	sample1	chr4-19761325	125	5	5	TCTGCGCGCTCGCTCGCTCA
test	subjectB	sample1	chr17+10266315	125	5	5	TCTGCGCGCTCGCTCGCTCA
test	subjectB	sample1	chr10-24345928	125	5	5	TCTGCGCGCTCGCTCGCTCA
test	subjectB	sample1	chr2-189534528	125	5	5	TCTGCGCGCTCGCTCGCTCA
test	subjectB	sample1	chr3-117274987	125	5	5	TCTGCGCGCTCGCTCGCTCA
test	subjectB	sample1	chr9-31627450	125	5	5	TCTGCGCGCTCGCTCGCTCA
test	subjectB	sample1	chr4-10134807	125	5	5	TCTGCGCGCTCGCTCGCTCA
test	subjectB	sample1	chr2-38735556	125	5	5	TCTGCGCGCTCGCTCGCTCA
test	subjectB	sample1	chr10+97850012	125	5	5	TCTGCGCGCTCGCTCGCTCA
test	subjectB	sample1	chr9-125080786	125	5	5	TCTGCGCGCTCGCTCGCTCA
test	subjectB	sample1	chr22+22790483	125	5	5	TCTGCGCGCTCGCTCGCTCA
test	subjectB	sample1	chr18-170965	125	5	5	TCTGCGCGCTCGCTCGCTCA
test	subjectB	sample1	chr6+32329095	125	5	5	TCTGCGCGCTCGCTCGCTCA
test	subjectB	sample1	chr1-248102157	125	5	5	TCTGCGCGCTCGCTCGCTCA
test	subjectB	sample1	chrX-25503057	125	5	5	TCTGCGCGCTCGCTCGCTCA
test	subjectB	sample1	chr1+62181577	125	5	5	TCTGCGCGCTCGCTCGCTCA
test	subjectB	sample1	chr1-73552059	125	5	5	TCTGCGCGCTCGCTCGCTCA
test	subjectB	sample1	chr13+24444125	125	5	5	TCTGCGCGCTCGCTCGCTCA
test	subjectB	sample1	chr13+107463233	125	5	5	TCTGCGCGCTCGCTCGCTCA
test	subjectB	sample1	chr19-44056370	125	5	5	TCTGCGCGCTCGCTCGCTCA
test	subjectB	sample1	chr4+5870069	125	5	5	TCTGCGCGCTCGCTCGCTCA
test	subjectB	sample1	chr14+84444186	125	5	5	TCTGCGCGCTCGCTCGCTCA
test	subjectB	sample1	chr15-86205135	125	5	5	TCTGCGCGCTCGCTCGCTCA
test	subjectB	sample1	chr20+10035129	125	5	5	TCTGCGCGCTCGCTCGCTCA
test	subjectB	sample1	chr13-68890690	125	5	5	TCTGCGCGCTCGCTCGCTCA
test	subjectB	sample1	chr7-28773660	125	5	5	TCTGCGCGCTCGCTCGCTCA
test	subjectB	sample1	chr7+86297920	125	5	5	TCTGCGCGCTCGCTCGCTCA
test	subjectB	sample1	chr17-49194966	125	5	5	TCTGCGCGCTCGCTCGCTCA
test	subjectB	sample1	chr13+105174594	125	5	5	TCTGCGCGCTCGCTCGCTCA
test	subjectB	sample1	chr12+2130360	125	5	5	TCTGCGCGCTCGCTCGCTCA
test	subjectB	sample1	chr4+181066188	125	5	5	TCTGCGCGCTCGCTCGCTCA
test	subjectB	sample1	chr11-9974959	125	5	5	TCTGCGCGCTCGCTCGCTCA
test	subjectB	sample1	chr12-101754654	125	5	5	TCTGCGCGCTCGCTCGCTCA
test	subjectB	sample1	chr6-100612784	125	5	5	TCTGCGCGCTCGCTCGCTCA
test	subjectB	sample1	chr19-43475767	125	5	5	TCTGCGCGCTCGCTCGCTCA
test	subjectB	sample1	chr8+79450581	125	5	5	TCTGCGCGCTCGCTCGCTCA
test	subjectB	sample1	chr2+215010792	125	5	5	TCTGCGCGCTCGCTCGCTCA
test	subjectB	sample1	chr20-47717698	125	5	5	TCTGCGCGCTCGCTCGCTCA
test	subjectB	sample1	chr10+93451111	125	5	5	TCTGCGCGCTCGCTCGCTCA
test	subjectB	sample1	chr19-46348999	125	5	5	TCTGCGCGCTCGCTCGCTCA
test	subjectB	sample1	chr21+10609339	125	5	5	TCTGCGCGCTCGCTCGCTCA
test	subjectB	sample1	chr9+30654790	125	5	5	TCTGCGCGCTCGCTCGCTCA
test	subjectB	sample1	chr16+20676241	125	5	5	TCTGCGCGCTCGCTCGCTCA
test	subjectB	sample1	chrX+90008329	125	5	5	TCTGCGCGCTCGCTCGCTCA
test	subjectB	sample1	chr12+31682162	125	5	5	TCTGCGCGCTCGCTCGCTCA
test	subjectB	sample1	chr11+49126038	125	5	5	TCTGCGCGCTCGCTCGCTCA
test	subjectB	sample1	chr19+31971939	125	5	5	TCTGCGCGCTCGCTCGCTCA
test	subjectB	sample1	chr8-66247803	125	5	5	TCTGCGCGCTCGCTCGCTCA
test	subjectB	sample1	chr6-82289755	125	5	5	TCTGCGCGCTCGCTCGCTCA
test	subjectB	sample1	chr16-88968669	125	5	5	TCTGCGCGCTCGCTCGCTCA
test	subjectB	sample1	chr9-44754531	125	5	5	TCTGCGCGCTCGCTCGCTCA
test	subjectB	sample1	chr7+71514386	125	5	5	TCTGCGCGCTCGCTCGCTCA
test	subjectB	sample1	chr22-46656863	125	5	5	TCTGCGCGCTCGCTCGCTCA
test	subjectB	sample1	chr17+67499435	125	5	5	TCTGCGCGCTCGCTCGCTCA
test	subjectB	sample1	chrX-13467216	125	5	5	TCTGCGCGCTCGCTCGCTCA
test	subjectB	sample1	chr19-9066772	125	5	5	TCTGCGCGCTCGCTCGCTCA
test	subjectB	sample1	chr3-45311518	125	5	5	TCTGCGCGCTCGCTCGCTCA
test	subjectB	sample1	chr21-15335841	125	5	5	TCTGCGCGCTCGCTCGCTCA
test	subjectB	sample1	chr15-25237862	125	5	5	TCTGCGCGCTCGCTCGCTCA
test	subjectB	sample1	chr15-81079661	125	5	5	TCTGCGCGCTCGCTCGCTCA
test	subjectB	sample1	chr10+42756025	125	5	5	TCTGCGCGCTCGCTCGCTCA
test	subjectB	sample1	chr19+7669230	125	5	5	TCTGCGCGCTCGCTCGCTCA
test	subjectB	sample1	chr21+37337069	125	5	5	TCTGCGCGCTCGCTCGCTCA
test	subjectB	sample1	chr6+115637028	125	5	5	TCTGCGCGCTCGCTCGCTCA
test	subjectB	sample1	chr2+114601895	125	5	5	TCTGCGCGCTCGCTCGCTCA
test	subjectB	sample1	chr18+20087155	125	5	5	TCTGCGCGCTCGCTCGCTCA
test	subjectB	sample1	chr14+57089245	125	5	5	TCTGCGCGCTCGCTCGCTCA
test	subjectB	sample1	chr4+139592715	125	5	5	TCTGCGCGCTCGCTCGCTCA
test	subjectB	sample1	chr3-173634466	125	5	5	TCTGCGCGCTCGCTCGCTCA
test	subjectB	sample1	chr20+9852335	125	5	5	TCTGCGCGCTCGCTCGCTCA
test	subjectB	sample1	chr1+223402224	125	5	5	TCTGCGCGCTCGCTCGCTCA
test	subjectB	sample1	chr8-33639404	125	5	5	TCTGCGCGCTCGCTCGCTCA
test	subjectB	sample1	chr9+64843128	125	5	5	TCTGCGCGCTCGCTCGCTCA
test	subjectB	sample1	chr7-9219789	125	5	5	TCTGCGCGCTCGCTCGCTCA
test	subjectB	sample1	chr14+43651736	125	5	5	TCTGCGCGCTCGCTCGCTCA
test	subjectB	sample1	chr8+8712810	125	5	5	TCTGCGCGCTCGCTCGCTCA
test	subjectB	sample1	chr4-13735524	125	5	5	TCTGCGCGCTCGCTCGCTCA
test	subjectB	sample1	chr17-29256049	125	5	5	TCTGCGCGCTCGCTCGCTCA
test	subjectB	sample1	chr22+44471032	125	5	5	TCTGCGCGCTCGCTCGCTCA
test	subjectB	sample1	chr4+155261100	125	5	5	TCTGCGCGCTCGCTCGCTCA
test	subjectB	sample1	chr1-165872276	125	5	5	TCTGCGCGCTCGCTCGCTCA
test	subjectB	sample1	chr22+32741288	125	5	5	TCTGCGCGCTCGCTCGCTCA
test	subjectB	sample1	chr4+166451869	125	5	5	TCTGCGCGCTCGCTCGCTCA
test	subjectB	sample1	chr13-18500965	125	5	5	TCTGCGCGCTCGCTCGCTCA
test	subjectB	sample1	chr19+21871903	125	5	5	TCTGCGCGCTCGCTCGCTCA
test	subjectB	sample1	chr5+151882150	125	5	5	TCTGCGCGCTCGCTCGCTCA
test	subjectB	sample1	chr8+634677	125	5	5	TCTGCGCGCTCGCTCGCTCA
test	subjectB	sample1	chr7-101363426	125	5	5	TCTGCGCGCTCGCTCGCTCA
test	subjectB	sample1	chr20-55393760	125	5	5	TCTGCGCGCTCGCTCGCTCA
test	subjectB	sample1	chr15+94834576	125	5	5	TCTGCGCGCTCGCTCGCTCA
test	subjectB	sample1	chr1-64137583	125	5	5	TCTGCGCGCTCGCTCGCTCA
test	subjectB	sample1	chr7-83027618	125	5	5	TCTGCGCGCTCGCTCGCTCA
test	subjectB	sample1	chr11+127565046	125	5	5	TCTGCGCGCTCGCTCGCTCA
test	subjectB	sample1	chr11-109249698	125	5	5	TCTGCGCGCTCGCTCGCTCA
test	subjectB	sample1	chr10-32213691	125	5	5	TCTGCGCGCTCGCTCGCTCA
test	subjectB	sample1	chr9+28530237	125	5	5	TCTGCGCGCTCGCTCGCTCA
test	subjectB	sample1	chr2+53708013	125	5	5	TCTGCGCGCTCGCTCGCTCA
test	subjectB	sample1	chr11+50140497	125	5	5	TCTGCGCGCTCGCTCGCTCA
test	subjectB	sample1	chr2+213386516	125	5	5	TCTGCGCGCTCGCTCGCTCA
test	subjectB	sample1	chr13-54539845	125	5	5	TCTGCGCGCTCGCTCGCTCA
test	subjectB	sample1	chr11-78278208	125	5	5	TCTGCGCGCTCGCTCGCTCA
test	subjectB	sample1	chr19-39184813	125	5	5	TCTGCGCGCTCGCTCGCTCA
test	subjectB	sample1	chr13+42917531	125	5	5	TCTGCGCGCTCGCTCGCTCA
test	subjectB	sample1	chr16+2740426	125	5	5	TCTGCGCGCTCGCTCGCTCA
test	subjectB	sample1	chr19+32298240	125	5	5	TCTGCGCGCTCGCTCGCTCA
test	subjectB	sample1	chr20-8786002	125	5	5	TCTGCGCGCTCGCTCGCTCA
test	subjectB	sample1	chr4+174611684	125	5	5	TCTGCGCGCTCGCTCGCTCA
test	subjectB	sample1	chr4-72881928	125	5	5	TCTGCGCGCTCGCTCGCTCA
test	subjectB	sample1	chr14-102158238	125	5	5	TCTGCGCGCTCGCTCGCTCA
test	subjectB	sample1	chr3+85569798	125	5	5	TCTGCGCGCTCGCTCGCTCA
test	subjectB	sample1	chr8+133631321	125	5	5	TCTGCGCGCTCGCTCGCTCA
test	subjectB	sample1	chr8-122304739	125	5	5	TCTGCGCGCTCGCTCGCTCA
test	subjectB	sample1	chr2-156489394	125	5	5	TCTGCGCGCTCGCTCGCTCA
test	subjectB	sample1	chr3+104505095	125	5	5	TCTGCGCGCTCGCTCGCTCA
test	subjectB	sample1	chr20-10085287	125	5	5	TCTGCGCGCTCGCTCGCTCA
test	subjectB	sample1	chr13+76961287	125	5	5	TCTGCGCGCTCGCTCGCTCA
test	subjectB	sample1	chr11-7812204	125	5	5	TCTGCGCGCTCGCTCGCTCA
test	subjectB	sample1	chr17+50384523	125	5	5	TCTGCGCGCTCGCTCGCTCA
test	subjectB	sample1	chr11-78204009	125	5	5	TCTGCGCGCTCGCTCGCTCA
test	subjectB	sample1	chr6+158444584	125	5	5	TCTGCGCGCTCGCTCGCTCA
test	subjectB	sample1	chr4-148538551	125	5	5	TCTGCGCGCTCGCTCGCTCA
test	subjectB	sample1	chr14+102296135	125	5	5	TCTGCGCGCTCGCTCGCTCA
test	subjectB	sample1	chr3+170961790	125	5	5	TCTGCGCGCTCGCTCGCTCA
test	subjectB	sample1	chr12-118180899	125	5	5	TCTGCGCGCTCGCTCGCTCA
test	subjectB	sample1	chr3-174322334	125	5	5	TCTGCGCGCTCGCTCGCTCA
test	subjectB	sample1	chr11+120026877	125	5	5	TCTGCGCGCTCGCTCGCTCA
test	subjectB	sample1	chr11-107296824	125	5	5	TCTGCGCGCTCGCTCGCTCA
test	subjectB	sample1	chr2+166515787	125	5	5	TCTGCGCGCTCGCTCGCTCA
test	subjectB	sample1	chr10-45984057	125	5	5	TCTGCGCGCTCGCTCGCTCA
test	subjectB	sample1	chr21+34379948	125	5	5	TCTGCGCGCTCGCTCGCTCA
test	subjectB	sample1	chr11-93104471	125	5	5	TCTGCGCGCTCGCTCGCTCA
test	subjectB	sample1	chr21-23057061	125	5	5	TCTGCGCGCTCGCTCGCTCA
test	subjectB	sample1	chr19+10482750	125	5	5	TCTGCGCGCTCGCTCGCTCA
test	subjectB	sample1	chr19-4446221	125	5	5	TCTGCGCGCTCGCTCGCTCA
test	subjectB	sample1	chr17+25170899	125	5	5	TCTGCGCGCTCGCTCGCTCA
test	subjectB	sample1	chr19+26825654	125	5	5	TCTGCGCGCTCGCTCGCTCA
test	subjectB	sample1	chr17+2906106	125	5	5	TCTGCGCGCTCGCTCGCTCA
test	subjectB	sample1	chr17+60036445	125	5	5	TCTGCGCGCTCGCTCGCTCA
test	subjectB	sample1	chr6+63166756	125	5	5	TCTGCGCGCTCGCTCGCTCA
test	subjectB	sample1	chr4+119654912	125	5	5	TCTGCGCGCTCGCTCGCTCA
test	subjectB	sample1	chr10+15513663	125	5	5	TCTGCGCGCTCGCTCGCTCA
test	subjectB	sample1	chr6-133315081	125	5	5	TCTGCGCGCTCGCTCGCTCA
test	subjectB	sample1	chr2-172849319	125	5	5	TCTGCGCGCTCGCTCGCTCA
test	subjectB	sample1	chr8+80381041	125	5	5	TCTGCGCGCTCGCTCGCTCA
test	subjectB	sample1	chr10+1052109	125	5	5	TCTGCGCGCTCGCTCGCTCA
test	subjectB	sample1	chr17+79827594	125	5	5	TCTGCGCGCTCGCTCGCTCA
test	subjectB	sample1	chr2-194060782	125	5	5	TCTGCGCGCTCGCTCGCTCA
test	subjectB	sample1	chr16+4334588	125	5	5	TCTGCGCGCTCGCTCGCTCA
test	subjectB	sample1	chr7-95114429	125	5	5	TCTGCGCGCTCGCTCGCTCA
test	subjectB	sample1	chr5+155029866	125	5	5	TCTGCGCGCTCGCTCGCTCA
test	subjectB	sample1	chr2-129555188	125	5	5	TCTGCGCGCTCGCTCGCTCA
test	subjectB	sample1	chr1+48665243	125	5	5	TCTGCGCGCTCGCTCGCTCA
test	subjectB	sample1	chr5-166123289	125	5	5	TCTGCGCGCTCGCTCGCTCA
test	subjectB	sample1	chr7-101101283	125	5	5	TCTGCGCGCTCGCTCGCTCA
test	subjectB	sample1	chr13+104278871	125	5	5	TCTGCGCGCTCGCTCGCTCA
test	subjectB	sample1	chr15+68903888	125	5	5	TCTGCGCGCTCGCTCGCTCA
test	subjectB	sample1	chr18+35461402	125	5	5	TCTGCGCGCTCGCTCGCTCA
test	subjectB	sample1	chr2+67160416	125	5	5	TCTGCGCGCTCGCTCGCTCA
test	subjectB	sample1	chr22-17108164	125	5	5	TCTGCGCGCTCGCTCGCTCA
test	subjectB	sample1	chr13+86360431	125	5	5	TCTGCGCGCTCGCTCGCTCA
test	subjectB	sample1	chr16+79710095	125	5	5	TCTGCGCGCTCGCTCGCTCA
test	subjectB	sample1	chr5-160532782	125	5	5	TCTGCGCGCTCGCTCGCTCA
test	subjectB	sample1	chr22+34670935	125	5	5	TCTGCGCGCTCGCTCGCTCA
test	subjectB	sample1	chr3-14185870	125	5	5	TCTGCGCGCTCGCTCGCTCA
test	subjectB	sample1	chr1-190546581	125	5	5	TCTGCGCGCTCGCTCGCTCA
test	subjectB	sample1	chr4+75464110	125	5	5	TCTGCGCGCTCGCTCGCTCA
test	subjectB	sample1	chr20-20301251	125	5	5	TCTGCGCGCTCGCTCGCTCA
test	subjectB	sample1	chr20-13848195	125	5	5	TCTGCGCGCTCGCTCGCTCA
test	subjectB	sample1	chr12-48797095	125	5	5	TCTGCGCGCTCGCTCGCTCA
test	subjectB	sample1	chr18-52377646	125	5	5	TCTGCGCGCTCGCTCGCTCA
test	subjectB	sample1	chr6-144077857	125	5	5	TCTGCGCGCTCGCTCGCTCA
test	subjectB	sample1	chr9-127493735	125	5	5	TCTGCGCGCTCGCTCGCTCA
test	subjectB	sample1	chr14-95239392	125	5	5	TCTGCGCGCTCGCTCGCTCA
test	subjectB	sample1	chr2+101081384	125	5	5	TCTGCGCGCTCGCTCGCTCA
test	subjectB	sample1	chr12+81109374	125	5	5	TCTGCGCGCTCGCTCGCTCA
test	subjectB	sample1	chr4-63129821	125	5	5	TCTGCGCGCTCGCTCGCTCA
test	subjectB	sample1	chr20-19535571	125	5	5	TCTGCGCGCTCGCTCGCTCA
test	subjectB	sample1	chr9-39140056	125	5	5	TCTGCGCGCTCGCTCGCTCA
test	subjectB	sample1	chr12-118445517	125	5	5	TCTGCGCGCTCGCTCGCTCA
test	subjectB	sample1	chr4+165470347	125	5	5	TCTGCGCGCTCGCTCGCTCA
test	subjectB	sample1	chr6+38813770	125	5	5	TCTGCGCGCTCGCTCGCTCA
test	subjectB	sample1	chr1-53468131	125	5	5	TCTGCGCGCTCGCTCGCTCA
test	subjectB	sample1	chr16-53599436	125	5	5	TCTGCGCGCTCGCTCGCTCA
test	subjectB	sample1	chr8-51594788	125	5	5	TCTGCGCGCTCGCTCGCTCA
test	subjectB	sample1	chr20-16763224	125	5	5	TCTGCGCGCTCGCTCGCTCA
test	subjectB	sample1	chr15-35986004	125	5	5	TCTGCGCGCTCGCTCGCTCA
test	subjectB	sample1	chr4-84986205	125	5	5	TCTGCGCGCTCGCTCGCTCA
test	subjectB	sample1	chr18-13564182	125	5	5	TCTGCGCGCTCGCTCGCTCA
test	subjectB	sample1	chr14-42256143	125	5	5	TCTGCGCGCTCGCTCGCTCA
test	subjectB	sample1	chr15-71107381	125	5	5	TCTGCGCGCTCGCTCGCTCA
test	subjectB	sample1	chr14+88214321	125	5	5	TCTGCGCGCTCGCTCGCTCA
test	subjectB	sample1	chr20-41415869	125	5	5	TCTGCGCGCTCGCTCGCTCA
test	subjectB	sample1	chr9-117540931	125	5	5	TCTGCGCGCTCGCTCGCTCA
test	subjectB	sample1	chr7+127312440	125	5	5	TCTGCGCGCTCGCTCGCTCA
test	subjectB	sample1	chr22-47886016	125	5	5	TCTGCGCGCTCGCTCGCTCA
test	subjectB	sample1	chr9+114130479	125	5	5	TCTGCGCGCTCGCTCGCTCA
test	subjectB	sample1	chr21-45239400	125	5	5	TCTGCGCGCTCGCTCGCTCA
test	subjectB	sample1	chr14+96568184	125	5	5	TCTGCGCGCTCGCTCGCTCA
test	subjectB	sample1	chr13+49247599	125	5	5	TCTGCGCGCTCGCTCGCTCA
test	subjectB	sample1	chr3-93250616	125	5	5	TCTGCGCGCTCGCTCGCTCA
test	subjectB	sample1	chr12-125107095	125	5	5	TCTGCGCGCTCGCTCGCTCA
test	subjectB	sample1	chr5+42916618	125	5	5	TCTGCGCGCTCGCTCGCTCA
test	subjectB	sample1	chrX-69168875	125	5	5	TCTGCGCGCTCGCTCGCTCA
test	subjectB	sample1	chr8+84967275	125	5	5	TCTGCGCGCTCGCTCGCTCA
test	subjectB	sample1	chr5+153661428	125	5	5	TCTGCGCGCTCGCTCGCTCA
test	subjectB	sample1	chr22+26328727	125	5	5	TCTGCGCGCTCGCTCGCTCA
test	subjectB	sample1	chr4+81568172	125	5	5	TCTGCGCGCTCGCTCGCTCA
test	subjectB	sample1	chr19-26222072	125	5	5	TCTGCGCGCTCGCTCGCTCA
test	subjectB	sample1	chr22+29677529	125	5	5	TCTGCGCGCTCGCTCGCTCA
test	subjectB	sample1	chr9-87334586	125	5	5	TCTGCGCGCTCGCTCGCTCA
test	subjectB	sample1	chr20-35576235	125	5	5	TCTGCGCGCTCGCTCGCTCA
test	subjectB	sample1	chr5+108909167	125	5	5	TCTGCGCGCTCGCTCGCTCA
test	subjectB	sample1	chr13-88904700	125	5	5	TCTGCGCGCTCGCTCGCTCA
test	subjectB	sample1	chr18-56351084	125	5	5	TCTGCGCGCTCGCTCGCTCA
test	subjectB	sample1	chr5+363698	125	5	5	TCTGCGCGCTCGCTCGCTCA
test	subjectB	sample1	chr1+120131927	125	5	5	TCTGCGCGCTCGCTCGCTCA
test	subjectB	sample1	chr3+25875253	125	5	5	TCTGCGCGCTCGCTCGCTCA
test	subjectB	sample1	chr1+84538530	125	5	5	TCTGCGCGCTCGCTCGCTCA
test	subjectB	sample1	chr16+72611079	125	5	5	TCTGCGCGCTCGCTCGCTCA
test	subjectB	sample1	chr4-152159465	125	5	5	TCTGCGCGCTCGCTCGCTCA
test	subjectB	sample1	chr12+79491909	125	5	5	TCTGCGCGCTCGCTCGCTCA
test	subjectB	sample1	chr6-100233701	125	5	5	TCTGCGCGCTCGCTCGCTCA
test	subjectB	sample1	chr14-75695628	125	5	5	TCTGCGCGCTCGCTCGCTCA
test	subjectB	sample1	chr7-23775544	125	5	5	TCTGCGCGCTCGCTCGCTCA
test	subjectB	sample1	chr21+17837848	125	5	5	TCTGCGCGCTCGCTCGCTCA
test	subjectB	sample1	chr1-35347377	125	5	5	TCTGCGCGCTCGCTCGCTCA
test	subjectB	sample1	chr4+119554612	125	5	5	TCTGCGCGCTCGCTCGCTCA
test	subjectB	sample1	chr4+59638247	125	5	5	TCTGCGCGCTCGCTCGCTCA
test	subjectB	sample1	chr7-113355094	125	5	5	TCTGCGCGCTCGCTCGCTCA
test	subjectB	sample1	chr7-14225885	125	5	5	TCTGCGCGCTCGCTCGCTCA
test	subjectB	sample1	chr3-139376853	125	5	5	TCTGCGCGCTCGCTCGCTCA
test	subjectB	sample1	chr16+18119951	125	5	5	TCTGCGCGCTCGCTCGCTCA
test	subjectB	sample1	chr13-82948945	125	5	5	TCTGCGCGCTCGCTCGCTCA
test	subjectB	sample1	chr14+51694208	125	5	5	TCTGCGCGCTCGCTCGCTCA
test	subjectB	sample1	chr15-66901601	125	5	5	TCTGCGCGCTCGCTCGCTCA
test	subjectB	sample1	chr21-37397037	125	5	5	TCTGCGCGCTCGCTCGCTCA
test	subjectB	sample1	chr2-138195840	125	5	5	TCTGCGCGCTCGCTCGCTCA
test	subjectB	sample1	chr4+183698002	125	5	5	TCTGCGCGCTCGCTCGCTCA
test	subjectB	sample1	chr9-120407965	125	5	5	TCTGCGCGCTCGCTCGCTCA
test	subjectB	sample1	chr8-139796588	125	5	5	TCTGCGCGCTCGCTCGCTCA
test	subjectB	sample1	chr8-123083613	125	5	5	TCTGCGCGCTCGCTCGCTCA
test	subjectB	sample1	chr14+16950718	125	5	5	TCTGCGCGCTCGCTCGCTCA
test	subjectB	sample1	chr8-48574769	125	5	5	TCTGCGCGCTCGCTCGCTCA
test	subjectB	sample1	chr8+80676571	125	5	5	TCTGCGCGCTCGCTCGCTCA
test	subjectB	sample1	chrX+16314369	125	5	5	TCTGCGCGCTCGCTCGCTCA
test	subjectB	sample1	chr12-6240694	125	5	5	TCTGCGCGCTCGCTCGCTCA
test	subjectB	sample1	chr10-29868366	125	5	5	TCTGCGCGCTCGCTCGCTCA
test	subjectB	sample1	chr21-26362796	125	5	5	TCTGCGCGCTCGCTCGCTCA
test	subjectB	sample1	chr19+55993596	125	5	5	TCTGCGCGCTCGCTCGCTCA
test	subjectB	sample1	chr17+82797935	125	5	5	TCTGCGCGCTCGCTCGCTCA
test	subjectB	sample1	chr1-164811520	125	5	5	TCTGCGCGCTCGCTCGCTCA
test	subjectB	sample1	chr7-99701068	125	5	5	TCTGCGCGCTCGCTCGCTCA
test	subjectB	sample1	chr4+8639863	125	5	5	TCTGCGCGCTCGCTCGCTCA
test	subjectB	sample1	chr1+46781548	125	5	5	TCTGCGCGCTCGCTCGCTCA
test	subjectB	sample1	chr7+145423974	125	5	5	TCTGCGCGCTCGCTCGCTCA
test	subjectB	sample1	chr6+13214426	125	5	5	TCTGCGCGCTCGCTCGCTCA
test	subjectB	sample1	chr22+18966290	125	5	5	TCTGCGCGCTCGCTCGCTCA
test	subjectB	sample1	chr5+45802400	125	5	5	TCTGCGCGCTCGCTCGCTCA
test	subjectB	sample1	chr4+15922335	125	5	5	TCTGCGCGCTCGCTCGCTCA
test	subjectB	sample1	chrX-50337701	125	5	5	TCTGCGCGCTCGCTCGCTCA
test	subjectB	sample1	chr15-72283596	125	5	5	TCTGCGCGCTCGCTCGCTCA
test	subjectB	sample1	chr15-91050134	125	5	5	TCTGCGCGCTCGCTCGCTCA
test	subjectB	sample1	chr17+18311318	125	5	5	TCTGCGCGCTCGCTCGCTCA
test	subjectB	sample1	chr11+4883085	125	5	5	TCTGCGCGCTCGCTCGCTCA
test	subjectB	sample1	chr11-32733899	125	5	5	TCTGCGCGCTCGCTCGCTCA
test	subjectB	sample1	chr8+128652401	125	5	5	TCTGCGCGCTCGCTCGCTCA
test	subjectB	sample1	chr17+69749725	125	5	5	TCTGCGCGCTCGCTCGCTCA
test	subjectB	sample1	chr19-8821801	125	5	5	TCTGCGCGCTCGCTCGCTCA
test	subjectB	sample1	chr13-83641688	125	5	5	TCTGCGCGCTCGCTCGCTCA
test	subjectB	sample1	chr20+36566489	125	5	5	TCTGCGCGCTCGCTCGCTCA
test	subjectB	sample1	chr12+19017952	125	5	5	TCTGCGCGCTCGCTCGCTCA
test	subjectB	sample1	chr3-5038244	125	5	5	TCTGCGCGCTCGCTCGCTCA
test	subjectB	sample1	chr7-9522243	125	5	5	TCTGCGCGCTCGCTCGCTCA
test	subjectB	sample1	chr4+41479587	125	5	5	TCTGCGCGCTCGCTCGCTCA
test	subjectB	sample1	chr13+72564775	125	5	5	TCTGCGCGCTCGCTCGCTCA
test	subjectB	sample1	chr9+40137053	125	5	5	TCTGCGCGCTCGCTCGCTCA
test	subjectB	sample1	chr17+12324716	125	5	5	TCTGCGCGCTCGCTCGCTCA
test	subjectB	sample1	chr15-21413463	125	5	5	TCTGCGCGCTCGCTCGCTCA
test	subjectB	sample1	chr14-47510430	125	5	5	TCTGCGCGCTCGCTCGCTCA
test	subjectB	sample1	chr17+19918082	125	5	5	TCTGCGCGCTCGCTCGCTCA
test	subjectB	sample1	chrX-112698363	125	5	5	TCTGCGCGCTCGCTCGCTCA
test	subjectB	sample1	chr5+107892855	125	5	5	TCTGCGCGCTCGCTCGCTCA
test	subjectB	sample1	chr11+48690776	125	5	5	TCTGCGCGCTCGCTCGCTCA
test	subjectB	sample1	chr4+162351769	125	5	5	TCTGCGCGCTCGCTCGCTCA
test	subjectB	sample1	chrX+18053682	125	5	5	TCTGCGCGCTCGCTCGCTCA
test	subjectB	sample1	chr15+38888793	125	5	5	TCTGCGCGCTCGCTCGCTCA
test	subjectB	sample1	chr6+119413102	125	5	5	TCTGCGCGCTCGCTCGCTCA
test	subjectB	sample1	chr10-126852856	125	5	5	TCTGCGCGCTCGCTCGCTCA
test	subjectB	sample1	chr9+127713740	125	5	5	TCTGCGCGCTCGCTCGCTCA
test	subjectB	sample1	chr21+12535924	125	5	5	TCTGCGCGCTCGCTCGCTCA
test	subjectB	sample1	chr4-182125339	125	5	5	TCTGCGCGCTCGCTCGCTCA
test	subjectB	sample1	chr13+58921856	125	5	5	TCTGCGCGCTCGCTCGCTCA
test	subjectB	sample1	chr8+108711910	125	5	5	TCTGCGCGCTCGCTCGCTCA
test	subjectB	sample1	chr3-191930769	125	5	5	TCTGCGCGCTCGCTCGCTCA
test	subjectB	sample1	chr10+107907168	125	5	5	TCTGCGCGCTCGCTCGCTCA
test	subjectB	sample1	chr19-1689246	125	5	5	TCTGCGCGCTCGCTCGCTCA
test	subjectB	sample1	chr16-32798431	125	5	5	TCTGCGCGCTCGCTCGCTCA
test	subjectB	sample1	chr15-78096405	125	5	5	TCTGCGCGCTCGCTCGCTCA
test	subjectB	sample1	chr3-26360995	125	5	5	TCTGCGCGCTCGCTCGCTCA
test	subjectB	sample1	chr20+61926784	125	5	5	TCTGCGCGCTCGCTCGCTCA
test	subjectB	sample1	chr8+26413254	125	5	5	TCTGCGCGCTCGCTCGCTCA
test	subjectB	sample1	chr10+10794430	125	5	5	TCTGCGCGCTCGCTCGCTCA
test	subjectB	sample1	chr12+114863221	125	5	5	TCTGCGCGCTCGCTCGCTCA
test	subjectB	sample1	chr9+124076575	125	5	5	TCTGCGCGCTCGCTCGCTCA
test	subjectB	sample1	chr1-185998403	125	5	5	TCTGCGCGCTCGCTCGCTCA
test	subjectB	sample1	chr13+88034910	125	5	5	TCTGCGCGCTCGCTCGCTCA
test	subjectB	sample1	chr8+26322443	125	5	5	TCTGCGCGCTCGCTCGCTCA
test	subjectB	sample1	chr4-133694977	125	5	5	TCTGCGCGCTCGCTCGCTCA
test	subjectB	sample1	chr4-130138638	125	5	5	TCTGCGCGCTCGCTCGCTCA
test	subjectB	sample1	chr18-45389268	125	5	5	TCTGCGCGCTCGCTCGCTCA
test	subjectB	sample1	chr16+72346259	125	5	5	TCTGCGCGCTCGCTCGCTCA
test	subjectB	sample1	chr13-46040838	125	5	5	TCTGCGCGCTCGCTCGCTCA
test	subjectB	sample1	chr11+42454718	125	5	5	TCTGCGCGCTCGCTCGCTCA
test	subjectB	sample1	chrX-102258926	125	5	5	TCTGCGCGCTCGCTCGCTCA
test	subjectB	sample1	chr20-39836010	125	5	5	TCTGCGCGCTCGCTCGCTCA
test	subjectB	sample1	chr1-76653569	125	5	5	TCTGCGCGCTCGCTCGCTCA
test	subjectB	sample1	chr22+38866190	125	5	5	TCTGCGCGCTCGCTCGCTCA
test	subjectB	sample1	chr10-107919996	125	5	5	TCTGCGCGCTCGCTCGCTCA
test	subjectB	sample1	chr12-882796	125	5	5	TCTGCGCGCTCGCTCGCTCA
test	subjectB	sample1	chr13-28657837	125	5	5	TCTGCGCGCTCGCTCGCTCA
test	subjectB	sample1	chr6+105227633	125	5	5	TCTGCGCGCTCGCTCGCTCA
test	subjectB	sample1	chr16+55441647	125	5	5	TCTGCGCGCTCGCTCGCTCA
test	subjectB	sample1	chr14-51316849	125	5	5	TCTGCGCGCTCGCTCGCTCA
test	subjectB	sample1	chr16+72748756	125	5	5	TCTGCGCGCTCGCTCGCTCA
test	subjectB	sample1	chr4-135939446	125	5	5	TCTGCGCGCTCGCTCGCTCA
test	subjectB	sample1	chr10+52661233	125	5	5	TCTGCGCGCTCGCTCGCTCA
test	subjectB	sample1	chr19-10712887	125	5	5	TCTGCGCGCTCGCTCGCTCA
test	subjectB	sample1	chr5+139179603	125	5	5	TCTGCGCGCTCGCTCGCTCA
test	subjectB	sample1	chr11-86681373	125	5	5	TCTGCGCGCTCGCTCGCTCA
test	subjectB	sample1	chr8+96855946	125	5	5	TCTGCGCGCTCGCTCGCTCA
test	subjectB	sample1	chr17-10105108	125	5	5	TCTGCGCGCTCGCTCGCTCA
test	subjectB	sample1	chr13+70820183	125	5	5	TCTGCGCGCTCGCTCGCTCA
test	subjectB	sample1	chr16+1252211	125	5	5	TCTGCGCGCTCGCTCGCTCA
test	subjectB	sample1	chr2-50339274	125	5	5	TCTGCGCGCTCGCTCGCTCA
test	subjectB	sample1	chr18-34397624	125	5	5	TCTGCGCGCTCGCTCGCTCA
test	subjectB	sample1	chrX+107964517	125	5	5	TCTGCGCGCTCGCTCGCTCA
test	subjectB	sample1	chr1+17840657	125	5	5	TCTGCGCGCTCGCTCGCTCA
test	subjectB	sample1	chr19-49242766	125	5	5	TCTGCGCGCTCGCTCGCTCA
test	subjectB	sample1	chr22+41587400	125	5	5	TCTGCGCGCTCGCTCGCTCA
test	subjectB	sample1	chr22-40789216	125	5	5	TCTGCGCGCTCGCTCGCTCA
test	subjectB	sample1	chr2+66782904	125	5	5	TCTGCGCGCTCGCTCGCTCA
test	subjectB	sample1	chr10+95570933	125	5	5	TCTGCGCGCTCGCTCGCTCA
test	subjectB	sample1	chr18-39172584	125	5	5	TCTGCGCGCTCGCTCGCTCA
test	subjectB	sample1	chr21-12155394	125	5	5	TCTGCGCGCTCGCTCGCTCA
test	subjectB	sample1	chr21-45178787	125	5	5	TCTGCGCGCTCGCTCGCTCA
test	subjectB	sample1	chr19+47121312	125	5	5	TCTGCGCGCTCGCTCGCTCA
test	subjectB	sample1	chr4+112730186	125	5	5	TCTGCGCGCTCGCTCGCTCA
test	subjectB	sample1	chr15+85480599	125	5	5	TCTGCGCGCTCGCTCGCTCA
test	subjectB	sample1	chr2-63539620	125	5	5	TCTGCGCGCTCGCTCGCTCA
test	subjectB	sample1	chr14+66229217	125	5	5	TCTGCGCGCTCGCTCGCTCA
test	subjectB	sample1	chr22+12957507	125	5	5	TCTGCGCGCTCGCTCGCTCA
test	subjectB	sample1	chr15+56702178	125	5	5	TCTGCGCGCTCGCTCGCTCA
test	subjectB	sample1	chr22+13333526	125	5	5	TCTGCGCGCTCGCTCGCTCA
test	subjectB	sample1	chr19-14144439	125	5	5	TCTGCGCGCTCGCTCGCTCA
test	subjectB	sample1	chr15+31205462	125	5	5	TCTGCGCGCTCGCTCGCTCA
test	subjectB	sample2	chr20+20977379	125	5	5	TCTGCGCGCTCGCTCGCTCA
test	subjectB	sample2	chr4+173055543	125	5	5	TCTGCGCGCTCGCTCGCTCA
test	subjectB	sample2	chr7+63577314	125	5	5	TCTGCGCGCTCGCTCGCTCA
test	subjectB	sample2	chr1-223341190	125	5	5	TCTGCGCGCTCGCTCGCTCA
test	subjectB	sample2	chr20-5912544	125	5	5	TCTGCGCGCTCGCTCGCTCA
test	subjectB	sample2	chr2+229899907	125	5	5	TCTGCGCGCTCGCTCGCTCA
test	subjectB	sample2	chr15+39030646	125	5	5	TCTGCGCGCTCGCTCGCTCA
test	subjectB	sample2	chr9+60977919	125	5	5	TCTGCGCGCTCGCTCGCTCA
test	subjectB	sample2	chr5+70567589	125	5	5	TCTGCGCGCTCGCTCGCTCA
test	subjectB	sample2	chr6+75842638	125	5	5	TCTGCGCGCTCGCTCGCTCA
test	subjectB	sample2	chr14+72315537	125	5	5	TCTGCGCGCTCGCTCGCTCA
test	subjectB	sample2	chr8+104746464	125	5	5	TCTGCGCGCTCGCTCGCTCA
test	subjectB	sample2	chr5-21382854	125	5	5	TCTGCGCGCTCGCTCGCTCA
test	subjectB	sample2	chr10+37631920	125	5	5	TCTGCGCGCTCGCTCGCTCA
test	subjectB	sample2	chr20+55169167	125	5	5	TCTGCGCGCTCGCTCGCTCA
test	subjectB	sample2	chr4+12229900	125	5	5	TCTGCGCGCTCGCTCGCTCA
test	subjectB	sample2	chrX+68636322	125	5	5	TCTGCGCGCTCGCTCGCTCA
test	subjectB	sample2	chr3+198125324	125	5	5	TCTGCGCGCTCGCTCGCTCA
test	subjectB	sample2	chr9+92999109	125	5	5	TCTGCGCGCTCGCTCGCTCA
test	subjectB	sample2	chr5-117008041	125	5	5	TCTGCGCGCTCGCTCGCTCA
test	subjectB	sample2	chr18-79238000	125	5	5	TCTGCGCGCTCGCTCGCTCA
test	subjectB	sample2	chr15-56858050	125	5	5	TCTGCGCGCTCGCTCGCTCA
test	subjectB	sample2	chr22-27584866	125	5	5	TCTGCGCGCTCGCTCGCTCA
test	subjectB	sample2	chr14-96264180	125	5	5	TCTGCGCGCTCGCTCGCTCA
test	subjectB	sample2	chr6-160865805	125	5	5	TCTGCGCGCTCGCTCGCTCA
test	subjectB	sample2	chr21+10391682	125	5	5	TCTGCGCGCTCGCTCGCTCA
test	subjectB	sample2	chr18-49799601	125	5	5	TCTGCGCGCTCGCTCGCTCA
test	subjectB	sample2	chr2-238175394	125	5	5	TCTGCGCGCTCGCTCGCTCA
test	subjectB	sample2	chr8-108492433	125	5	5	TCTGCGCGCTCGCTCGCTCA
test	subjectB	sample2	chr7-2917333	125	5	5	TCTGCGCGCTCGCTCGCTCA
test	subjectB	sample2	chr20-63758910	125	5	5	TCTGCGCGCTCGCTCGCTCA
test	subjectB	sample2	chr14-27029139	125	5	5	TCTGCGCGCTCGCTCGCTCA
test	subjectB	sample2	chr21+21288128	125	5	5	TCTGCGCGCTCGCTCGCTCA
test	subjectB	sample2	chr10+62417059	125	5	5	TCTGCGCGCTCGCTCGCTCA
test	subjectB	sample2	chr5+112264986	125	5	5	TCTGCGCGCTCGCTCGCTCA
test	subjectB	sample2	chr10-100761482	125	5	5	TCTGCGCGCTCGCTCGCTCA
test	subjectB	sample2	chr3-190642588	125	5	5	TCTGCGCGCTCGCTCGCTCA
test	subjectB	sample2	chr7-83316479	125	5	5	TCTGCGCGCTCGCTCGCTCA
test	subjectB	sample2	chr13-51139416	125	5	5	TCTGCGCGCTCGCTCGCTCA
test	subjectB	sample2	chr4+127742812	125	5	5	TCTGCGCGCTCGCTCGCTCA
test	subjectB	sample2	chr8-39031716	125	5	5	TCTGCGCGCTCGCTCGCTCA
test	subjectB	sample2	chr6-160591212	125	5	5	TCTGCGCGCTCGCTCGCTCA
test	subjectB	sample2	chr10-74862686	125	5	5	TCTGCGCGCTCGCTCGCTCA
test	subjectB	sample2	chr13+73819132	125	5	5	TCTGCGCGCTCGCTCGCTCA
test	subjectB	sample2	chr1+195102071	125	5	5	TCTGCGCGCTCGCTCGCTCA
test	subjectB	sample2	chr7+3320463	125	5	5	TCTGCGCGCTCGCTCGCTCA
test	subjectB	sample2	chr14+76684199	125	5	5	TCTGCGCGCTCGCTCGCTCA
test	subjectB	sample2	chr13-91055295	125	5	5	TCTGCGCGCTCGCTCGCTCA
test	subjectB	sample2	chr18-50399026	125	5	5	TCTGCGCGCTCGCTCGCTCA
test	subjectB	sample2	chrX+73869851	125	5	5	TCTGCGCGCTCGCTCGCTCA
test	subjectB	sample2	chr10+74694861	125	5	5	TCTGCGCGCTCGCTCGCTCA
test	subjectB	sample2	chr13-36492775	125	5	5	TCTGCGCGCTCGCTCGCTCA
test	subjectB	sample2	chr10-44327718	125	5	5	TCTGCGCGCTCGCTCGCTCA
test	subjectB	sample2	chr6-82612651	125	5	5	TCTGCGCGCTCGCTCGCTCA
test	subjectB	sample2	chr7+76563275	125	5	5	TCTGCGCGCTCGCTCGCTCA
test	subjectB	sample2	chr4+18912719	125	5	5	TCTGCGCGCTCGCTCGCTCA
test	subjectB	sample2	chr6-87494548	125	5	5	TCTGCGCGCTCGCTCGCTCA
test	subjectB	sample2	chr10-118845680	125	5	5	TCTGCGCGCTCGCTCGCTCA
test	subjectB	sample2	chr20+36340644	125	5	5	TCTGCGCGCTCGCTCGCTCA
test	subjectB	sample2	chr5-146654636	125	5	5	TCTGCGCGCTCGCTCGCTCA
test	subjectB	sample2	chr16-17351410	125	5	5	TCTGCGCGCTCGCTCGCTCA
test	subjectB	sample2	chr8-18143186	125	5	5	TCTGCGCGCTCGCTCGCTCA
test	subjectB	sample2	chr3+184262413	125	5	5	TCTGCGCGCTCGCTCGCTCA
test	subjectB	sample2	chr9+99028482	125	5	5	TCTGCGCGCTCGCTCGCTCA
test	subjectB	sample2	chr5+115498415	125	5	5	TCTGCGCGCTCGCTCGCTCA
test	subjectB	sample2	chr1-161928143	125	5	5	TCTGCGCGCTCGCTCGCTCA
test	subjectB	sample2	chrX-41594190	125	5	5	TCTGCGCGCTCGCTCGCTCA
test	subjectB	sample2	chr16-17120260	125	5	5	TCTGCGCGCTCGCTCGCTCA
test	subjectB	sample2	chr2-67030131	125	5	5	TCTGCGCGCTCGCTCGCTCA
test	subjectB	sample2	chr22+43278768	125	5	5	TCTGCGCGCTCGCTCGCTCA
test	subjectB	sample2	chr1+17707506	125	5	5	TCTGCGCGCTCGCTCGCTCA
test	subjectB	sample2	chr6+133022997	125	5	5	TCTGCGCGCTCGCTCGCTCA
test	subjectB	sample2	chr5-8112561	125	5	5	TCTGCGCGCTCGCTCGCTCA
test	subjectB	sample2	chr2-61090807	125	5	5	TCTGCGCGCTCGCTCGCTCA
test	subjectB	sample2	chr10-28661109	125	5	5	TCTGCGCGCTCGCTCGCTCA
test	subjectB	sample2	chr8+76158257	125	5	5	TCTGCGCGCTCGCTCGCTCA
test	subjectB	sample2	chr15-86316368	125	5	5	TCTGCGCGCTCGCTCGCTCA
test	subjectB	sample2	chr2-207400122	125	5	5	TCTGCGCGCTCGCTCGCTCA
test	subjectB	sample2	chr7+6082919	125	5	5	TCTGCGCGCTCGCTCGCTCA
test	subjectB	sample2	chr6-24284077	125	5	5	TCTGCGCGCTCGCTCGCTCA
test	subjectB	sample2	chrX+42497594	125	5	5	TCTGCGCGCTCGCTCGCTCA
test	subjectB	sample2	chr15+65266023	125	5	5	TCTGCGCGCTCGCTCGCTCA
test	subjectB	sample2	chr20-26018841	125	5	5	TCTGCGCGCTCGCTCGCTCA
test	subjectB	sample2	chr13-106748483	125	5	5	TCTGCGCGCTCGCTCGCTCA
test	subjectB	sample2	chr16-72802188	125	5	5	TCTGCGCGCTCGCTCGCTCA
test	subjectB	sample2	chr4-148279331	125	5	5	TCTGCGCGCTCGCTCGCTCA
test	subjectB	sample2	chr15+42289504	125	5	5	TCTGCGCGCTCGCTCGCTCA
test	subjectB	sample2	chr9+72086491	125	5	5	TCTGCGCGCTCGCTCGCTCA
test	subjectB	sample2	chr15+74341878	125	5	5	TCTGCGCGCTCGCTCGCTCA
test	subjectB	sample2	chr20+23316143	125	5	5	TCTGCGCGCTCGCTCGCTCA
test	subjectB	sample2	chr11-47191227	125	5	5	TCTGCGCGCTCGCTCGCTCA
test	subjectB	sample2	chr15-74132017	125	5	5	TCTGCGCGCTCGCTCGCTCA
test	subjectB	sample2	chr13+30813949	125	5	5	TCTGCGCGCTCGCTCGCTCA
test	subjectB	sample2	chr13-93268584	125	5	5	TCTGCGCGCTCGCTCGCTCA
test	subjectB	sample2	chr14+57554479	125	5	5	TCTGCGCGCTCGCTCGCTCA
test	subjectB	sample2	chr9+84924044	125	5	5	TCTGCGCGCTCGCTCGCTCA
test	subjectB	sample2	chr7+65447859	125	5	5	TCTGCGCGCTCGCTCGCTCA
test	subjectB	sample2	chr16+35961255	125	5	5	TCTGCGCGCTCGCTCGCTCA
test	subjectB	sample2	chr6+156301830	125	5	5	TCTGCGCGCTCGCTCGCTCA
test	subjectB	sample2	chr2+55264803	125	5	5	TCTGCGCGCTCGCTCGCTCA
test	subjectB	sample2	chrX-38591493	125	5	5	TCTGCGCGCTCGCTCGCTCA
test	subjectB	sample2	chr11+85197311	125	5	5	TCTGCGCGCTCGCTCGCTCA
test	subjectB	sample2	chr10-29714795	125	5	5	TCTGCGCGCTCGCTCGCTCA
test	subjectB	sample2	chr14-63500430	125	5	5	TCTGCGCGCTCGCTCGCTCA
test	subjectB	sample2	chr4+168993622	125	5	5	TCTGCGCGCTCGCTCGCTCA
test	subjectB	sample2	chr1+91931909	125	5	5	TCTGCGCGCTCGCTCGCTCA
test	subjectB	sample2	chr2+37310231	125	5	5	TCTGCGCGCTCGCTCGCTCA
test	subjectB	sample2	chr1-237049926	125	5	5	TCTGCGCGCTCGCTCGCTCA
test	subjectB	sample2	chr20+9574061	125	5	5	TCTGCGCGCTCGCTCGCTCA
test	subjectB	sample2	chr10-16333730	125	5	5	TCTGCGCGCTCGCTCGCTCA
test	subjectB	sample2	chr11+87832049	125	5	5	TCTGCGCGCTCGCTCGCTCA
test	subjectB	sample2	chr10-4627107	125	5	5	TCTGCGCGCTCGCTCGCTCA
test	subjectB	sample2	chr22+17109461	125	5	5	TCTGCGCGCTCGCTCGCTCA
test	subjectB	sample2	chr11+10655092	125	5	5	TCTGCGCGCTCGCTCGCTCA
test	subjectB	sample2	chr11+115168543	125	5	5	TCTGCGCGCTCGCTCGCTCA
test	subjectB	sample2	chr15+42815871	125	5	5	TCTGCGCGCTCGCTCGCTCA
test	subjectB	sample2	chr8+1361425	125	5	5	TCTGCGCGCTCGCTCGCTCA
test	subjectB	sample2	chr14+34109486	125	5	5	TCTGCGCGCTCGCTCGCTCA
test	subjectB	sample2	chr5+103075243	125	5	5	TCTGCGCGCTCGCTCGCTCA
test	subjectB	sample2	chr12+123576138	125	5	5	TCTGCGCGCTCGCTCGCTCA
test	subjectB	sample2	chr10-50636798	125	5	5	TCTGCGCGCTCGCTCGCTCA
test	subjectB	sample2	chr19-3050285	125	5	5	TCTGCGCGCTCGCTCGCTCA
test	subjectB	sample2	chr1+43008868	125	5	5	TCTGCGCGCTCGCTCGCTCA
test	subjectB	sample2	chr16+1029620	125	5	5	TCTGCGCGCTCGCTCGCTCA
test	subjectB	sample2	chr18+18147281	125	5	5	TCTGCGCGCTCGCTCGCTCA
test	subjectB	sample2	chr2-92604477	125	5	5	TCTGCGCGCTCGCTCGCTCA
test	subjectB	sample2	chr4+1488855	125	5	5	TCTGCGCGCTCGCTCGCTCA
test	subjectB	sample2	chr16-58359287	125	5	5	TCTGCGCGCTCGCTCGCTCA
test	subjectB	sample2	chr22+50677527	125	5	5	TCTGCGCGCTCGCTCGCTCA
test	subjectB	sample2	chr12+74403181	125	5	5	TCTGCGCGCTCGCTCGCTCA
test	subjectB	sample2	chr17+42550859	125	5	5	TCTGCGCGCTCGCTCGCTCA
test	subjectB	sample2	chr10+67923234	125	5	5	TCTGCGCGCTCGCTCGCTCA
test	subjectB	sample2	chr22+45410065	125	5	5	TCTGCGCGCTCGCTCGCTCA
test	subjectB	sample2	chr16+66363621	125	5	5	TCTGCGCGCTCGCTCGCTCA
test	subjectB	sample2	chr20+29227739	125	5	5	TCTGCGCGCTCGCTCGCTCA
test	subjectB	sample2	chr21-43798045	125	5	5	TCTGCGCGCTCGCTCGCTCA
test	subjectB	sample2	chr16+56593556	125	5	5	TCTGCGCGCTCGCTCGCTCA
test	subjectB	sample2	chr20+14761325	125	5	5	TCTGCGCGCTCGCTCGCTCA
test	subjectB	sample2	chr16-29182594	125	5	5	TCTGCGCGCTCGCTCGCTCA
test	subjectB	sample2	chr6+71875983	125	5	5	TCTGCGCGCTCGCTCGCTCA
test	subjectB	sample2	chr12+120051152	125	5	5	TCTGCGCGCTCGCTCGCTCA
test	subjectB	sample2	chr13+90538106	125	5	5	TCTGCGCGCTCGCTCGCTCA
test	subjectB	sample2	chr13+51228477	125	5	5	TCTGCGCGCTCGCTCGCTCA
test	subjectB	sample2	chr5+83812388	125	5	5	TCTGCGCGCTCGCTCGCTCA
test	subjectB	sample2	chr9-90995419	125	5	5	TCTGCGCGCTCGCTCGCTCA
test	subjectB	sample2	chr8-33699293	125	5	5	TCTGCGCGCTCGCTCGCTCA
test	subjectB	sample2	chr22+27659291	125	5	5	TCTGCGCGCTCGCTCGCTCA
test	subjectB	sample2	chr1+151995025	125	5	5	TCTGCGCGCTCGCTCGCTCA
test	subjectB	sample2	chr19+12004886	125	5	5	TCTGCGCGCTCGCTCGCTCA
test	subjectB	sample2	chr7+83419442	125	5	5	TCTGCGCGCTCGCTCGCTCA
test	subjectB	sample2	chr10+128413868	125	5	5	TCTGCGCGCTCGCTCGCTCA
test	subjectB	sample2	chr17-39776426	125	5	5	TCTGCGCGCTCGCTCGCTCA
test	subjectB	sample2	chr6+18669642	125	5	5	TCTGCGCGCTCGCTCGCTCA
test	subjectB	sample2	chr22+16869708	125	5	5	TCTGCGCGCTCGCTCGCTCA
test	subjectB	sample2	chr12+33250080	125	5	5	TCTGCGCGCTCGCTCGCTCA
test	subjectB	sample2	chr4-132615616	125	5	5	TCTGCGCGCTCGCTCGCTCA
test	subjectB	sample2	chr18+74886502	125	5	5	TCTGCGCGCTCGCTCGCTCA
test	subjectB	sample2	chr19-3414442	125	5	5	TCTGCGCGCTCGCTCGCTCA
test	subjectB	sample2	chr9+107860550	125	5	5	TCTGCGCGCTCGCTCGCTCA
test	subjectB	sample2	chr2+136520047	125	5	5	TCTGCGCGCTCGCTCGCTCA
test	subjectB	sample2	chr22+30493169	125	5	5	TCTGCGCGCTCGCTCGCTCA
test	subjectB	sample2	chr18+2817603	125	5	5	TCTGCGCGCTCGCTCGCTCA
test	subjectB	sample2	chr12-65736075	125	5	5	TCTGCGCGCTCGCTCGCTCA
test	subjectB	sample2	chr17-42866780	125	5	5	TCTGCGCGCTCGCTCGCTCA
test	subjectB	sample2	chr21-43018988	125	5	5	TCTGCGCGCTCGCTCGCTCA
test	subjectB	sample2	chr17-46799653	125	5	5	TCTGCGCGCTCGCTCGCTCA
test	subjectB	sample2	chr13-23462914	125	5	5	TCTGCGCGCTCGCTCGCTCA
test	subjectB	sample2	chr6+38641019	125	5	5	TCTGCGCGCTCGCTCGCTCA
test	subjectB	sample2	chr9+64916375	125	5	5	TCTGCGCGCTCGCTCGCTCA
test	subjectB	sample2	chr5+86755867	125	5	5	TCTGCGCGCTCGCTCGCTCA
test	subjectB	sample2	chrX-1213699	125	5	5	TCTGCGCGCTCGCTCGCTCA
test	subjectB	sample2	chr11-108467757	125	5	5	TCTGCGCGCTCGCTCGCTCA
test	subjectB	sample2	chr16+3258406	125	5	5	TCTGCGCGCTCGCTCGCTCA
test	subjectB	sample2	chr13+26213361	125	5	5	TCTGCGCGCTCGCTCGCTCA
test	subjectB	sample2	chr3-169324757	125	5	5	TCTGCGCGCTCGCTCGCTCA
test	subjectB	sample2	chr19+14940607	125	5	5	TCTGCGCGCTCGCTCGCTCA
test	subjectB	sample2	chr14-79662713	125	5	5	TCTGCGCGCTCGCTCGCTCA
test	subjectB	sample2	chrX-42346811	125	5	5	TCTGCGCGCTCGCTCGCTCA
test	subjectB	sample2	chr12-6249166	125	5	5	TCTGCGCGCTCGCTCGCTCA
test	subjectB	sample2	chr4-68529015	125	5	5	TCTGCGCGCTCGCTCGCTCA
test	subjectB	sample2	chr8+97692607	125	5	5	TCTGCGCGCTCGCTCGCTCA
test	subjectB	sample2	chr20+13752782	125	5	5	TCTGCGCGCTCGCTCGCTCA
test	subjectB	sample2	chr1-214078813	125	5	5	TCTGCGCGCTCGCTCGCTCA
test	subjectB	sample2	chr22-19616360	125	5	5	TCTGCGCGCTCGCTCGCTCA
test	subjectB	sample2	chr19+14225208	125	5	5	TCTGCGCGCTCGCTCGCTCA
test	subjectB	sample2	chr8+69606883	125	5	5	TCTGCGCGCTCGCTCGCTCA
test	subjectB	sample2	chr6+134950620	125	5	5	TCTGCGCGCTCGCTCGCTCA
test	subjectB	sample2	chr18-2067453	125	5	5	TCTGCGCGCTCGCTCGCTCA
test	subjectB	sample2	chr7+132514950	125	5	5	TCTGCGCGCTCGCTCGCTCA
test	subjectB	sample2	chr5+136580746	125	5	5	TCTGCGCGCTCGCTCGCTCA
test	subjectB	sample2	chr10-130925740	125	5	5	TCTGCGCGCTCGCTCGCTCA
test	subjectB	sample2	chr7-99776364	125	5	5	TCTGCGCGCTCGCTCGCTCA
test	subjectB	sample2	chr6+163244423	125	5	5	TCTGCGCGCTCGCTCGCTCA
test	subjectB	sample2	chr21-28235269	125	5	5	TCTGCGCGCTCGCTCGCTCA
test	subjectB	sample2	chr13-62964469	125	5	5	TCTGCGCGCTCGCTCGCTCA
test	subjectB	sample2	chr9-111030944	125	5	5	TCTGCGCGCTCGCTCGCTCA
test	subjectB	sample2	chr18-24693379	125	5	5	TCTGCGCGCTCGCTCGCTCA
test	subjectB	sample2	chr2-232650797	125	5	5	TCTGCGCGCTCGCTCGCTCA
test	subjectB	sample2	chr11-98615685	125	5	5	TCTGCGCGCTCGCTCGCTCA
test	subjectB	sample2	chr12+107483379	125	5	5	TCTGCGCGCTCGCTCGCTCA
test	subjectB	sample2	chr3-170653462	125	5	5	TCTGCGCGCTCGCTCGCTCA
test	subjectB	sample2	chr16-53874492	125	5	5	TCTGCGCGCTCGCTCGCTCA
test	subjectB	sample2	chr9-17703353	125	5	5	TCTGCGCGCTCGCTCGCTCA
test	subjectB	sample2	chr5+120517048	125	5	5	TCTGCGCGCTCGCTCGCTCA
test	subjectB	sample2	chr22-32768988	125	5	5	TCTGCGCGCTCGCTCGCTCA
test	subjectB	sample2	chr14-68473350	125	5	5	TCTGCGCGCTCGCTCGCTCA
test	subjectB	sample2	chr18+53125510	125	5	5	TCTGCGCGCTCGCTCGCTCA
test	subjectB	sample2	chr1-196454583	125	5	5	TCTGCGCGCTCGCTCGCTCA
test	subjectB	sample2	chr4-4628506	125	5	5	TCTGCGCGCTCGCTCGCTCA
test	subjectB	sample2	chr17+80474918	125	5	5	TCTGCGCGCTCGCTCGCTCA
test	subjectB	sample2	chr16-12294525	125	5	5	TCTGCGCGCTCGCTCGCTCA
test	subjectB	sample2	chr18-48070111	125	5	5	TCTGCGCGCTCGCTCGCTCA
test	subjectB	sample2	chr19-24029635	125	5	5	TCTGCGCGCTCGCTCGCTCA
test	subjectB	sample2	chr18-33876537	125	5	5	TCTGCGCGCTCGCTCGCTCA
test	subjectB	sample2	chr11-72950518	125	5	5	TCTGCGCGCTCGCTCGCTCA
test	subjectB	sample2	chr18-53385927	125	5	5	TCTGCGCGCTCGCTCGCTCA
test	subjectB	sample2	chr4+94854184	125	5	5	TCTGCGCGCTCGCTCGCTCA
test	subjectB	sample2	chr17+71264353	125	5	5	TCTGCGCGCTCGCTCGCTCA
test	subjectB	sample2	chr7+49917254	125	5	5	TCTGCGCGCTCGCTCGCTCA
test	subjectB	sample2	chr5+96006381	125	5	5	TCTGCGCGCTCGCTCGCTCA
test	subjectB	sample2	chr2-12152038	125	5	5	TCTGCGCGCTCGCTCGCTCA
test	subjectB	sample2	chr1-72321966	125	5	5	TCTGCGCGCTCGCTCGCTCA
test	subjectB	sample2	chr5+36242121	125	5	5	TCTGCGCGCTCGCTCGCTCA
test	subjectB	sample2	chr16-72569815	125	5	5	TCTGCGCGCTCGCTCGCTCA
test	subjectB	sample2	chrX+54653064	125	5	5	TCTGCGCGCTCGCTCGCTCA
test	subjectB	sample2	chr5+128091230	125	5	5	TCTGCGCGCTCGCTCGCTCA
test	subjectB	sample2	chr9+64209250	125	5	5	TCTGCGCGCTCGCTCGCTCA
test	subjectB	sample2	chr13-46748798	125	5	5	TCTGCGCGCTCGCTCGCTCA
test	subjectB	sample2	chr5+68031914	125	5	5	TCTGCGCGCTCGCTCGCTCA
test	subjectB	sample2	chr4-109617275	125	5	5	TCTGCGCGCTCGCTCGCTCA
test	subjectB	sample2	chr7-2720965	125	5	5	TCTGCGCGCTCGCTCGCTCA
test	subjectB	sample2	chr2+137245873	125	5	5	TCTGCGCGCTCGCTCGCTCA
test	subjectB	sample2	chr12+33362407	125	5	5	TCTGCGCGCTCGCTCGCTCA
test	subjectB	sample2	chr17+62555005	125	5	5	TCTGCGCGCTCGCTCGCTCA
test	subjectB	sample2	chr6+166897145	125	5	5	TCTGCGCGCTCGCTCGCTCA
test	subjectB	sample2	chrX+91573592	125	5	5	TCTGCGCGCTCGCTCGCTCA
test	subjectB	sample2	chr1-14149384	125	5	5	TCTGCGCGCTCGCTCGCTCA
test	subjectB	sample2	chr6-71720034	125	5	5	TCTGCGCGCTCGCTCGCTCA
test	subjectB	sample2	chr22-26511824	125	5	5	TCTGCGCGCTCGCTCGCTCA
test	subjectB	sample2	chr6-156143134	125	5	5	TCTGCGCGCTCGCTCGCTCA
test	subjectB	sample2	chr4-97839675	125	5	5	TCTGCGCGCTCGCTCGCTCA
test	subjectB	sample2	chrX-112444501	125	5	5	TCTGCGCGCTCGCTCGCTCA
test	subjectB	sample2	chr19+17883077	125	5	5	TCTGCGCGCTCGCTCGCTCA
test	subjectB	sample2	chr20-30751151	125	5	5	TCTGCGCGCTCGCTCGCTCA
test	subjectB	sample2	chr11-96523011	125	5	5	TCTGCGCGCTCGCTCGCTCA
test	subjectB	sample2	chr3-2684914	125	5	5	TCTGCGCGCTCGCTCGCTCA
test	subjectB	sample2	chr8+137787893	125	5	5	TCTGCGCGCTCGCTCGCTCA
test	subjectB	sample2	chr1-50469743	125	5	5	TCTGCGCGCTCGCTCGCTCA
test	subjectB	sample2	chr14-63129630	125	5	5	TCTGCGCGCTCGCTCGCTCA
test	subjectB	sample2	chr9+66805182	125	5	5	TCTGCGCGCTCGCTCGCTCA
test	subjectB	sample2	chr16-24471960	125	5	5	TCTGCGCGCTCGCTCGCTCA
test	subjectB	sample2	chr15+37020967	125	5	5	TCTGCGCGCTCGCTCGCTCA
test	subjectB	sample2	chr20-43773511	125	5	5	TCTGCGCGCTCGCTCGCTCA
test	subjectB	sample2	chr19-40853414	125	5	5	TCTGCGCGCTCGCTCGCTCA
test	subjectB	sample2	chr22-16560394	125	5	5	TCTGCGCGCTCGCTCGCTCA
test	subjectB	sample2	chr5-48641855	125	5	5	TCTGCGCGCTCGCTCGCTCA
test	subjectB	sample2	chr3-34984991	125	5	5	TCTGCGCGCTCGCTCGCTCA
test	subjectB	sample2	chr20+21736769	125	5	5	TCTGCGCGCTCGCTCGCTCA
test	subjectB	sample2	chr21+7465161	125	5	5	TCTGCGCGCTCGCTCGCTCA
test	subjectB	sample2	chr14-106585937	125	5	5	TCTGCGCGCTCGCTCGCTCA
test	subjectB	sample2	chr1-58377927	125	5	5	TCTGCGCGCTCGCTCGCTCA
test	subjectB	sample2	chr2-11067186	125	5	5	TCTGCGCGCTCGCTCGCTCA
test	subjectB	sample2	chr16-37868553	125	5	5	TCTGCGCGCTCGCTCGCTCA
test	subjectB	sample2	chr13+37569101	125	5	5	TCTGCGCGCTCGCTCGCTCA
test	subjectB	sample2	chr11+102125540	125	5	5	TCTGCGCGCTCGCTCGCTCA
test	subjectB	sample2	chr3+169108472	125	5	5	TCTGCGCGCTCGCTCGCTCA
test	subjectB	sample2	chr15-22438656	125	5	5	TCTGCGCGCTCGCTCGCTCA
test	subjectB	sample2	chr15-36608756	125	5	5	TCTGCGCGCTCGCTCGCTCA
test	subjectB	sample2	chr11-82942051	125	5	5	TCTGCGCGCTCGCTCGCTCA
test	subjectB	sample2	chr17+19847681	125	5	5	TCTGCGCGCTCGCTCGCTCA
test	subjectB	sample2	chr18-28799521	125	5	5	TCTGCGCGCTCGCTCGCTCA
test	subjectB	sample2	chr7+51941203	125	5	5	TCTGCGCGCTCGCTCGCTCA
test	subjectB	sample2	chr7+134537592	125	5	5	TCTGCGCGCTCGCTCGCTCA
test	subjectB	sample2	chr5+16221202	125	5	5	TCTGCGCGCTCGCTCGCTCA
test	subjectB	sample2	chr4-79732554	125	5	5	TCTGCGCGCTCGCTCGCTCA
test	subjectB	sample2	chr2+49709316	125	5	5	TCTGCGCGCTCGCTCGCTCA
test	subjectB	sample2	chr10+22695051	125	5	5	TCTGCGCGCTCGCTCGCTCA
test	subjectB	sample2	chr14+39520878	125	5	5	TCTGCGCGCTCGCTCGCTCA
test	subjectB	sample2	chr21-12512821	125	5	5	TCTGCGCGCTCGCTCGCTCA
test	subjectB	sample2	chr21-23822945	125	5	5	TCTGCGCGCTCGCTCGCTCA
test	subjectB	sample2	chr20-22673132	125	5	5	TCTGCGCGCTCGCTCGCTCA
test	subjectB	sample2	chr5+175581148	125	5	5	TCTGCGCGCTCGCTCGCTCA
test	subjectB	sample2	chr3-15874868	125	5	5	TCTGCGCGCTCGCTCGCTCA
test	subjectB	sample2	chr19+28151035	125	5	5	TCTGCGCGCTCGCTCGCTCA
test	subjectB	sample2	chr3-34607790	125	5	5	TCTGCGCGCTCGCTCGCTCA
test	subjectB	sample2	chr11+104657969	125	5	5	TCTGCGCGCTCGCTCGCTCA
test	subjectB	sample2	chr22+41827409	125	5	5	TCTGCGCGCTCGCTCGCTCA
test	subjectB	sample2	chr14-29351121	125	5	5	TCTGCGCGCTCGCTCGCTCA
test	subjectB	sample2	chrX+7260240	125	5	5	TCTGCGCGCTCGCTCGCTCA
test	subjectB	sample2	chr13-95636570	125	5	5	TCTGCGCGCTCGCTCGCTCA
test	subjectB	sample2	chr5-99098148	125	5	5	TCTGCGCGCTCGCTCGCTCA
test	subjectB	sample2	chr12-76235363	125	5	5	TCTGCGCGCTCGCTCGCTCA
test	subjectB	sample2	chr18+57578199	125	5	5	TCTGCGCGCTCGCTCGCTCA
test	subjectB	sample2	chr3+80945291	125	5	5	TCTGCGCGCTCGCTCGCTCA
test	subjectB	sample2	chr9-107076020	125	5	5	TCTGCGCGCTCGCTCGCTCA
test	subjectB	sample2	chr18+22409635	125	5	5	TCTGCGCGCTCGCTCGCTCA
test	subjectB	sample2	chr8-30266998	125	5	5	TCTGCGCGCTCGCTCGCTCA
test	subjectB	sample2	chr18+18350834	125	5	5	TCTGCGCGCTCGCTCGCTCA
test	subjectB	sample2	chr20+7243187	125	5	5	TCTGCGCGCTCGCTCGCTCA
test	subjectB	sample2	chr6-17910427	125	5	5	TCTGCGCGCTCGCTCGCTCA
test	subjectB	sample2	chr16+2093476	125	5	5	TCTGCGCGCTCGCTCGCTCA
test	subjectB	sample2	chr9-115713	125	5	5	TCTGCGCGCTCGCTCGCTCA
test	subjectB	sample2	chr5-170827756	125	5	5	TCTGCGCGCTCGCTCGCTCA
test	subjectB	sample2	chr15-88960351	125	5	5	TCTGCGCGCTCGCTCGCTCA
test	subjectB	sample2	chr3+196753146	125	5	5	TCTGCGCGCTCGCTCGCTCA
test	subjectB	sample2	chr22+24558193	125	5	5	TCTGCGCGCTCGCTCGCTCA
test	subjectB	sample2	chr10-70664306	125	5	5	TCTGCGCGCTCGCTCGCTCA
test	subjectB	sample2	chr14+80184340	125	5	5	TCTGCGCGCTCGCTCGCTCA
test	subjectB	sample2	chr22+34651506	125	5	5	TCTGCGCGCTCGCTCGCTCA
test	subjectB	sample2	chr5+7072031	125	5	5	TCTGCGCGCTCGCTCGCTCA
test	subjectB	sample2	chr12+120872905	125	5	5	TCTGCGCGCTCGCTCGCTCA
test	subjectB	sample2	chr18+47084563	125	5	5	TCTGCGCGCTCGCTCGCTCA
test	subjectB	sample2	chrX+3370850	125	5	5	TCTGCGCGCTCGCTCGCTCA
test	subjectB	sample2	chr22+20891846	125	5	5	TCTGCGCGCTCGCTCGCTCA
test	subjectB	sample2	chr11+115728685	125	5	5	TCTGCGCGCTCGCTCGCTCA
test	subjectB	sample2	chr10-9412050	125	5	5	TCTGCGCGCTCGCTCGCTCA
test	subjectB	sample2	chr19-41906251	125	5	5	TCTGCGCGCTCGCTCGCTCA
test	subjectB	sample2	chr8-61691832	125	5	5	TCTGCGCGCTCGCTCGCTCA
test	subjectB	sample2	chr15+46416480	125	5	5	TCTGCGCGCTCGCTCGCTCA
test	subjectB	sample2	chr12+111274221	125	5	5	TCTGCGCGCTCGCTCGCTCA
test	subjectB	sample2	chr14-34818353	125	5	5	TCTGCGCGCTCGCTCGCTCA
test	subjectB	sample2	chr21-6135989	125	5	5	TCTGCGCGCTCGCTCGCTCA
test	subjectB	sample2	chr21-35140663	125	5	5	TCTGCGCGCTCGCTCGCTCA
test	subjectB	sample2	chr14+30057251	125	5	5	TCTGCGCGCTCGCTCGCTCA
test	subjectB	sample2	chr5-102099352	125	5	5	TCTGCGCGCTCGCTCGCTCA
test	subjectB	sample2	chr6-74877814	125	5	5	TCTGCGCGCTCGCTCGCTCA
test	subjectB	sample2	chr21+24983464	125	5	5	TCTGCGCGCTCGCTCGCTCA
test	subjectB	sample2	chr4+807010	125	5	5	TCTGCGCGCTCGCTCGCTCA
test	subjectB	sample2	chr12-99741249	125	5	5	TCTGCGCGCTCGCTCGCTCA
test	subjectB	sample2	chr3+51956892	125	5	5	TCTGCGCGCTCGCTCGCTCA
test	subjectB	sample2	chr7-44026437	125	5	5	TCTGCGCGCTCGCTCGCTCA
test	subjectB	sample2	chr11-84429296	125	5	5	TCTGCGCGCTCGCTCGCTCA
test	subjectB	sample2	chr1-80729596	125	5	5	TCTGCGCGCTCGCTCGCTCA
test	subjectB	sample2	chr22+44415000	125	5	5	TCTGCGCGCTCGCTCGCTCA
test	subjectB	sample2	chr12+41556503	125	5	5	TCTGCGCGCTCGCTCGCTCA
test	subjectB	sample2	chr1-111989751	125	5	5	TCTGCGCGCTCGCTCGCTCA
test	subjectB	sample2	chr14-21821463	125	5	5	TCTGCGCGCTCGCTCGCTCA
test	subjectB	sample2	chr20-28053134	125	5	5	TCTGCGCGCTCGCTCGCTCA
test	subjectB	sample2	chr4-89076867	125	5	5	TCTGCGCGCTCGCTCGCTCA
test	subjectB	sample2	chr16-10255305	125	5	5	TCTGCGCGCTCGCTCGCTCA
test	subjectB	sample2	chr2-169832940	125	5	5	TCTGCGCGCTCGCTCGCTCA
test	subjectB	sample2	chr6+19862413	125	5	5	TCTGCGCGCTCGCTCGCTCA
test	subjectB	sample2	chr13-18047124	125	5	5	TCTGCGCGCTCGCTCGCTCA
test	subjectB	sample2	chr14-19887627	125	5	5	TCTGCGCGCTCGCTCGCTCA
test	subjectB	sample2	chr22-22656299	125	5	5	TCTGCGCGCTCGCTCGCTCA
test	subjectB	sample2	chr5+89117444	125	5	5	TCTGCGCGCTCGCTCGCTCA
test	subjectB	sample2	chr13+29870626	125	5	5	TCTGCGCGCTCGCTCGCTCA
test	subjectB	sample2	chr13-38422509	125	5	5	TCTGCGCGCTCGCTCGCTCA
test	subjectB	sample2	chr3-31915359	125	5	5	TCTGCGCGCTCGCTCGCTCA
test	subjectB	sample2	chr8-91065289	125	5	5	TCTGCGCGCTCGCTCGCTCA
test	subjectB	sample2	chr21-43779917	125	5	5	TCTGCGCGCTCGCTCGCTCA
test	subjectB	sample2	chr3-179180565	125	5	5	TCTGCGCGCTCGCTCGCTCA
test	subjectB	sample2	chr4-6090731	125	5	5	TCTGCGCGCTCGCTCGCTCA
test	subjectB	sample2	chr11-27630521	125	5	5	TCTGCGCGCTCGCTCGCTCA
test	subjectB	sample2	chr10-1477421	125	5	5	TCTGCGCGCTCGCTCGCTCA
test	subjectB	sample2	chr16-37903040	125	5	5	TCTGCGCGCTCGCTCGCTCA
test	subjectB	sample2	chr14-48083982	125	5	5	TCTGCGCGCTCGCTCGCTCA
test	subjectB	sample2	chr19+42306406	125	5	5	TCTGCGCGCTCGCTCGCTCA
test	subjectB	sample2	chr15-43860217	125	5	5	TCTGCGCGCTCGCTCGCTCA
test	subjectB	sample2	chr4-100688785	125	5	5	TCTGCGCGCTCGCTCGCTCA
test	subjectB	sample2	chr11+55431564	125	5	5	TCTGCGCGCTCGCTCGCTCA
test	subjectB	sample2	chr10+45683370	125	5	5	TCTGCGCGCTCGCTCGCTCA
test	subjectB	sample2	chr15+28533572	125	5	5	TCTGCGCGCTCGCTCGCTCA
test	subjectB	sample2	chr10-99105387	125	5	5	TCTGCGCGCTCGCTCGCTCA
test	subjectB	sample2	chr22-39298425	125	5	5	TCTGCGCGCTCGCTCGCTCA
test	subjectB	sample2	chr6-51981062	125	5	5	TCTGCGCGCTCGCTCGCTCA
test	subjectB	sample2	chrX-98883139	125	5	5	TCTGCGCGCTCGCTCGCTCA
test	subjectB	sample2	chr17-42958227	125	5	5	TCTGCGCGCTCGCTCGCTCA
test	subjectB	sample2	chr9+420118	125	5	5	TCTGCGCGCTCGCTCGCTCA
test	subjectB	sample2	chr14-18987430	125	5	5	TCTGCGCGCTCGCTCGCTCA
test	subjectB	sample2	chr14+70845601	125	5	5	TCTGCGCGCTCGCTCGCTCA
test	subjectB	sample2	chr13-50522498	125	5	5	TCTGCGCGCTCGCTCGCTCA
test	subjectB	sample2	chr16+90124663	125	5	5	TCTGCGCGCTCGCTCGCTCA
test	subjectB	sample2	chr7-12075	125	5	5	TCTGCGCGCTCGCTCGCTCA
test	subjectB	sample2	chr3+132740500	125	5	5	TCTGCGCGCTCGCTCGCTCA
test	subjectB	sample2	chr16-53814262	125	5	5	TCTGCGCGCTCGCTCGCTCA
test	subjectB	sample2	chr9-25744079	125	5	5	TCTGCGCGCTCGCTCGCTCA
test	subjectB	sample2	chr10+10563644	125	5	5	TCTGCGCGCTCGCTCGCTCA
test	subjectB	sample2	chr7+22147325	125	5	5	TCTGCGCGCTCGCTCGCTCA
test	subjectB	sample2	chr18+41161819	125	5	5	TCTGCGCGCTCGCTCGCTCA
test	subjectB	sample2	chr19+4209340	125	5	5	TCTGCGCGCTCGCTCGCTCA
test	subjectB	sample2	chr22-18507522	125	5	5	TCTGCGCGCTCGCTCGCTCA
test	subjectB	sample2	chr19-47028314	125	5	5	TCTGCGCGCTCGCTCGCTCA
test	subjectB	sample2	chr17-79147649	125	5	5	TCTGCGCGCTCGCTCGCTCA
test	subjectB	sample2	chr17-68585157	125	5	5	TCTGCGCGCTCGCTCGCTCA
test	subjectB	sample2	chr17+71631302	125	5	5	TCTGCGCGCTCGCTCGCTCA
test	subjectB	sample2	chr2+82276758	125	5	5	TCTGCGCGCTCGCTCGCTCA
test	subjectB	sample2	chr21-11981839	125	5	5	TCTGCGCGCTCGCTCGCTCA
test	subjectB	sample2	chr1-6654729	125	5	5	TCTGCGCGCTCGCTCGCTCA
test	subjectB	sample2	chr14+77421108	125	5	5	TCTGCGCGCTCGCTCGCTCA
test	subjectB	sample2	chr10-108871319	125	5	5	TCTGCGCGCTCGCTCGCTCA
test	subjectB	sample2	chr3+68584579	125	5	5	TCTGCGCGCTCGCTCGCTCA
test	subjectB	sample2	chrX+44794298	125	5	5	TCTGCGCGCTCGCTCGCTCA
test	subjectB	sample2	chr9+87649098	125	5	5	TCTGCGCGCTCGCTCGCTCA
test	subjectB	sample2	chr18+53239880	125	5	5	TCTGCGCGCTCGCTCGCTCA
test	subjectB	sample2	chr17+69615239	125	5	5	TCTGCGCGCTCGCTCGCTCA
test	subjectB	sample2	chr4+28151422	125	5	5	TCTGCGCGCTCGCTCGCTCA
test	subjectB	sample2	chr13-81993006	125	5	5	TCTGCGCGCTCGCTCGCTCA
test	subjectB	sample2	chr22+49709719	125	5	5	TCTGCGCGCTCGCTCGCTCA
test	subjectB	sample2	chr5-38843541	125	5	5	TCTGCGCGCTCGCTCGCTCA
test	subjectB	sample2	chr11-104643296	125	5	5	TCTGCGCGCTCGCTCGCTCA
test	subjectB	sample2	chr15-20766904	125	5	5	TCTGCGCGCTCGCTCGCTCA
test	subjectB	sample2	chr18-74551549	125	5	5	TCTGCGCGCTCGCTCGCTCA
test	subjectB	sample2	chr6-22424089	125	5	5	TCTGCGCGCTCGCTCGCTCA
test	subjectB	sample2	chr1-84416009	125	5	5	TCTGCGCGCTCGCTCGCTCA
test	subjectB	sample2	chr13+101725064	125	5	5	TCTGCGCGCTCGCTCGCTCA
test	subjectB	sample2	chr22-36383267	125	5	5	TCTGCGCGCTCGCTCGCTCA
test	subjectB	sample2	chr19-42162357	125	5	5	TCTGCGCGCTCGCTCGCTCA
test	subjectB	sample2	chr14+51674557	125	5	5	TCTGCGCGCTCGCTCGCTCA
test	subjectB	sample2	chr1-158586473	125	5	5	TCTGCGCGCTCGCTCGCTCA
test	subjectB	sample2	chr3+48701607	125	5	5	TCTGCGCGCTCGCTCGCTCA
test	subjectB	sample2	chr13+29432838	125	5	5	TCTGCGCGCTCGCTCGCTCA
test	subjectB	sample2	chr14-26184194	125	5	5	TCTGCGCGCTCGCTCGCTCA
test	subjectB	sample2	chr3+159944816	125	5	5	TCTGCGCGCTCGCTCGCTCA
test	subjectB	sample2	chr9-40629002	125	5	5	TCTGCGCGCTCGCTCGCTCA
test	subjectB	sample2	chr21+26169916	125	5	5	TCTGCGCGCTCGCTCGCTCA
test	subjectB	sample2	chr16+54802977	125	5	5	TCTGCGCGCTCGCTCGCTCA
test	subjectB	sample2	chr14-39693565	125	5	5	TCTGCGCGCTCGCTCGCTCA
test	subjectB	sample2	chr15-101909374	125	5	5	TCTGCGCGCTCGCTCGCTCA
test	subjectB	sample2	chr1-55803748	125	5	5	TCTGCGCGCTCGCTCGCTCA
test	subjectB	sample2	chr15-76090309	125	5	5	TCTGCGCGCTCGCTCGCTCA
test	subjectB	sample2	chr22-49013382	125	5	5	TCTGCGCGCTCGCTCGCTCA
test	subjectB	sample2	chr1+95572904	125	5	5	TCTGCGCGCTCGCTCGCTCA
test	subjectB	sample2	chr18-79073081	125	5	5	TCTGCGCGCTCGCTCGCTCA
test	subjectB	sample2	chr11-9207234	125	5	5	TCTGCGCGCTCGCTCGCTCA
test	subjectB	sample2	chr12-41451641	125	5	5	TCTGCGCGCTCGCTCGCTCA
test	subjectB	sample2	chr3-74279686	125	5	5	TCTGCGCGCTCGCTCGCTCA
test	subjectB	sample2	chr1+54331985	125	5	5	TCTGCGCGCTCGCTCGCTCA
test	subjectB	sample2	chr9+21511436	125	5	5	TCTGCGCGCTCGCTCGCTCA
test	subjectB	sample2	chrX-21488677	125	5	5	TCTGCGCGCTCGCTCGCTCA
test	subjectB	sample2	chr19+25554951	125	5	5	TCTGCGCGCTCGCTCGCTCA
test	subjectB	sample2	chr5+163152704	125	5	5	TCTGCGCGCTCGCTCGCTCA
test	subjectB	sample2	chr13+20070461	125	5	5	TCTGCGCGCTCGCTCGCTCA
test	subjectB	sample2	chr5+45882574	125	5	5	TCTGCGCGCTCGCTCGCTCA
test	subjectB	sample2	chr18-39225249	125	5	5	TCTGCGCGCTCGCTCGCTCA
test	subjectB	sample2	chr9+69797786	125	5	5	TCTGCGCGCTCGCTCGCTCA
test	subjectB	sample2	chr21+45852745	125	5	5	TCTGCGCGCTCGCTCGCTCA
test	subjectB	sample2	chr17+66285357	125	5	5	TCTGCGCGCTCGCTCGCTCA
test	subjectB	sample2	chr8-81323979	125	5	5	TCTGCGCGCTCGCTCGCTCA
test	subjectB	sample2	chr10-20023428	125	5	5	TCTGCGCGCTCGCTCGCTCA
test	subjectB	sample2	chr6-139645382	125	5	5	TCTGCGCGCTCGCTCGCTCA
test	subjectB	sample2	chr13+63909017	125	5	5	TCTGCGCGCTCGCTCGCTCA
test	subjectB	sample2	chr11-44718760	125	5	5	TCTGCGCGCTCGCTCGCTCA
test	subjectB	sample2	chr9-92268422	125	5	5	TCTGCGCGCTCGCTCGCTCA
test	subjectB	sample2	chr15-79713804	125	5	5	TCTGCGCGCTCGCTCGCTCA
test	subjectB	sample2	chrX-79841161	125	5	5	TCTGCGCGCTCGCTCGCTCA
test	subjectB	sample2	chr4-161079468	125	5	5	TCTGCGCGCTCGCTCGCTCA
test	subjectB	sample2	chr5-159034671	125	5	5	TCTGCGCGCTCGCTCGCTCA
test	subjectB	sample2	chr16-25480942	125	5	5	TCTGCGCGCTCGCTCGCTCA
test	subjectB	sample2	chr15+59614687	125	5	5	TCTGCGCGCTCGCTCGCTCA
test	subjectB	sample2	chr17+59626567	125	5	5	TCTGCGCGCTCGCTCGCTCA
test	subjectB	sample2	chr14-53719005	125	5	5	TCTGCGCGCTCGCTCGCTCA
test	subjectB	sample2	chr19-38355051	125	5	5	TCTGCGCGCTCGCTCGCTCA
test	subjectB	sample2	chr14-21858594	125	5	5	TCTGCGCGCTCGCTCGCTCA
test	subjectB	sample2	chr15+33926465	125	5	5	TCTGCGCGCTCGCTCGCTCA
test	subjectB	sample2	chr1-181940216	125	5	5	TCTGCGCGCTCGCTCGCTCA
test	subjectB	sample2	chr2+142486552	125	5	5	TCTGCGCGCTCGCTCGCTCA
test	subjectB	sample2	chr7+151616909	125	5	5	TCTGCGCGCTCGCTCGCTCA
test	subjectB	sample2	chr9-2610765	125	5	5	TCTGCGCGCTCGCTCGCTCA
test	subjectB	sample2	chr9+81076442	125	5	5	TCTGCGCGCTCGCTCGCTCA
test	subjectB	sample2	chr9+98393766	125	5	5	TCTGCGCGCTCGCTCGCTCA
test	subjectB	sample2	chr21+25019005	125	5	5	TCTGCGCGCTCGCTCGCTCA
test	subjectB	sample2	chr15+20901038	125	5	5	TCTGCGCGCTCGCTCGCTCA
test	subjectB	sample2	chr4+16168982	125	5	5	TCTGCGCGCTCGCTCGCTCA
test	subjectB	sample2	chr3-64897290	125	5	5	TCTGCGCGCTCGCTCGCTCA
test	subjectB	sample2	chr17+61632846	125	5	5	TCTGCGCGCTCGCTCGCTCA
test	subjectB	sample2	chr8-98163789	125	5	5	TCTGCGCGCTCGCTCGCTCA
test	subjectB	sample2	chr20+12471804	125	5	5	TCTGCGCGCTCGCTCGCTCA
test	subjectB	sample2	chr15-95909320	125	5	5	TCTGCGCGCTCGCTCGCTCA
test	subjectB	sample2	chr18-70259869	125	5	5	TCTGCGCGCTCGCTCGCTCA
test	subjectB	sample2	chr17-49427913	125	5	5	TCTGCGCGCTCGCTCGCTCA
test	subjectB	sample2	chr4-66514580	125	5	5	TCTGCGCGCTCGCTCGCTCA
test	subjectB	sample2	chr4+23042602	125	5	5	TCTGCGCGCTCGCTCGCTCA
test	subjectB	sample2	chr6+26653597	125	5	5	TCTGCGCGCTCGCTCGCTCA
test	subjectB	sample2	chr13+94593412	125	5	5	TCTGCGCGCTCGCTCGCTCA
test	subjectB	sample2	chr2-114971067	125	5	5	TCTGCGCGCTCGCTCGCTCA
test	subjectB	sample2	chr1+49553191	125	5	5	TCTGCGCGCTCGCTCGCTCA
test	subjectB	sample2	chr10+92909116	125	5	5	TCTGCGCGCTCGCTCGCTCA
test	subjectB	sample2	chr11-34662707	125	5	5	TCTGCGCGCTCGCTCGCTCA
test	subjectB	sample2	chr17+70543101	125	5	5	TCTGCGCGCTCGCTCGCTCA
test	subjectB	sample2	chr15-72456868	125	5	5	TCTGCGCGCTCGCTCGCTCA
test	subjectB	sample2	chr21+19123357	125	5	5	TCTGCGCGCTCGCTCGCTCA
test	subjectB	sample2	chr16-34062575	125	5	5	TCTGCGCGCTCGCTCGCTCA
test	subjectB	sample2	chr8+101442561	125	5	5	TCTGCGCGCTCGCTCGCTCA
test	subjectB	sample2	chr19-31719951	125	5	5	TCTGCGCGCTCGCTCGCTCA
test	subjectB	sample2	chr22+41813645	125	5	5	TCTGCGCGCTCGCTCGCTCA
test	subjectB	sample2	chr20+64005446	125	5	5	TCTGCGCGCTCGCTCGCTCA
test	subjectB	sample2	chr6-166765472	125	5	5	TCTGCGCGCTCGCTCGCTCA
test	subjectB	sample2	chr14+41021945	125	5	5	TCTGCGCGCTCGCTCGCTCA
test	subjectB	sample2	chr17-28981118	125	5	5	TCTGCGCGCTCGCTCGCTCA
test	subjectB	sample2	chr21+41873858	125	5	5	TCTGCGCGCTCGCTCGCTCA
test	subjectB	sample2	chr22+32628597	125	5	5	TCTGCGCGCTCGCTCGCTCA
test	subjectB	sample2	chr20-54100979	125	5	5	TCTGCGCGCTCGCTCGCTCA
test	subjectB	sample2	chr10+2052317	125	5	5	TCTGCGCGCTCGCTCGCTCA
test	subjectB	sample2	chr19-27266133	125	5	5	TCTGCGCGCTCGCTCGCTCA
test	subjectB	sample2	chr9-95372254	125	5	5	TCTGCGCGCTCGCTCGCTCA
test	subjectB	sample2	chr4+136638742	125	5	5	TCTGCGCGCTCGCTCGCTCA
test	subjectB	sample2	chr22-19485065	125	5	5	TCTGCGCGCTCGCTCGCTCA
test	subjectB	sample2	chr1-214438814	125	5	5	TCTGCGCGCTCGCTCGCTCA
test	subjectB	sample2	chr19+11833512	125	5	5	TCTGCGCGCTCGCTCGCTCA
test	subjectB	sample2	chr5+134172388	125	5	5	TCTGCGCGCTCGCTCGCTCA
test	subjectB	sample2	chr1-60851092	125	5	5	TCTGCGCGCTCGCTCGCTCA
test	subjectB	sample2	chrX+49868496	125	5	5	TCTGCGCGCTCGCTCGCTCA
test	subjectB	sample2	chr3+166911341	125	5	5	TCTGCGCGCTCGCTCGCTCA
test	subjectB	sample2	chr9-113097287	125	5	5	TCTGCGCGCTCGCTCGCTCA
test	subjectB	sample2	chr4-70813056	125	5	5	TCTGCGCGCTCGCTCGCTCA
test	subjectB	sample2	chr7-86283436	125	5	5	TCTGCGCGCTCGCTCGCTCA
test	subjectB	sample2	chr13-29444868	125	5	5	TCTGCGCGCTCGCTCGCTCA
test	subjectB	sample2	chr3-35814942	125	5	5	TCTGCGCGCTCGCTCGCTCA
test	subjectB	sample2	chr4+137583831	125	5	5	TCTGCGCGCTCGCTCGCTCA
test	subjectB	sample2	chr17+6606341	125	5	5	TCTGCGCGCTCGCTCGCTCA
test	subjectB	sample2	chr19-10837979	125	5	5	TCTGCGCGCTCGCTCGCTCA
test	subjectB	sample2	chr18+78277057	125	5	5	TCTGCGCGCTCGCTCGCTCA
test	subjectB	sample2	chr2+224214935	125	5	5	TCTGCGCGCTCGCTCGCTCA
test	subjectB	sample2	chr2+47323721	125	5	5	TCTGCGCGCTCGCTCGCTCA
test	subjectB	sample2	chr9-118922752	125	5	5	TCTGCGCGCTCGCTCGCTCA
test	subjectB	sample2	chrX+40111626	125	5	5	TCTGCGCGCTCGCTCGCTCA
test	subjectB	sample2	chr11+11584392	125	5	5	TCTGCGCGCTCGCTCGCTCA
test	subjectB	sample2	chr18+14675101	125	5	5	TCTGCGCGCTCGCTCGCTCA
test	subjectB	sample2	chr17-29749184	125	5	5	TCTGCGCGCTCGCTCGCTCA
test	subjectB	sample2	chr13+82103273	125	5	5	TCTGCGCGCTCGCTCGCTCA
test	subjectB	sample2	chrX+126345631	125	5	5	TCTGCGCGCTCGCTCGCTCA
test	subjectB	sample2	chr21+8870837	125	5	5	TCTGCGCGCTCGCTCGCTCA
test	subjectB	sample2	chr4+21935371	125	5	5	TCTGCGCGCTCGCTCGCTCA
test	subjectB	sample2	chr17+47150483	125	5	5	TCTGCGCGCTCGCTCGCTCA
test	subjectB	sample2	chr20+62829266	125	5	5	TCTGCGCGCTCGCTCGCTCA
test	subjectB	sample2	chr12+77371706	125	5	5	TCTGCGCGCTCGCTCGCTCA
test	subjectB	sample2	chr6-19216500	125	5	5	TCTGCGCGCTCGCTCGCTCA
test	subjectB	sample2	chr14-73621928	125	5	5	TCTGCGCGCTCGCTCGCTCA
test	subjectB	sample2	chr20-2250400	125	5	5	TCTGCGCGCTCGCTCGCTCA
test	subjectB	sample2	chr22+35726545	125	5	5	TCTGCGCGCTCGCTCGCTCA
test	subjectB	sample2	chr7-57169005	125	5	5	TCTGCGCGCTCGCTCGCTCA
test	subjectB	sample2	chr6-14784557	125	5	5	TCTGCGCGCTCGCTCGCTCA
test	subjectB	sample2	chr6+27606772	125	5	5	TCTGCGCGCTCGCTCGCTCA
test	subjectB	sample2	chr10-132944700	125	5	5	TCTGCGCGCTCGCTCGCTCA
test	subjectB	sample2	chr20+9032649	125	5	5	TCTGCGCGCTCGCTCGCTCA
test	subjectB	sample2	chr2-233932365	125	5	5	TCTGCGCGCTCGCTCGCTCA
test	subjectB	sample2	chr9+83965176	125	5	5	TCTGCGCGCTCGCTCGCTCA
test	subjectB	sample2	chr1-155537113	125	5	5	TCTGCGCGCTCGCTCGCTCA
test	subjectB	sample2	chr14+24202691	125	5	5	TCTGCGCGCTCGCTCGCTCA
test	subjectB	sample2	chr10-14891781	125	5	5	TCTGCGCGCTCGCTCGCTCA
test	subjectB	sample2	chrX+49723212	125	5	5	TCTGCGCGCTCGCTCGCTCA
test	subjectB	sample2	chr16+27919788	125	5	5	TCTGCGCGCTCGCTCGCTCA
test	subjectB	sample2	chr6+9248048	125	5	5	TCTGCGCGCTCGCTCGCTCA
test	subjectB	sample2	chr19+55103698	125	5	5	TCTGCGCGCTCGCTCGCTCA
test	subjectB	sample2	chrX+60828391	125	5	5	TCTGCGCGCTCGCTCGCTCA
test	subjectB	sample2	chr5+157731511	125	5	5	TCTGCGCGCTCGCTCGCTCA
test	subjectB	sample2	chr21+42236339	125	5	5	TCTGCGCGCTCGCTCGCTCA
test	subjectB	sample2	chrX+64225080	125	5	5	TCTGCGCGCTCGCTCGCTCA
test	subjectB	sample2	chr13-68024868	125	5	5	TCTGCGCGCTCGCTCGCTCA
test	subjectB	sample2	chr15+62687440	125	5	5	TCTGCGCGCTCGCTCGCTCA
test	subjectB	sample2	chrX-102442749	125	5	5	TCTGCGCGCTCGCTCGCTCA
test	subjectB	sample2	chr9+43780791	125	5	5	TCTGCGCGCTCGCTCGCTCA
test	subjectB	sample2	chr4-80395789	125	5	5	TCTGCGCGCTCGCTCGCTCA
test	subjectB	sample2	chr11+125606784	125	5	5	TCTGCGCGCTCGCTCGCTCA
test	subjectB	sample2	chr3+9856895	125	5	5	TCTGCGCGCTCGCTCGCTCA
test	subjectB	sample2	chr11-89141319	125	5	5	TCTGCGCGCTCGCTCGCTCA
test	subjectB	sample2	chr20-24379241	125	5	5	TCTGCGCGCTCGCTCGCTCA
test	subjectB	sample2	chr6+136496262	125	5	5	TCTGCGCGCTCGCTCGCTCA
test	subjectB	sample2	chr4-165315422	125	5	5	TCTGCGCGCTCGCTCGCTCA
test	subjectB	sample2	chr15-48795784	125	5	5	TCTGCGCGCTCGCTCGCTCA
test	subjectB	sample2	chr8+135013249	125	5	5	TCTGCGCGCTCGCTCGCTCA
test	subjectB	sample2	chr4-47605585	125	5	5	TCTGCGCGCTCGCTCGCTCA
test	subjectB	sample2	chr5-96538508	125	5	5	TCTGCGCGCTCGCTCGCTCA
test	subjectB	sample2	chr18+11154696	125	5	5	TCTGCGCGCTCGCTCGCTCA
test	subjectB	sample2	chr10+105120733	125	5	5	TCTGCGCGCTCGCTCGCTCA
test	subjectB	sample2	chr16-13675486	125	5	5	TCTGCGCGCTCGCTCGCTCA
test	subjectB	sample2	chr19+34328631	125	5	5	TCTGCGCGCTCGCTCGCTCA
test	subjectB	sample2	chr20+37704784	125	5	5	TCTGCGCGCTCGCTCGCTCA
test	subjectB	sample2	chr14-27956404	125	5	5	TCTGCGCGCTCGCTCGCTCA
test	subjectB	sample2	chr15+75039037	125	5	5	TCTGCGCGCTCGCTCGCTCA
test	subjectB	sample2	chr21-7554640	125	5	5	TCTGCGCGCTCGCTCGCTCA
test	subjectB	sample2	chr7-118517023	125	5	5	TCTGCGCGCTCGCTCGCTCA
test	subjectB	sample2	chr21+24659318	125	5	5	TCTGCGCGCTCGCTCGCTCA
test	subjectB	sample2	chr18+63441300	125	5	5	TCTGCGCGCTCGCTCGCTCA
test	subjectB	sample2	chr9+104627530	125	5	5	TCTGCGCGCTCGCTCGCTCA
test	subjectB	sample2	chr11-21388695	125	5	5	TCTGCGCGCTCGCTCGCTCA
test	subjectB	sample2	chr17+46854977	125	5	5	TCTGCGCGCTCGCTCGCTCA
test	subjectB	sample2	chr6+86007553	125	5	5	TCTGCGCGCTCGCTCGCTCA
test	subjectB	sample2	chr8+101659665	125	5	5	TCTGCGCGCTCGCTCGCTCA
test	subjectB	sample2	chr17-80222100	125	5	5	TCTGCGCGCTCGCTCGCTCA
test	subjectB	sample2	chr19-18728817	125	5	5	TCTGCGCGCTCGCTCGCTCA
test	subjectB	sample2	chr9+110044359	125	5	5	TCTGCGCGCTCGCTCGCTCA
test	subjectB	sample2	chr13-86508437	125	5	5	TCTGCGCGCTCGCTCGCTCA
test	subjectB	sample2	chr13-73637873	125	5	5	TCTGCGCGCTCGCTCGCTCA
test	subjectB	sample2	chr6-9964550	125	5	5	TCTGCGCGCTCGCTCGCTCA
test	subjectB	sample2	chr6-97321940	125	5	5	TCTGCGCGCTCGCTCGCTCA
test	subjectB	sample2	chr11+32547354	125	5	5	TCTGCGCGCTCGCTCGCTCA
test	subjectB	sample2	chr6-139785835	125	5	5	TCTGCGCGCTCGCTCGCTCA
test	subjectB	sample2	chr21+14324031	125	5	5	TCTGCGCGCTCGCTCGCTCA
test	subjectB	sample2	chr7+77311152	125	5	5	TCTGCGCGCTCGCTCGCTCA
test	subjectB	sample2	chr7+23877905	125	5	5	TCTGCGCGCTCGCTCGCTCA
test	subjectB	sample2	chr13+80598166	125	5	5	TCTGCGCGCTCGCTCGCTCA
test	subjectB	sample2	chr8-99850447	125	5	5	TCTGCGCGCTCGCTCGCTCA
test	subjectB	sample2	chr14-100726888	125	5	5	TCTGCGCGCTCGCTCGCTCA
test	subjectB	sample2	chr16-52416656	125	5	5	TCTGCGCGCTCGCTCGCTCA
test	subjectB	sample2	chr6-63791796	125	5	5	TCTGCGCGCTCGCTCGCTCA
test	subjectB	sample2	chr5+65886945	125	5	5	TCTGCGCGCTCGCTCGCTCA
test	subjectB	sample2	chrX-108794339	125	5	5	TCTGCGCGCTCGCTCGCTCA
test	subjectB	sample2	chr5+150156403	125	5	5	TCTGCGCGCTCGCTCGCTCA
test	subjectB	sample2	chr12+25000621	125	5	5	TCTGCGCGCTCGCTCGCTCA
test	subjectB	sample2	chr3-121444215	125	5	5	TCTGCGCGCTCGCTCGCTCA
test	subjectB	sample2	chrX-123730584	125	5	5	TCTGCGCGCTCGCTCGCTCA
test	subjectB	sample2	chr14-44504812	125	5	5	TCTGCGCGCTCGCTCGCTCA
test	subjectB	sample2	chr21-8032017	125	5	5	TCTGCGCGCTCGCTCGCTCA
test	subjectB	sample2	chr15+77374405	125	5	5	TCTGCGCGCTCGCTCGCTCA
test	subjectB	sample2	chr20-19627929	125	5	5	TCTGCGCGCTCGCTCGCTCA
test	subjectB	sample2	chr16+73016217	125	5	5	TCTGCGCGCTCGCTCGCTCA
test	subjectB	sample2	chr21+18035849	125	5	5	TCTGCGCGCTCGCTCGCTCA
test	subjectB	sample2	chr17+5417009	125	5	5	TCTGCGCGCTCGCTCGCTCA
test	subjectB	sample2	chr20+57580869	125	5	5	TCTGCGCGCTCGCTCGCTCA
test	subjectB	sample2	chr2-149263009	125	5	5	TCTGCGCGCTCGCTCGCTCA
test	subjectB	sample2	chr22-11574190	125	5	5	TCTGCGCGCTCGCTCGCTCA
test	subjectB	sample2	chr13+34915791	125	5	5	TCTGCGCGCTCGCTCGCTCA
test	subjectB	sample2	chr7+158303101	125	5	5	TCTGCGCGCTCGCTCGCTCA
test	subjectB	sample2	chr16+50352300	125	5	5	TCTGCGCGCTCGCTCGCTCA
test	subjectB	sample2	chr8-110631975	125	5	5	TCTGCGCGCTCGCTCGCTCA
test	subjectB	sample2	chr12-108917613	125	5	5	TCTGCGCGCTCGCTCGCTCA
test	subjectB	sample2	chrX-54244960	125	5	5	TCTGCGCGCTCGCTCGCTCA
test	subjectB	sample2	chr7-134387147	125	5	5	TCTGCGCGCTCGCTCGCTCA
test	subjectB	sample2	chr6-9883881	125	5	5	TCTGCGCGCTCGCTCGCTCA
test	subjectB	sample2	chrX+65758951	125	5	5	TCTGCGCGCTCGCTCGCTCA
test	subjectB	sample2	chr15-57661956	125	5	5	TCTGCGCGCTCGCTCGCTCA
test	subjectB	sample2	chr1-34389249	125	5	5	TCTGCGCGCTCGCTCGCTCA
test	subjectB	sample2	chr7+107653265	125	5	5	TCTGCGCGCTCGCTCGCTCA
test	subjectB	sample2	chr18-23209494	125	5	5	TCTGCGCGCTCGCTCGCTCA
test	subjectB	sample2	chr7+6207470	125	5	5	TCTGCGCGCTCGCTCGCTCA
test	subjectB	sample2	chr7+148707038	125	5	5	TCTGCGCGCTCGCTCGCTCA
test	subjectB	sample2	chr2+230866740	125	5	5	TCTGCGCGCTCGCTCGCTCA
test	subjectB	sample2	chr21-11394252	125	5	5	TCTGCGCGCTCGCTCGCTCA
test	subjectB	sample2	chr3+54247245	125	5	5	TCTGCGCGCTCGCTCGCTCA
test	subjectB	sample2	chr22-45086030	125	5	5	TCTGCGCGCTCGCTCGCTCA
test	subjectB	sample2	chr15-47688167	125	5	5	TCTGCGCGCTCGCTCGCTCA
test	subjectB	sample2	chr18-22675331	125	5	5	TCTGCGCGCTCGCTCGCTCA
test	subjectB	sample2	chr3-59846102	125	5	5	TCTGCGCGCTCGCTCGCTCA
test	subjectB	sample2	chr16+81507226	125	5	5	TCTGCGCGCTCGCTCGCTCA
test	subjectB	sample2	chr2+95128385	125	5	5	TCTGCGCGCTCGCTCGCTCA
test	subjectB	sample2	chr1-111138342	125	5	5	TCTGCGCGCTCGCTCGCTCA
test	subjectB	sample2	chrX-11136895	125	5	5	TCTGCGCGCTCGCTCGCTCA
test	subjectB	sample2	chr12+61994180	125	5	5	TCTGCGCGCTCGCTCGCTCA
test	subjectB	sample2	chr10+113071324	125	5	5	TCTGCGCGCTCGCTCGCTCA
test	subjectB	sample2	chr17-67471208	125	5	5	TCTGCGCGCTCGCTCGCTCA
test	subjectB	sample2	chr10+97376326	125	5	5	TCTGCGCGCTCGCTCGCTCA
test	subjectB	sample2	chr17-51951951	125	5	5	TCTGCGCGCTCGCTCGCTCA
test	subjectB	sample2	chr8-136943613	125	5	5	TCTGCGCGCTCGCTCGCTCA
test	subjectB	sample2	chr12+91018038	125	5	5	TCTGCGCGCTCGCTCGCTCA
test	subjectB	sample2	chr8-138326624	125	5	5	TCTGCGCGCTCGCTCGCTCA
test	subjectB	sample2	chr8-32545237	125	5	5	TCTGCGCGCTCGCTCGCTCA
test	subjectB	sample2	chr16+86864728	125	5	5	TCTGCGCGCTCGCTCGCTCA
test	subjectB	sample2	chr14-86354211	125	5	5	TCTGCGCGCTCGCTCGCTCA
test	subjectB	sample2	chr15+22221637	125	5	5	TCTGCGCGCTCGCTCGCTCA
test	subjectB	sample2	chr9+66364085	125	5	5	TCTGCGCGCTCGCTCGCTCA
test	subjectB	sample2	chr19-41924870	125	5	5	TCTGCGCGCTCGCTCGCTCA
test	subjectB	sample2	chr9+6850798	125	5	5	TCTGCGCGCTCGCTCGCTCA
test	subjectB	sample2	chr5-70726176	125	5	5	TCTGCGCGCTCGCTCGCTCA
test	subjectB	sample2	chr19+41998016	125	5	5	TCTGCGCGCTCGCTCGCTCA
test	subjectB	sample2	chr15-35557171	125	5	5	TCTGCGCGCTCGCTCGCTCA
test	subjectB	sample2	chr19+56991623	125	5	5	TCTGCGCGCTCGCTCGCTCA
test	subjectB	sample2	chr19-11613752	125	5	5	TCTGCGCGCTCGCTCGCTCA
test	subjectB	sample2	chr20-55120128	125	5	5	TCTGCGCGCTCGCTCGCTCA
test	subjectB	sample2	chr5-20745816	125	5	5	TCTGCGCGCTCGCTCGCTCA
test	subjectB	sample2	chr22+46415348	125	5	5	TCTGCGCGCTCGCTCGCTCA
test	subjectB	sample2	chr21-34541552	125	5	5	TCTGCGCGCTCGCTCGCTCA
test	subjectB	sample2	chr22-44747881	125	5	5	TCTGCGCGCTCGCTCGCTCA
test	subjectB	sample2	chr12-30143627	125	5	5	TCTGCGCGCTCGCTCGCTCA
test	subjectB	sample2	chr13+34957920	125	5	5	TCTGCGCGCTCGCTCGCTCA
test	subjectB	sample2	chr21-40391611	125	5	5	TCTGCGCGCTCGCTCGCTCA
test	subjectB	sample2	chr19-2179393	125	5	5	TCTGCGCGCTCGCTCGCTCA
test	subjectB	sample2	chr17+74327573	125	5	5	TCTGCGCGCTCGCTCGCTCA
test	subjectB	sample2	chr2+3122020	125	5	5	TCTGCGCGCTCGCTCGCTCA
test	subjectB	sample2	chr8+7001050	125	5	5	TCTGCGCGCTCGCTCGCTCA
test	subjectB	sample2	chrX-15042912	125	5	5	TCTGCGCGCTCGCTCGCTCA
test	subjectB	sample2	chr11-11760475	125	5	5	TCTGCGCGCTCGCTCGCTCA
test	subjectB	sample2	chr4-168532580	125	5	5	TCTGCGCGCTCGCTCGCTCA
test	subjectB	sample2	chr22-33773961	125	5	5	TCTGCGCGCTCGCTCGCTCA
test	subjectB	sample2	chr19-52501771	125	5	5	TCTGCGCGCTCGCTCGCTCA
test	subjectB	sample2	chr16+66035147	125	5	5	TCTGCGCGCTCGCTCGCTCA
test	subjectB	sample2	chr11-109130165	125	5	5	TCTGCGCGCTCGCTCGCTCA
test	subjectB	sample2	chr2-130659790	125	5	5	TCTGCGCGCTCGCTCGCTCA
test	subjectB	sample2	chr17-31982544	125	5	5	TCTGCGCGCTCGCTCGCTCA
test	subjectB	sample2	chr4+157678775	125	5	5	TCTGCGCGCTCGCTCGCTCA
test	subjectB	sample2	chr16-77504219	125	5	5	TCTGCGCGCTCGCTCGCTCA
test	subjectB	sample2	chr14+54639438	125	5	5	TCTGCGCGCTCGCTCGCTCA
test	subjectB	sample2	chr14+36179390	125	5	5	TCTGCGCGCTCGCTCGCTCA
test	subjectB	sample2	chr14+22160243	125	5	5	TCTGCGCGCTCGCTCGCTCA
test	subjectB	sample2	chr17+59813798	125	5	5	TCTGCGCGCTCGCTCGCTCA
test	subjectB	sample2	chr1-154110084	125	5	5	TCTGCGCGCTCGCTCGCTCA
test	subjectB	sample2	chr14+57320495	125	5	5	TCTGCGCGCTCGCTCGCTCA
test	subjectB	sample2	chr4-113750066	125	5	5	TCTGCGCGCTCGCTCGCTCA
test	subjectB	sample2	chr2+135792313	125	5	5	TCTGCGCGCTCGCTCGCTCA
test	subjectB	sample2	chr2-153309025	125	5	5	TCTGCGCGCTCGCTCGCTCA
test	subjectB	sample2	chr18-35015938	125	5	5	TCTGCGCGCTCGCTCGCTCA
test	subjectB	sample2	chr11-80721472	125	5	5	TCTGCGCGCTCGCTCGCTCA
test	subjectB	sample2	chr10-14190215	125	5	5	TCTGCGCGCTCGCTCGCTCA
test	subjectB	sample2	chr16-34665094	125	5	5	TCTGCGCGCTCGCTCGCTCA
test	subjectB	sample2	chr17+19172808	125	5	5	TCTGCGCGCTCGCTCGCTCA
test	subjectB	sample2	chrX-110747752	125	5	5	TCTGCGCGCTCGCTCGCTCA
test	subjectB	sample2	chr15+41927423	125	5	5	TCTGCGCGCTCGCTCGCTCA
test	subjectB	sample2	chr18+72153259	125	5	5	TCTGCGCGCTCGCTCGCTCA
test	subjectB	sample2	chr17-56829492	125	5	5	TCTGCGCGCTCGCTCGCTCA
test	subjectB	sample2	chrX-84921818	125	5	5	TCTGCGCGCTCGCTCGCTCA
test	subjectB	sample2	chr5+173491658	125	5	5	TCTGCGCGCTCGCTCGCTCA
test	subjectB	sample2	chr22-20619194	125	5	5	TCTGCGCGCTCGCTCGCTCA
test	subjectB	sample2	chr17+62011919	125	5	5	TCTGCGCGCTCGCTCGCTCA
test	subjectB	sample2	chr20+17482736	125	5	5	TCTGCGCGCTCGCTCGCTCA
test	subjectB	sample2	chr19-58042537	125	5	5	TCTGCGCGCTCGCTCGCTCA
test	subjectB	sample2	chr19+42207717	125	5	5	TCTGCGCGCTCGCTCGCTCA
test	subjectB	sample2	chr5-29381	125	5	5	TCTGCGCGCTCGCTCGCTCA
test	subjectB	sample2	chr17+13430963	125	5	5	TCTGCGCGCTCGCTCGCTCA
test	subjectB	sample2	chr16-14669685	125	5	5	TCTGCGCGCTCGCTCGCTCA
test	subjectB	sample2	chr7+90726300	125	5	5	TCTGCGCGCTCGCTCGCTCA
test	subjectB	sample2	chr7+98682448	125	5	5	TCTGCGCGCTCGCTCGCTCA
test	subjectB	sample2	chr12+92482389	125	5	5	TCTGCGCGCTCGCTCGCTCA
test	subjectB	sample2	chr19-526253	125	5	5	TCTGCGCGCTCGCTCGCTCA
test	subjectB	sample2	chr14+53345927	125	5	5	TCTGCGCGCTCGCTCGCTCA
test	subjectB	sample2	chr4+177642365	125	5	5	TCTGCGCGCTCGCTCGCTCA
test	subjectB	sample2	chr14-105470746	125	5	5	TCTGCGCGCTCGCTCGCTCA
test	subjectB	sample2	chr7+2177366	125	5	5	TCTGCGCGCTCGCTCGCTCA
test	subjectB	sample2	chr16-34343652	125	5	5	TCTGCGCGCTCGCTCGCTCA
test	subjectB	sample2	chr4+103221025	125	5	5	TCTGCGCGCTCGCTCGCTCA
test	subjectB	sample2	chr11-6549917	125	5	5	TCTGCGCGCTCGCTCGCTCA
test	subjectB	sample2	chr8+19548181	125	5	5	TCTGCGCGCTCGCTCGCTCA
test	subjectB	sample2	chr12+130766669	125	5	5	TCTGCGCGCTCGCTCGCTCA
test	subjectB	sample2	chr2+114960441	125	5	5	TCTGCGCGCTCGCTCGCTCA
test	subjectB	sample2	chr17-1455920	125	5	5	TCTGCGCGCTCGCTCGCTCA
test	subjectB	sample2	chr12+105248203	125	5	5	TCTGCGCGCTCGCTCGCTCA
test	subjectB	sample2	chr16+36778004	125	5	5	TCTGCGCGCTCGCTCGCTCA
test	subjectB	sample2	chr19-26942980	125	5	5	TCTGCGCGCTCGCTCGCTCA
test	subjectB	sample2	chr1-178701647	125	5	5	TCTGCGCGCTCGCTCGCTCA
test	subjectB	sample2	chr12+4305532	125	5	5	TCTGCGCGCTCGCTCGCTCA
test	subjectB	sample2	chr10-94269785	125	5	5	TCTGCGCGCTCGCTCGCTCA
test	subjectB	sample2	chr8-133021176	125	5	5	TCTGCGCGCTCGCTCGCTCA
test	subjectB	sample2	chr8-141804291	125	5	5	TCTGCGCGCTCGCTCGCTCA
test	subjectB	sample2	chr10+113113235	125	5	5	TCTGCGCGCTCGCTCGCTCA
test	subjectB	sample2	chr14-48573779	125	5	5	TCTGCGCGCTCGCTCGCTCA
test	subjectB	sample2	chr12-105683831	125	5	5	TCTGCGCGCTCGCTCGCTCA
test	subjectB	sample2	chr6+157710449	125	5	5	TCTGCGCGCTCGCTCGCTCA
test	subjectB	sample2	chr5-55198377	125	5	5	TCTGCGCGCTCGCTCGCTCA
test	subjectB	sample2	chrX+54763957	125	5	5	TCTGCGCGCTCGCTCGCTCA
test	subjectB	sample2	chr3-185262785	125	5	5	TCTGCGCGCTCGCTCGCTCA
test	subjectB	sample2	chr11-82108825	125	5	5	TCTGCGCGCTCGCTCGCTCA
test	subjectB	sample2	chr19-31875419	125	5	5	TCTGCGCGCTCGCTCGCTCA
test	subjectB	sample2	chr2-226515845	125	5	5	TCTGCGCGCTCGCTCGCTCA
test	subjectB	sample2	chr9+132452794	125	5	5	TCTGCGCGCTCGCTCGCTCA
test	subjectB	sample2	chr1+65237905	125	5	5	TCTGCGCGCTCGCTCGCTCA
test	subjectB	sample2	chr9-123234482	125	5	5	TCTGCGCGCTCGCTCGCTCA
test	subjectB	sample2	chr20-2236449	125	5	5	TCTGCGCGCTCGCTCGCTCA
test	subjectB	sample2	chr17-75147453	125	5	5	TCTGCGCGCTCGCTCGCTCA
test	subjectB	sample2	chr3+2590532	125	5	5	TCTGCGCGCTCGCTCGCTCA
test	subjectB	sample2	chr11+86699151	125	5	5	TCTGCGCGCTCGCTCGCTCA
test	subjectB	sample2	chr13-55507932	125	5	5	TCTGCGCGCTCGCTCGCTCA
test	subjectB	sample2	chr21+7642180	125	5	5	TCTGCGCGCTCGCTCGCTCA
test	subjectB	sample2	chr1-15871077	125	5	5	TCTGCGCGCTCGCTCGCTCA
test	subjectB	sample2	chr3+24468120	125	5	5	TCTGCGCGCTCGCTCGCTCA
test	subjectB	sample2	chr20-15962065	125	5	5	TCTGCGCGCTCGCTCGCTCA
test	subjectB	sample2	chr7+98835554	125	5	5	TCTGCGCGCTCGCTCGCTCA
test	subjectB	sample2	chr16+12809989	125	5	5	TCTGCGCGCTCGCTCGCTCA
test	subjectB	sample2	chr3+190490696	125	5	5	TCTGCGCGCTCGCTCGCTCA
test	subjectB	sample2	chr18-37914854	125	5	5	TCTGCGCGCTCGCTCGCTCA
test	subjectB	sample2	chr3-101005940	125	5	5	TCTGCGCGCTCGCTCGCTCA
test	subjectB	sample2	chr12+104013045	125	5	5	TCTGCGCGCTCGCTCGCTCA
test	subjectB	sample2	chr20+44286043	125	5	5	TCTGCGCGCTCGCTCGCTCA
test	subjectB	sample2	chr21-29179028	125	5	5	TCTGCGCGCTCGCTCGCTCA
test	subjectB	sample2	chr4+69324260	125	5	5	TCTGCGCGCTCGCTCGCTCA
test	subjectB	sample2	chr13-41968550	125	5	5	TCTGCGCGCTCGCTCGCTCA
test	subjectB	sample2	chr10-43193847	125	5	5	TCTGCGCGCTCGCTCGCTCA
test	subjectB	sample2	chr20+25767593	125	5	5	TCTGCGCGCTCGCTCGCTCA
test	subjectB	sample2	chr13-70309548	125	5	5	TCTGCGCGCTCGCTCGCTCA
test	subjectB	sample2	chr4-9431909	125	5	5	TCTGCGCGCTCGCTCGCTCA
test	subjectB	sample2	chr4+117556757	125	5	5	TCTGCGCGCTCGCTCGCTCA
test	subjectB	sample2	chr22-37475178	125	5	5	TCTGCGCGCTCGCTCGCTCA
test	subjectB	sample2	chr10+40647860	125	5	5	TCTGCGCGCTCGCTCGCTCA
test	subjectB	sample2	chr4-63178762	125	5	5	TCTGCGCGCTCGCTCGCTCA
test	subjectB	sample2	chr3+70756254	125	5	5	TCTGCGCGCTCGCTCGCTCA
test	subjectB	sample2	chr11-108757121	125	5	5	TCTGCGCGCTCGCTCGCTCA
test	subjectB	sample2	chr12-52855881	125	5	5	TCTGCGCGCTCGCTCGCTCA
test	subjectB	sample2	chr1-96893451	125	5	5	TCTGCGCGCTCGCTCGCTCA
test	subjectB	sample2	chr8-124537467	125	5	5	TCTGCGCGCTCGCTCGCTCA
test	subjectB	sample2	chr12+120099931	125	5	5	TCTGCGCGCTCGCTCGCTCA
test	subjectB	sample2	chr21+26105886	125	5	5	TCTGCGCGCTCGCTCGCTCA
test	subjectB	sample2	chrX-118740313	125	5	5	TCTGCGCGCTCGCTCGCTCA
test	subjectB	sample2	chr9-130587367	125	5	5	TCTGCGCGCTCGCTCGCTCA
test	subjectB	sample2	chr2-42831714	125	5	5	TCTGCGCGCTCGCTCGCTCA
test	subjectB	sample2	chrX+130367347	125	5	5	TCTGCGCGCTCGCTCGCTCA
test	subjectB	sample2	chr1+100834777	125	5	5	TCTGCGCGCTCGCTCGCTCA
test	subjectB	sample2	chr6-66343298	125	5	5	TCTGCGCGCTCGCTCGCTCA
test	subjectB	sample2	chr2+3691216	125	5	5	TCTGCGCGCTCGCTCGCTCA
test	subjectB	sample2	chr14-81050055	125	5	5	TCTGCGCGCTCGCTCGCTCA
test	subjectB	sample2	chr20-61446863	125	5	5	TCTGCGCGCTCGCTCGCTCA
test	subjectB	sample2	chrX-45552872	125	5	5	TCTGCGCGCTCGCTCGCTCA
test	subjectB	sample2	chr17-20951712	125	5	5	TCTGCGCGCTCGCTCGCTCA
test	subjectB	sample2	chr16+28299447	125	5	5	TCTGCGCGCTCGCTCGCTCA
test	subjectB	sample2	chr7-81290260	125	5	5	TCTGCGCGCTCGCTCGCTCA
test	subjectB	sample2	chr19-32388015	125	5	5	TCTGCGCGCTCGCTCGCTCA
test	subjectB	sample2	chr14+27006656	125	5	5	TCTGCGCGCTCGCTCGCTCA
test	subjectB	sample2	chrX+22845223	125	5	5	TCTGCGCGCTCGCTCGCTCA
test	subjectB	sample2	chr7-24876822	125	5	5	TCTGCGCGCTCGCTCGCTCA
test	subjectB	sample2	chr7-78061332	125	5	5	TCTGCGCGCTCGCTCGCTCA
test	subjectB	sample2	chr19+9204287	125	5	5	TCTGCGCGCTCGCTCGCTCA
test	subjectB	sample2	chr2-88884936	125	5	5	TCTGCGCGCTCGCTCGCTCA
test	subjectB	sample2	chr13+65072981	125	5	5	TCTGCGCGCTCGCTCGCTCA
test	subjectB	sample2	chr13+59972013	125	5	5	TCTGCGCGCTCGCTCGCTCA
test	subjectB	sample2	chr7-154067984	125	5	5	TCTGCGCGCTCGCTCGCTCA
test	subjectB	sample2	chr19-6205938	125	5	5	TCTGCGCGCTCGCTCGCTCA
test	subjectB	sample2	chr5-39250209	125	5	5	TCTGCGCGCTCGCTCGCTCA
test	subjectB	sample2	chr3-116294741	125	5	5	TCTGCGCGCTCGCTCGCTCA
test	subjectB	sample2	chr8+31304299	125	5	5	TCTGCGCGCTCGCTCGCTCA
test	subjectB	sample2	chr15-76168517	125	5	5	TCTGCGCGCTCGCTCGCTCA
test	subjectB	sample2	chr20+21895314	125	5	5	TCTGCGCGCTCGCTCGCTCA
test	subjectB	sample2	chr19+46173997	125	5	5	TCTGCGCGCTCGCTCGCTCA
test	subjectB	sample2	chr18-71917428	125	5	5	TCTGCGCGCTCGCTCGCTCA
test	subjectB	sample2	chr5+33838100	125	5	5	TCTGCGCGCTCGCTCGCTCA
test	subjectB	sample2	chr12+111456010	125	5	5	TCTGCGCGCTCGCTCGCTCA
test	subjectB	sample2	chr6+92931120	125	5	5	TCTGCGCGCTCGCTCGCTCA
test	subjectB	sample2	chr2-173399426	125	5	5	TCTGCGCGCTCGCTCGCTCA
test	subjectB	sample2	chr6+53527356	125	5	5	TCTGCGCGCTCGCTCGCTCA
test	subjectB	sample2	chr6+43555212	125	5	5	TCTGCGCGCTCGCTCGCTCA
test	subjectB	sample2	chr5-113923003	125	5	5	TCTGCGCGCTCGCTCGCTCA
test	subjectB	sample2	chr9-133835788	125	5	5	TCTGCGCGCTCGCTCGCTCA
test	subjectB	sample2	chr8-80168356	125	5	5	TCTGCGCGCTCGCTCGCTCA
test	subjectB	sample2	chr20+20709130	125	5	5	TCTGCGCGCTCGCTCGCTCA
test	subjectB	sample2	chr8+119624787	125	5	5	TCTGCGCGCTCGCTCGCTCA
test	subjectB	sample2	chr20-48694817	125	5	5	TCTGCGCGCTCGCTCGCTCA
test	subjectB	sample2	chrX-152938308	125	5	5	TCTGCGCGCTCGCTCGCTCA
test	subjectB	sample2	chr9+128137974	125	5	5	TCTGCGCGCTCGCTCGCTCA
test	subjectB	sample2	chr20-32976159	125	5	5	TCTGCGCGCTCGCTCGCTCA
test	subjectB	sample2	chr14+41984133	125	5	5	TCTGCGCGCTCGCTCGCTCA
test	subjectB	sample2	chr7+32982256	125	5	5	TCTGCGCGCTCGCTCGCTCA
test	subjectB	sample2	chr15-100646529	125	5	5	TCTGCGCGCTCGCTCGCTCA
test	subjectB	sample2	chr16+61254459	125	5	5	TCTGCGCGCTCGCTCGCTCA
test	subjectB	sample2	chr17+55232530	125	5	5	TCTGCGCGCTCGCTCGCTCA
test	subjectB	sample2	chr14-31449158	125	5	5	TCTGCGCGCTCGCTCGCTCA
test	subjectB	sample2	chr22-35790473	125	5	5	TCTGCGCGCTCGCTCGCTCA
test	subjectB	sample2	chr3+54708156	125	5	5	TCTGCGCGCTCGCTCGCTCA
test	subjectB	sample2	chr12+106364817	125	5	5	TCTGCGCGCTCGCTCGCTCA
test	subjectB	sample2	chr6+21669998	125	5	5	TCTGCGCGCTCGCTCGCTCA
test	subjectB	sample2	chr6-17634536	125	5	5	TCTGCGCGCTCGCTCGCTCA
test	subjectB	sample2	chr5-9798256	125	5	5	TCTGCGCGCTCGCTCGCTCA
test	subjectB	sample2	chrX-69683228	125	5	5	TCTGCGCGCTCGCTCGCTCA
test	subjectB	sample2	chr3-189559405	125	5	5	TCTGCGCGCTCGCTCGCTCA
test	subjectB	sample2	chr12+52080367	125	5	5	TCTGCGCGCTCGCTCGCTCA
test	subjectB	sample2	chr8-131303061	125	5	5	TCTGCGCGCTCGCTCGCTCA
test	subjectB	sample2	chr10-50175388	125	5	5	TCTGCGCGCTCGCTCGCTCA
test	subjectB	sample2	chr19-46518983	125	5	5	TCTGCGCGCTCGCTCGCTCA
test	subjectB	sample2	chr3-137752527	125	5	5	TCTGCGCGCTCGCTCGCTCA
test	subjectB	sample2	chr17-56074896	125	5	5	TCTGCGCGCTCGCTCGCTCA
test	subjectB	sample2	chr10+112919522	125	5	5	TCTGCGCGCTCGCTCGCTCA
test	subjectB	sample2	chr20+23207841	125	5	5	TCTGCGCGCTCGCTCGCTCA
test	subjectB	sample2	chr13-42689940	125	5	5	TCTGCGCGCTCGCTCGCTCA
test	subjectB	sample2	chr3-157685505	125	5	5	TCTGCGCGCTCGCTCGCTCA
test	subjectB	sample2	chr3-169062957	125	5	5	TCTGCGCGCTCGCTCGCTCA
test	subjectB	sample2	chr12-40137408	125	5	5	TCTGCGCGCTCGCTCGCTCA
test	subjectB	sample2	chr16+64327932	125	5	5	TCTGCGCGCTCGCTCGCTCA
test	subjectB	sample2	chr2-45230309	125	5	5	TCTGCGCGCTCGCTCGCTCA
test	subjectB	sample2	chr20+28665146	125	5	5	TCTGCGCGCTCGCTCGCTCA
test	subjectB	sample2	chr8-48064668	125	5	5	TCTGCGCGCTCGCTCGCTCA
test	subjectB	sample2	chr12+125041375	125	5	5	TCTGCGCGCTCGCTCGCTCA
test	subjectB	sample2	chr8-98141258	125	5	5	TCTGCGCGCTCGCTCGCTCA
test	subjectB	sample2	chr13-60781402	125	5	5	TCTGCGCGCTCGCTCGCTCA
test	subjectB	sample2	chr13-88287858	125	5	5	TCTGCGCGCTCGCTCGCTCA
test	subjectB	sample2	chr20-2464503	125	5	5	TCTGCGCGCTCGCTCGCTCA
test	subjectB	sample2	chr21+29594720	125	5	5	TCTGCGCGCTCGCTCGCTCA
test	subjectB	sample2	chr18+37067624	125	5	5	TCTGCGCGCTCGCTCGCTCA
test	subjectB	sample2	chrX+64136154	125	5	5	TCTGCGCGCTCGCTCGCTCA
test	subjectB	sample2	chr18+28602016	125	5	5	TCTGCGCGCTCGCTCGCTCA
test	subjectB	sample2	chr3+111634403	125	5	5	TCTGCGCGCTCGCTCGCTCA
test	subjectB	sample2	chr1-173839671	125	5	5	TCTGCGCGCTCGCTCGCTCA
test	subjectB	sample2	chr6+44886489	125	5	5	TCTGCGCGCTCGCTCGCTCA
test	subjectB	sample2	chr11-105027968	125	5	5	TCTGCGCGCTCGCTCGCTCA
test	subjectB	sample2	chr8+3447002	125	5	5	TCTGCGCGCTCGCTCGCTCA
test	subjectB	sample2	chr20-12403535	125	5	5	TCTGCGCGCTCGCTCGCTCA
test	subjectB	sample2	chr12+115252373	125	5	5	TCTGCGCGCTCGCTCGCTCA
test	subjectB	sample2	chr11-46921582	125	5	5	TCTGCGCGCTCGCTCGCTCA
test	subjectB	sample2	chr6-6164566	125	5	5	TCTGCGCGCTCGCTCGCTCA
test	subjectB	sample2	chr11-10269510	125	5	5	TCTGCGCGCTCGCTCGCTCA
test	subjectB	sample2	chr22+19306397	125	5	5	TCTGCGCGCTCGCTCGCTCA
test	subjectB	sample2	chr13+101162480	125	5	5	TCTGCGCGCTCGCTCGCTCA
test	subjectB	sample2	chr10+111264268	125	5	5	TCTGCGCGCTCGCTCGCTCA
test	subjectB	sample2	chr11+69431186	125	5	5	TCTGCGCGCTCGCTCGCTCA
test	subjectB	sample2	chr4+120735696	125	5	5	TCTGCGCGCTCGCTCGCTCA
test	subjectB	sample2	chrX+93492710	125	5	5	TCTGCGCGCTCGCTCGCTCA
test	subjectB	sample2	chr6-98758468	125	5	5	TCTGCGCGCTCGCTCGCTCA
test	subjectB	sample2	chr7+130268924	125	5	5	TCTGCGCGCTCGCTCGCTCA
test	subjectB	sample2	chr13-38053165	125	5	5	TCTGCGCGCTCGCTCGCTCA
test	subjectB	sample2	chr7-47566744	125	5	5	TCTGCGCGCTCGCTCGCTCA
test	subjectB	sample2	chr3-24283031	125	5	5	TCTGCGCGCTCGCTCGCTCA
test	subjectB	sample2	chr8-380506	125	5	5	TCTGCGCGCTCGCTCGCTCA
test	subjectB	sample2	chr5+36955864	125	5	5	TCTGCGCGCTCGCTCGCTCA
test	subjectB	sample2	chr6-77118968	125	5	5	TCTGCGCGCTCGCTCGCTCA
test	subjectB	sample2	chr21-37785784	125	5	5	TCTGCGCGCTCGCTCGCTCA
test	subjectB	sample2	chr19+57444081	125	5	5	TCTGCGCGCTCGCTCGCTCA
test	subjectB	sample2	chr7+4324342	125	5	5	TCTGCGCGCTCGCTCGCTCA
test	subjectB	sample2	chr15+86161524	125	5	5	TCTGCGCGCTCGCTCGCTCA
test	subjectB	sample2	chr16-12265876	125	5	5	TCTGCGCGCTCGCTCGCTCA
test	subjectB	sample2	chr10-120646338	125	5	5	TCTGCGCGCTCGCTCGCTCA
test	subjectB	sample2	chr21+9089116	125	5	5	TCTGCGCGCTCGCTCGCTCA
test	subjectB	sample2	chr8+42866277	125	5	5	TCTGCGCGCTCGCTCGCTCA
test	subjectB	sample2	chr15+19359200	125	5	5	TCTGCGCGCTCGCTCGCTCA
test	subjectB	sample2	chr16+33849670	125	5	5	TCTGCGCGCTCGCTCGCTCA
test	subjectB	sample2	chr15-67370759	125	5	5	TCTGCGCGCTCGCTCGCTCA
test	subjectB	sample2	chr14+31473131	125	5	5	TCTGCGCGCTCGCTCGCTCA
test	subjectB	sample2	chr3+25914163	125	5	5	TCTGCGCGCTCGCTCGCTCA
test	subjectB	sample2	chr12-132696392	125	5	5	TCTGCGCGCTCGCTCGCTCA
test	subjectB	sample2	chr13+38419647	125	5	5	TCTGCGCGCTCGCTCGCTCA
test	subjectB	sample2	chr17-44778441	125	5	5	TCTGCGCGCTCGCTCGCTCA
test	subjectB	sample2	chr11-26500858	125	5	5	TCTGCGCGCTCGCTCGCTCA
test	subjectB	sample2	chr14+97810954	125	5	5	TCTGCGCGCTCGCTCGCTCA
test	subjectB	sample2	chr12+50451017	125	5	5	TCTGCGCGCTCGCTCGCTCA
test	subjectB	sample2	chr15-93160322	125	5	5	TCTGCGCGCTCGCTCGCTCA
test	subjectB	sample2	chr22-14771813	125	5	5	TCTGCGCGCTCGCTCGCTCA
test	subjectB	sample2	chr11+113736787	125	5	5	TCTGCGCGCTCGCTCGCTCA
test	subjectB	sample2	chr8+136995546	125	5	5	TCTGCGCGCTCGCTCGCTCA
test	subjectB	sample2	chr9+84470441	125	5	5	TCTGCGCGCTCGCTCGCTCA
test	subjectB	sample2	chr17-3576899	125	5	5	TCTGCGCGCTCGCTCGCTCA
test	subjectB	sample2	chr14+44141039	125	5	5	TCTGCGCGCTCGCTCGCTCA
test	subjectB	sample2	chr11-9586184	125	5	5	TCTGCGCGCTCGCTCGCTCA
test	subjectB	sample2	chr3+98440295	125	5	5	TCTGCGCGCTCGCTCGCTCA
test	subjectB	sample2	chr17+13171403	125	5	5	TCTGCGCGCTCGCTCGCTCA
test	subjectB	sample2	chr1+163124332	125	5	5	TCTGCGCGCTCGCTCGCTCA
test	subjectB	sample2	chr17+74246906	125	5	5	TCTGCGCGCTCGCTCGCTCA
test	subjectB	sample2	chr17+4481645	125	5	5	TCTGCGCGCTCGCTCGCTCA
test	subjectB	sample2	chr12+9845106	125	5	5	TCTGCGCGCTCGCTCGCTCA
test	subjectB	sample2	chr5+35424840	125	5	5	TCTGCGCGCTCGCTCGCTCA
test	subjectB	sample2	chr13+84438337	125	5	5	TCTGCGCGCTCGCTCGCTCA
test	subjectB	sample2	chr19+18085214	125	5	5	TCTGCGCGCTCGCTCGCTCA
test	subjectB	sample2	chr14-88101235	125	5	5	TCTGCGCGCTCGCTCGCTCA
test	subjectB	sample2	chr13-90878401	125	5	5	TCTGCGCGCTCGCTCGCTCA
test	subjectB	sample2	chr14-91234907	125	5	5	TCTGCGCGCTCGCTCGCTCA
test	subjectB	sample2	chr14-44710551	125	5	5	TCTGCGCGCTCGCTCGCTCA
test	subjectB	sample2	chr9-86109181	125	5	5	TCTGCGCGCTCGCTCGCTCA
test	subjectB	sample2	chr1-227596966	125	5	5	TCTGCGCGCTCGCTCGCTCA
test	subjectB	sample2	chrX-55191727	125	5	5	TCTGCGCGCTCGCTCGCTCA
test	subjectB	sample2	chr10+82262757	125	5	5	TCTGCGCGCTCGCTCGCTCA
test	subjectB	sample2	chrX-134207262	125	5	5	TCTGCGCGCTCGCTCGCTCA
test	subjectB	sample2	chr16-82301073	125	5	5	TCTGCGCGCTCGCTCGCTCA
test	subjectB	sample2	chr8-2205938	125	5	5	TCTGCGCGCTCGCTCGCTCA
test	subjectB	sample2	chr11-82934539	125	5	5	TCTGCGCGCTCGCTCGCTCA
test	subjectB	sample2	chr19-28279601	125	5	5	TCTGCGCGCTCGCTCGCTCA
test	subjectB	sample2	chr6+41766800	125	5	5	TCTGCGCGCTCGCTCGCTCA
test	subjectB	sample2	chr1-157961243	125	5	5	TCTGCGCGCTCGCTCGCTCA
test	subjectB	sample2	chr21+15461766	125	5	5	TCTGCGCGCTCGCTCGCTCA
test	subjectB	sample2	chr3-15052893	125	5	5	TCTGCGCGCTCGCTCGCTCA
test	subjectB	sample2	chr20-12984927	125	5	5	TCTGCGCGCTCGCTCGCTCA
test	subjectB	sample2	chr2-214616337	125	5	5	TCTGCGCGCTCGCTCGCTCA
test	subjectB	sample2	chr12-97505382	125	5	5	TCTGCGCGCTCGCTCGCTCA
test	subjectB	sample2	chr4+37084981	125	5	5	TCTGCGCGCTCGCTCGCTCA
test	subjectB	sample2	chr9-76011202	125	5	5	TCTGCGCGCTCGCTCGCTCA
test	subjectB	sample2	chrX-114704511	125	5	5	TCTGCGCGCTCGCTCGCTCA
test	subjectB	sample2	chr7+62890771	125	5	5	TCTGCGCGCTCGCTCGCTCA
test	subjectB	sample2	chr1-144399813	125	5	5	TCTGCGCGCTCGCTCGCTCA
test	subjectB	sample2	chrX+52210012	125	5	5	TCTGCGCGCTCGCTCGCTCA
test	subjectB	sample2	chr6-145874038	125	5	5	TCTGCGCGCTCGCTCGCTCA
test	subjectB	sample2	chr14+27281221	125	5	5	TCTGCGCGCTCGCTCGCTCA
test	subjectB	sample2	chr10-29045576	125	5	5	TCTGCGCGCTCGCTCGCTCA
test	subjectB	sample2	chr3+196846538	125	5	5	TCTGCGCGCTCGCTCGCTCA
test	subjectB	sample2	chr15+101085397	125	5	5	TCTGCGCGCTCGCTCGCTCA
test	subjectB	sample2	chr6-9445237	125	5	5	TCTGCGCGCTCGCTCGCTCA
test	subjectB	sample2	chr15+72086360	125	5	5	TCTGCGCGCTCGCTCGCTCA
test	subjectB	sample2	chr10-38522657	125	5	5	TCTGCGCGCTCGCTCGCTCA
test	subjectB	sample2	chr11-40321936	125	5	5	TCTGCGCGCTCGCTCGCTCA
test	subjectB	sample2	chr8-12590314	125	5	5	TCTGCGCGCTCGCTCGCTCA
test	subjectB	sample2	chr1+205859093	125	5	5	TCTGCGCGCTCGCTCGCTCA
test	subjectB	sample2	chr12-90272517	125	5	5	TCTGCGCGCTCGCTCGCTCA
test	subjectB	sample2	chr8+119386523	125	5	5	TCTGCGCGCTCGCTCGCTCA
test	subjectB	sample2	chr12-9368967	125	5	5	TCTGCGCGCTCGCTCGCTCA
test	subjectB	sample2	chr10+89550464	125	5	5	TCTGCGCGCTCGCTCGCTCA
test	subjectB	sample2	chr12-42670254	125	5	5	TCTGCGCGCTCGCTCGCTCA
test	subjectB	sample2	chr14-78915692	125	5	5	TCTGCGCGCTCGCTCGCTCA
test	subjectB	sample2	chr12+15030310	125	5	5	TCTGCGCGCTCGCTCGCTCA
test	subjectB	sample2	chr3+41786882	125	5	5	TCTGCGCGCTCGCTCGCTCA
test	subjectB	sample2	chr20+12985582	125	5	5	TCTGCGCGCTCGCTCGCTCA
test	subjectB	sample2	chr8-24696875	125	5	5	TCTGCGCGCTCGCTCGCTCA
test	subjectB	sample2	chr14+42049412	125	5	5	TCTGCGCGCTCGCTCGCTCA
test	subjectB	sample2	chr5-103516436	125	5	5	TCTGCGCGCTCGCTCGCTCA
test	subjectB	sample2	chr15-78442025	125	5	5	TCTGCGCGCTCGCTCGCTCA
test	subjectB	sample2	chr2+107804993	125	5	5	TCTGCGCGCTCGCTCGCTCA
test	subjectB	sample2	chr9-64748716	125	5	5	TCTGCGCGCTCGCTCGCTCA
test	subjectB	sample2	chr14-23009948	125	5	5	TCTGCGCGCTCGCTCGCTCA
test	subjectB	sample2	chr4+57840986	125	5	5	TCTGCGCGCTCGCTCGCTCA
test	subjectB	sample2	chr12+49082996	125	5	5	TCTGCGCGCTCGCTCGCTCA
test	subjectB	sample2	chr21+24098688	125	5	5	TCTGCGCGCTCGCTCGCTCA
test	subjectB	sample2	chr3-41149882	125	5	5	TCTGCGCGCTCGCTCGCTCA
test	subjectB	sample2	chr21+43451361	125	5	5	TCTGCGCGCTCGCTCGCTCA
test	subjectB	sample2	chr11-29847668	125	5	5	TCTGCGCGCTCGCTCGCTCA
test	subjectB	sample2	chr3+134940347	125	5	5	TCTGCGCGCTCGCTCGCTCA
test	subjectB	sample2	chr17-43398920	125	5	5	TCTGCGCGCTCGCTCGCTCA
test	subjectB	sample2	chr2+16347200	125	5	5	TCTGCGCGCTCGCTCGCTCA
test	subjectB	sample2	chrX+151680826	125	5	5	TCTGCGCGCTCGCTCGCTCA
test	subjectB	sample2	chr3-10995006	125	5	5	TCTGCGCGCTCGCTCGCTCA
test	subjectB	sample2	chr21+29007080	125	5	5	TCTGCGCGCTCGCTCGCTCA
test	subjectB	sample2	chr11+71941943	125	5	5	TCTGCGCGCTCGCTCGCTCA
test	subjectB	sample2	chr13-19862758	125	5	5	TCTGCGCGCTCGCTCGCTCA
test	subjectB	sample2	chr8-50186493	125	5	5	TCTGCGCGCTCGCTCGCTCA
test	subjectB	sample2	chr2-186271772	125	5	5	TCTGCGCGCTCGCTCGCTCA
test	subjectB	sample2	chr19-58207459	125	5	5	TCTGCGCGCTCGCTCGCTCA
test	subjectB	sample2	chrX-148020209	125	5	5	TCTGCGCGCTCGCTCGCTCA
test	subjectB	sample2	chr8-6212725	125	5	5	TCTGCGCGCTCGCTCGCTCA
test	subjectB	sample2	chr2+177117617	125	5	5	TCTGCGCGCTCGCTCGCTCA
test	subjectB	sample2	chr19-46823267	125	5	5	TCTGCGCGCTCGCTCGCTCA
test	subjectB	sample2	chr2+169909521	125	5	5	TCTGCGCGCTCGCTCGCTCA
test	subjectB	sample2	chr7-130343842	125	5	5	TCTGCGCGCTCGCTCGCTCA
test	subjectB	sample2	chr20-19762722	125	5	5	TCTGCGCGCTCGCTCGCTCA
test	subjectB	sample2	chr7-16302783	125	5	5	TCTGCGCGCTCGCTCGCTCA
test	subjectB	sample2	chr11-41815995	125	5	5	TCTGCGCGCTCGCTCGCTCA
test	subjectB	sample2	chr6-84800055	125	5	5	TCTGCGCGCTCGCTCGCTCA
test	subjectB	sample2	chrX+100622699	125	5	5	TCTGCGCGCTCGCTCGCTCA
test	subjectB	sample2	chr1-44827634	125	5	5	TCTGCGCGCTCGCTCGCTCA
test	subjectB	sample2	chr8-96035775	125	5	5	TCTGCGCGCTCGCTCGCTCA
test	subjectB	sample2	chr22-14453502	125	5	5	TCTGCGCGCTCGCTCGCTCA
test	subjectB	sample2	chr14+62559068	125	5	5	TCTGCGCGCTCGCTCGCTCA
test	subjectB	sample2	chr22+18022467	125	5	5	TCTGCGCGCTCGCTCGCTCA
test	subjectB	sample2	chr15-101343651	125	5	5	TCTGCGCGCTCGCTCGCTCA
test	subjectB	sample2	chr1+216271443	125	5	5	TCTGCGCGCTCGCTCGCTCA
test	subjectB	sample2	chr19-10169156	125	5	5	TCTGCGCGCTCGCTCGCTCA
test	subjectB	sample2	chr22-24605316	125	5	5	TCTGCGCGCTCGCTCGCTCA
test	subjectB	sample2	chr5-147072245	125	5	5	TCTGCGCGCTCGCTCGCTCA
test	subjectB	sample2	chr18+30075598	125	5	5	TCTGCGCGCTCGCTCGCTCA
test	subjectB	sample2	chr12-658566	125	5	5	TCTGCGCGCTCGCTCGCTCA
test	subjectB	sample2	chr19-37653148	125	5	5	TCTGCGCGCTCGCTCGCTCA
test	subjectB	sample2	chr7+129691064	125	5	5	TCTGCGCGCTCGCTCGCTCA
test	subjectB	sample2	chr1+42566758	125	5	5	TCTGCGCGCTCGCTCGCTCA
test	subjectB	sample2	chr15+61529286	125	5	5	TCTGCGCGCTCGCTCGCTCA
test	subjectB	sample2	chr1+87870790	125	5	5	TCTGCGCGCTCGCTCGCTCA
test	subjectB	sample2	chr12-102023827	125	5	5	TCTGCGCGCTCGCTCGCTCA
test	subjectB	sample2	chr7+49628796	125	5	5	TCTGCGCGCTCGCTCGCTCA
test	subjectB	sample2	chr3-59146238	125	5	5	TCTGCGCGCTCGCTCGCTCA
test	subjectB	sample2	chr21-45621247	125	5	5	TCTGCGCGCTCGCTCGCTCA
test	subjectB	sample2	chr22+49140984	125	5	5	TCTGCGCGCTCGCTCGCTCA
test	subjectB	sample2	chr2-6212034	125	5	5	TCTGCGCGCTCGCTCGCTCA
test	subjectB	sample2	chr13+41751221	125	5	5	TCTGCGCGCTCGCTCGCTCA
test	subjectB	sample2	chr17+7524483	125	5	5	TCTGCGCGCTCGCTCGCTCA
test	subjectB	sample2	chr22+27656583	125	5	5	TCTGCGCGCTCGCTCGCTCA
test	subjectB	sample2	chr1-190697748	125	5	5	TCTGCGCGCTCGCTCGCTCA
test	subjectB	sample2	chr5-46595888	125	5	5	TCTGCGCGCTCGCTCGCTCA
test	subjectB	sample2	chr5-60449683	125	5	5	TCTGCGCGCTCGCTCGCTCA
test	subjectB	sample2	chr8-99904080	125	5	5	TCTGCGCGCTCGCTCGCTCA
test	subjectB	sample2	chr4-65277720	125	5	5	TCTGCGCGCTCGCTCGCTCA
test	subjectB	sample2	chr15+68364756	125	5	5	TCTGCGCGCTCGCTCGCTCA
test	subjectB	sample2	chr15-21184699	125	5	5	TCTGCGCGCTCGCTCGCTCA
test	subjectB	sample2	chrX-33793482	125	5	5	TCTGCGCGCTCGCTCGCTCA
test	subjectB	sample2	chr19+35774771	125	5	5	TCTGCGCGCTCGCTCGCTCA
test	subjectB	sample2	chr17-52537532	125	5	5	TCTGCGCGCTCGCTCGCTCA
test	subjectB	sample2	chr14-31905327	125	5	5	TCTGCGCGCTCGCTCGCTCA
test	subjectB	sample2	chr8-19617375	125	5	5	TCTGCGCGCTCGCTCGCTCA
test	subjectB	sample2	chr7-99590149	125	5	5	TCTGCGCGCTCGCTCGCTCA
test	subjectB	sample2	chr22-11472553	125	5	5	TCTGCGCGCTCGCTCGCTCA
test	subjectB	sample2	chrX-32923908	125	5	5	TCTGCGCGCTCGCTCGCTCA
test	subjectB	sample2	chr17-25937262	125	5	5	TCTGCGCGCTCGCTCGCTCA
test	subjectB	sample2	chr21+24765520	125	5	5	TCTGCGCGCTCGCTCGCTCA
test	subjectB	sample2	chr12+128468229	125	5	5	TCTGCGCGCTCGCTCGCTCA
test	subjectB	sample2	chr8-24762420	125	5	5	TCTGCGCGCTCGCTCGCTCA
test	subjectB	sample2	chr8-71799175	125	5	5	TCTGCGCGCTCGCTCGCTCA
test	subjectB	sample2	chrX-77780017	125	5	5	TCTGCGCGCTCGCTCGCTCA
test	subjectB	sample2	chr14+42423401	125	5	5	TCTGCGCGCTCGCTCGCTCA
test	subjectB	sample2	chr21-31403754	125	5	5	TCTGCGCGCTCGCTCGCTCA
test	subjectB	sample2	chrX-1649693	125	5	5	TCTGCGCGCTCGCTCGCTCA
test	subjectB	sample2	chr4+113465024	125	5	5	TCTGCGCGCTCGCTCGCTCA
test	subjectB	sample2	chr12-116107077	125	5	5	TCTGCGCGCTCGCTCGCTCA
test	subjectB	sample2	chr17+35163061	125	5	5	TCTGCGCGCTCGCTCGCTCA
test	subjectB	sample2	chr5-108810101	125	5	5	TCTGCGCGCTCGCTCGCTCA
test	subjectB	sample2	chr22-11128727	125	5	5	TCTGCGCGCTCGCTCGCTCA
test	subjectB	sample2	chr15-99983981	125	5	5	TCTGCGCGCTCGCTCGCTCA
test	subjectB	sample2	chr13+37707462	125	5	5	TCTGCGCGCTCGCTCGCTCA
test	subjectB	sample2	chr19+46345959	125	5	5	TCTGCGCGCTCGCTCGCTCA
test	subjectB	sample2	chr22+49025485	125	5	5	TCTGCGCGCTCGCTCGCTCA
test	subjectB	sample2	chr13-36162532	125	5	5	TCTGCGCGCTCGCTCGCTCA
test	subjectB	sample2	chr18+52926151	125	5	5	TCTGCGCGCTCGCTCGCTCA
test	subjectB	sample2	chr10-107817916	125	5	5	TCTGCGCGCTCGCTCGCTCA
test	subjectB	sample2	chr4-83829116	125	5	5	TCTGCGCGCTCGCTCGCTCA
test	subjectB	sample2	chr6+109264778	125	5	5	TCTGCGCGCTCGCTCGCTCA
test	subjectB	sample2	chr13+111163193	125	5	5	TCTGCGCGCTCGCTCGCTCA
test	subjectB	sample2	chr10-45196678	125	5	5	TCTGCGCGCTCGCTCGCTCA
test	subjectB	sample2	chr10+101311153	125	5	5	TCTGCGCGCTCGCTCGCTCA
test	subjectB	sample2	chr8-99816976	125	5	5	TCTGCGCGCTCGCTCGCTCA
test	subjectB	sample2	chr8-9255973	125	5	5	TCTGCGCGCTCGCTCGCTCA
test	subjectB	sample2	chr12-2317166	125	5	5	TCTGCGCGCTCGCTCGCTCA
test	subjectB	sample2	chrX-85198587	125	5	5	TCTGCGCGCTCGCTCGCTCA
test	subjectB	sample2	chr21-16473044	125	5	5	TCTGCGCGCTCGCTCGCTCA
test	subjectB	sample2	chr20-8241061	125	5	5	TCTGCGCGCTCGCTCGCTCA
test	subjectB	sample2	chr16+59510942	125	5	5	TCTGCGCGCTCGCTCGCTCA
test	subjectB	sample2	chr9+29294218	125	5	5	TCTGCGCGCTCGCTCGCTCA
test	subjectB	sample2	chr3+13541675	125	5	5	TCTGCGCGCTCGCTCGCTCA
test	subjectB	sample2	chr6+97625176	125	5	5	TCTGCGCGCTCGCTCGCTCA
test	subjectB	sample2	chr6-135616075	125	5	5	TCTGCGCGCTCGCTCGCTCA
test	subjectB	sample2	chr8-11550034	125	5	5	TCTGCGCGCTCGCTCGCTCA
test	subjectB	sample2	chr17+32068230	125	5	5	TCTGCGCGCTCGCTCGCTCA
test	subjectB	sample2	chr3-149016462	125	5	5	TCTGCGCGCTCGCTCGCTCA
test	subjectB	sample2	chr18+61410216	125	5	5	TCTGCGCGCTCGCTCGCTCA
test	subjectB	sample2	chr1+172788799	125	5	5	TCTGCGCGCTCGCTCGCTCA
test	subjectB	sample2	chr16+14884972	125	5	5	TCTGCGCGCTCGCTCGCTCA
test	subjectB	sample2	chr17+60248726	125	5	5	TCTGCGCGCTCGCTCGCTCA
test	subjectB	sample2	chr15+39036451	125	5	5	TCTGCGCGCTCGCTCGCTCA
test	subjectB	sample2	chr16+26768460	125	5	5	TCTGCGCGCTCGCTCGCTCA
test	subjectB	sample2	chr5-57925371	125	5	5	TCTGCGCGCTCGCTCGCTCA
test	subjectB	sample2	chr21-21490656	125	5	5	TCTGCGCGCTCGCTCGCTCA
test	subjectB	sample2	chr10-79290338	125	5	5	TCTGCGCGCTCGCTCGCTCA
test	subjectB	sample2	chr10+120748222	125	5	5	TCTGCGCGCTCGCTCGCTCA
test	subjectB	sample2	chr6-86487802	125	5	5	TCTGCGCGCTCGCTCGCTCA
test	subjectB	sample2	chr16+75595120	125	5	5	TCTGCGCGCTCGCTCGCTCA
test	subjectB	sample2	chr4+148419848	125	5	5	TCTGCGCGCTCGCTCGCTCA
test	subjectB	sample2	chr19+4169631	125	5	5	TCTGCGCGCTCGCTCGCTCA
test	subjectB	sample2	chr11+119194557	125	5	5	TCTGCGCGCTCGCTCGCTCA
test	subjectB	sample2	chr4+156788442	125	5	5	TCTGCGCGCTCGCTCGCTCA
test	subjectB	sample2	chr14-56763445	125	5	5	TCTGCGCGCTCGCTCGCTCA
test	subjectB	sample2	chr17-44915741	125	5	5	TCTGCGCGCTCGCTCGCTCA
test	subjectB	sample2	chr18+8313138	125	5	5	TCTGCGCGCTCGCTCGCTCA
test	subjectB	sample2	chr4-52718384	125	5	5	TCTGCGCGCTCGCTCGCTCA
test	subjectB	sample2	chr17-25409643	125	5	5	TCTGCGCGCTCGCTCGCTCA
test	subjectB	sample2	chr5+144862910	125	5	5	TCTGCGCGCTCGCTCGCTCA
test	subjectB	sample2	chr11+23292380	125	5	5	TCTGCGCGCTCGCTCGCTCA
test	subjectB	sample2	chr19-17345769	125	5	5	TCTGCGCGCTCGCTCGCTCA
test	subjectB	sample3	chr8+88299315	125	5	5	TCTGCGCGCTCGCTCGCTCA
test	subjectB	sample3	chr16+6856030	125	5	5	TCTGCGCGCTCGCTCGCTCA
test	subjectB	sample3	chr3+166867821	125	5	5	TCTGCGCGCTCGCTCGCTCA
test	subjectB	sample3	chrX+5434325	125	5	5	TCTGCGCGCTCGCTCGCTCA
test	subjectB	sample3	chr5-92671696	125	5	5	TCTGCGCGCTCGCTCGCTCA
test	subjectB	sample3	chr22-34249321	125	5	5	TCTGCGCGCTCGCTCGCTCA
test	subjectB	sample3	chr14-31523766	125	5	5	TCTGCGCGCTCGCTCGCTCA
test	subjectB	sample3	chr10-82067485	125	5	5	TCTGCGCGCTCGCTCGCTCA
test	subjectB	sample3	chr4-173900020	125	5	5	TCTGCGCGCTCGCTCGCTCA
test	subjectB	sample3	chr21-23818207	125	5	5	TCTGCGCGCTCGCTCGCTCA
test	subjectB	sample3	chr18+52719422	125	5	5	TCTGCGCGCTCGCTCGCTCA
test	subjectB	sample3	chr20-1196496	125	5	5	TCTGCGCGCTCGCTCGCTCA
test	subjectB	sample3	chr4-24404296	125	5	5	TCTGCGCGCTCGCTCGCTCA
test	subjectB	sample3	chrX+82687786	125	5	5	TCTGCGCGCTCGCTCGCTCA
test	subjectB	sample3	chr10+48162097	125	5	5	TCTGCGCGCTCGCTCGCTCA
test	subjectB	sample3	chr22+37134991	125	5	5	TCTGCGCGCTCGCTCGCTCA
test	subjectB	sample3	chr10+86045689	125	5	5	TCTGCGCGCTCGCTCGCTCA
test	subjectB	sample3	chr1+203107779	125	5	5	TCTGCGCGCTCGCTCGCTCA
test	subjectB	sample3	chr3-20524874	125	5	5	TCTGCGCGCTCGCTCGCTCA
test	subjectB	sample3	chr6-162246903	125	5	5	TCTGCGCGCTCGCTCGCTCA
test	subjectB	sample3	chr5-45571266	125	5	5	TCTGCGCGCTCGCTCGCTCA
test	subjectB	sample3	chr6+14581099	125	5	5	TCTGCGCGCTCGCTCGCTCA
test	subjectB	sample3	chr19+58148680	125	5	5	TCTGCGCGCTCGCTCGCTCA
test	subjectB	sample3	chr10-121643653	125	5	5	TCTGCGCGCTCGCTCGCTCA
test	subjectB	sample3	chr8+90966478	125	5	5	TCTGCGCGCTCGCTCGCTCA
test	subjectB	sample3	chr3+148352195	125	5	5	TCTGCGCGCTCGCTCGCTCA
test	subjectB	sample3	chr5-88365120	125	5	5	TCTGCGCGCTCGCTCGCTCA
test	subjectB	sample3	chr14-43904904	125	5	5	TCTGCGCGCTCGCTCGCTCA
test	subjectB	sample3	chr20+6255182	125	5	5	TCTGCGCGCTCGCTCGCTCA
test	subjectB	sample3	chr19+32462964	125	5	5	TCTGCGCGCTCGCTCGCTCA
test	subjectB	sample3	chr18+61597273	125	5	5	TCTGCGCGCTCGCTCGCTCA
test	subjectB	sample3	chr22+41574671	125	5	5	TCTGCGCGCTCGCTCGCTCA
test	subjectB	sample3	chr17+11380796	125	5	5	TCTGCGCGCTCGCTCGCTCA
test	subjectB	sample3	chr20+10019272	125	5	5	TCTGCGCGCTCGCTCGCTCA
test	subjectB	sample3	chr17-33364880	125	5	5	TCTGCGCGCTCGCTCGCTCA
test	subjectB	sample3	chrX-79429400	125	5	5	TCTGCGCGCTCGCTCGCTCA
test	subjectB	sample3	chr6+41646674	125	5	5	TCTGCGCGCTCGCTCGCTCA
test	subjectB	sample3	chr17-33731092	125	5	5	TCTGCGCGCTCGCTCGCTCA
test	subjectB	sample3	chr1+5430240	125	5	5	TCTGCGCGCTCGCTCGCTCA
test	subjectB	sample3	chr2+119123955	125	5	5	TCTGCGCGCTCGCTCGCTCA
test	subjectB	sample3	chr18-6632659	125	5	5	TCTGCGCGCTCGCTCGCTCA
test	subjectB	sample3	chr13+71820031	125	5	5	TCTGCGCGCTCGCTCGCTCA
test	subjectB	sample3	chr19-40814767	125	5	5	TCTGCGCGCTCGCTCGCTCA
test	subjectB	sample3	chr12+64307173	125	5	5	TCTGCGCGCTCGCTCGCTCA
test	subjectB	sample3	chr7+25510794	125	5	5	TCTGCGCGCTCGCTCGCTCA
test	subjectB	sample3	chr22-23074435	125	5	5	TCTGCGCGCTCGCTCGCTCA
test	subjectB	sample3	chr8+69445772	125	5	5	TCTGCGCGCTCGCTCGCTCA
test	subjectB	sample3	chr1-12671308	125	5	5	TCTGCGCGCTCGCTCGCTCA
test	subjectB	sample3	chr21+40485159	125	5	5	TCTGCGCGCTCGCTCGCTCA
test	subjectB	sample3	chr20-7750993	125	5	5	TCTGCGCGCTCGCTCGCTCA
test	subjectB	sample3	chrX-147120322	125	5	5	TCTGCGCGCTCGCTCGCTCA
test	subjectB	sample3	chr18-18242519	125	5	5	TCTGCGCGCTCGCTCGCTCA
test	subjectB	sample3	chr21+34733511	125	5	5	TCTGCGCGCTCGCTCGCTCA
test	subjectB	sample3	chr21-30539285	125	5	5	TCTGCGCGCTCGCTCGCTCA
test	subjectB	sample3	chr8+141193016	125	5	5	TCTGCGCGCTCGCTCGCTCA
test	subjectB	sample3	chr12-105785515	125	5	5	TCTGCGCGCTCGCTCGCTCA
test	subjectB	sample3	chr12-8387767	125	5	5	TCTGCGCGCTCGCTCGCTCA
test	subjectB	sample3	chr22-36356845	125	5	5	TCTGCGCGCTCGCTCGCTCA
test	subjectB	sample3	chr17+19602088	125	5	5	TCTGCGCGCTCGCTCGCTCA
test	subjectB	sample3	chr5+178260741	125	5	5	TCTGCGCGCTCGCTCGCTCA
test	subjectB	sample3	chr15+83108594	125	5	5	TCTGCGCGCTCGCTCGCTCA
test	subjectB	sample3	chr17-68380571	125	5	5	TCTGCGCGCTCGCTCGCTCA
test	subjectB	sample3	chr7+102263421	125	5	5	TCTGCGCGCTCGCTCGCTCA
test	subjectB	sample3	chr8-135960587	125	5	5	TCTGCGCGCTCGCTCGCTCA
test	subjectB	sample3	chr10-111038288	125	5	5	TCTGCGCGCTCGCTCGCTCA
test	subjectB	sample3	chr19+11403691	125	5	5	TCTGCGCGCTCGCTCGCTCA
test	subjectB	sample3	chr9+132401214	125	5	5	TCTGCGCGCTCGCTCGCTCA
test	subjectB	sample3	chr12+116153986	125	5	5	TCTGCGCGCTCGCTCGCTCA
test	subjectB	sample3	chr10-53934310	125	5	5	TCTGCGCGCTCGCTCGCTCA
test	subjectB	sample3	chr12+130853653	125	5	5	TCTGCGCGCTCGCTCGCTCA
test	subjectB	sample3	chr12+110889350	125	5	5	TCTGCGCGCTCGCTCGCTCA
test	subjectB	sample3	chr9+72411745	125	5	5	TCTGCGCGCTCGCTCGCTCA
test	subjectB	sample3	chr8+2034166	125	5	5	TCTGCGCGCTCGCTCGCTCA
test	subjectB	sample3	chr12-43007489	125	5	5	TCTGCGCGCTCGCTCGCTCA
test	subjectB	sample3	chr7-14221401	125	5	5	TCTGCGCGCTCGCTCGCTCA
test	subjectB	sample3	chr21+17146063	125	5	5	TCTGCGCGCTCGCTCGCTCA
test	subjectB	sample3	chr16+50442280	125	5	5	TCTGCGCGCTCGCTCGCTCA
test	subjectB	sample3	chr21-37235990	125	5	5	TCTGCGCGCTCGCTCGCTCA
test	subjectB	sample3	chr21-20090059	125	5	5	TCTGCGCGCTCGCTCGCTCA
test	subjectB	sample3	chr17+19208015	125	5	5	TCTGCGCGCTCGCTCGCTCA
test	subjectB	sample3	chr11-52870159	125	5	5	TCTGCGCGCTCGCTCGCTCA
test	subjectB	sample3	chr10-27600088	125	5	5	TCTGCGCGCTCGCTCGCTCA
test	subjectB	sample3	chr11+112353655	125	5	5	TCTGCGCGCTCGCTCGCTCA
test	subjectB	sample3	chr22-30910312	125	5	5	TCTGCGCGCTCGCTCGCTCA
test	subjectB	sample3	chr5+180042064	125	5	5	TCTGCGCGCTCGCTCGCTCA
test	subjectB	sample3	chr14+30531577	125	5	5	TCTGCGCGCTCGCTCGCTCA
test	subjectB	sample3	chr15-49523720	125	5	5	TCTGCGCGCTCGCTCGCTCA
test	subjectB	sample3	chr20-15258261	125	5	5	TCTGCGCGCTCGCTCGCTCA
test	subjectB	sample3	chr3-12449962	125	5	5	TCTGCGCGCTCGCTCGCTCA
test	subjectB	sample3	chr13+78827068	125	5	5	TCTGCGCGCTCGCTCGCTCA
test	subjectB	sample3	chr19-18799377	125	5	5	TCTGCGCGCTCGCTCGCTCA
test	subjectB	sample3	chr18-40993078	125	5	5	TCTGCGCGCTCGCTCGCTCA
test	subjectB	sample3	chr11-134705653	125	5	5	TCTGCGCGCTCGCTCGCTCA
test	subjectB	sample3	chr10+84065898	125	5	5	TCTGCGCGCTCGCTCGCTCA
test	subjectB	sample3	chr6-40983310	125	5	5	TCTGCGCGCTCGCTCGCTCA
test	subjectB	sample3	chr16-80053695	125	5	5	TCTGCGCGCTCGCTCGCTCA
test	subjectB	sample3	chr7-147471333	125	5	5	TCTGCGCGCTCGCTCGCTCA
test	subjectB	sample3	chr21-12035896	125	5	5	TCTGCGCGCTCGCTCGCTCA
test	subjectB	sample3	chr6+52201231	125	5	5	TCTGCGCGCTCGCTCGCTCA
test	subjectB	sample3	chr5+95846689	125	5	5	TCTGCGCGCTCGCTCGCTCA
test	subjectB	sample3	chr20+46420840	125	5	5	TCTGCGCGCTCGCTCGCTCA
test	subjectB	sample3	chr11+126003712	125	5	5	TCTGCGCGCTCGCTCGCTCA
test	subjectB	sample3	chr2+1441904	125	5	5	TCTGCGCGCTCGCTCGCTCA
test	subjectB	sample3	chr3-175378554	125	5	5	TCTGCGCGCTCGCTCGCTCA
test	subjectB	sample3	chr6-140133675	125	5	5	TCTGCGCGCTCGCTCGCTCA
test	subjectB	sample3	chr14-18390634	125	5	5	TCTGCGCGCTCGCTCGCTCA
test	subjectB	sample3	chr16+81847328	125	5	5	TCTGCGCGCTCGCTCGCTCA
test	subjectB	sample3	chr20-30651619	125	5	5	TCTGCGCGCTCGCTCGCTCA
test	subjectB	sample3	chr2+138571512	125	5	5	TCTGCGCGCTCGCTCGCTCA
test	subjectB	sample3	chr15+25740665	125	5	5	TCTGCGCGCTCGCTCGCTCA
test	subjectB	sample3	chr21-14583226	125	5	5	TCTGCGCGCTCGCTCGCTCA
test	subjectB	sample3	chr2-69971634	125	5	5	TCTGCGCGCTCGCTCGCTCA
test	subjectB	sample3	chr13+25777622	125	5	5	TCTGCGCGCTCGCTCGCTCA
test	subjectB	sample3	chr3-90036664	125	5	5	TCTGCGCGCTCGCTCGCTCA
test	subjectB	sample3	chr6-152606660	125	5	5	TCTGCGCGCTCGCTCGCTCA
test	subjectB	sample3	chr8-24386291	125	5	5	TCTGCGCGCTCGCTCGCTCA
test	subjectB	sample3	chr6-42593376	125	5	5	TCTGCGCGCTCGCTCGCTCA
test	subjectB	sample3	chr10+98785825	125	5	5	TCTGCGCGCTCGCTCGCTCA
test	subjectB	sample3	chr7+98551342	125	5	5	TCTGCGCGCTCGCTCGCTCA
test	subjectB	sample3	chr2-192985109	125	5	5	TCTGCGCGCTCGCTCGCTCA
test	subjectB	sample3	chr1-48617615	125	5	5	TCTGCGCGCTCGCTCGCTCA
test	subjectB	sample3	chr16+60969283	125	5	5	TCTGCGCGCTCGCTCGCTCA
test	subjectB	sample3	chr6+89015652	125	5	5	TCTGCGCGCTCGCTCGCTCA
test	subjectB	sample3	chr6-70730204	125	5	5	TCTGCGCGCTCGCTCGCTCA
test	subjectB	sample3	chr8+20079279	125	5	5	TCTGCGCGCTCGCTCGCTCA
test	subjectB	sample3	chr2-103880020	125	5	5	TCTGCGCGCTCGCTCGCTCA
test	subjectB	sample3	chr22-39831783	125	5	5	TCTGCGCGCTCGCTCGCTCA
test	subjectB	sample3	chr14+30642516	125	5	5	TCTGCGCGCTCGCTCGCTCA
test	subjectB	sample3	chrX-6753762	125	5	5	TCTGCGCGCTCGCTCGCTCA
test	subjectB	sample3	chr13-79056496	125	5	5	TCTGCGCGCTCGCTCGCTCA
test	subjectB	sample3	chr20-55021840	125	5	5	TCTGCGCGCTCGCTCGCTCA
test	subjectB	sample3	chr13-79198014	125	5	5	TCTGCGCGCTCGCTCGCTCA
test	subjectB	sample3	chr7-101747395	125	5	5	TCTGCGCGCTCGCTCGCTCA
test	subjectB	sample3	chr16-81061547	125	5	5	TCTGCGCGCTCGCTCGCTCA
test	subjectB	sample3	chr5-142059080	125	5	5	TCTGCGCGCTCGCTCGCTCA
test	subjectB	sample3	chr7-66141360	125	5	5	TCTGCGCGCTCGCTCGCTCA
test	subjectB	sample3	chr3-6034007	125	5	5	TCTGCGCGCTCGCTCGCTCA
test	subjectB	sample3	chr18+75693932	125	5	5	TCTGCGCGCTCGCTCGCTCA
test	subjectB	sample3	chr17-81451897	125	5	5	TCTGCGCGCTCGCTCGCTCA
test	subjectB	sample3	chr15-91705280	125	5	5	TCTGCGCGCTCGCTCGCTCA
test	subjectB	sample3	chr13+37488508	125	5	5	TCTGCGCGCTCGCTCGCTCA
test	subjectB	sample3	chr8+13662466	125	5	5	TCTGCGCGCTCGCTCGCTCA
test	subjectB	sample3	chr6+148236880	125	5	5	TCTGCGCGCTCGCTCGCTCA
test	subjectB	sample3	chr11-73844884	125	5	5	TCTGCGCGCTCGCTCGCTCA
test	subjectB	sample3	chr22-15270835	125	5	5	TCTGCGCGCTCGCTCGCTCA
test	subjectB	sample3	chr4-29378606	125	5	5	TCTGCGCGCTCGCTCGCTCA
test	subjectB	sample3	chr4-59514442	125	5	5	TCTGCGCGCTCGCTCGCTCA
test	subjectB	sample3	chr12-16883729	125	5	5	TCTGCGCGCTCGCTCGCTCA
test	subjectB	sample3	chr6-137467118	125	5	5	TCTGCGCGCTCGCTCGCTCA
test	subjectB	sample3	chr9-33658098	125	5	5	TCTGCGCGCTCGCTCGCTCA
test	subjectB	sample3	chr20-59499405	125	5	5	TCTGCGCGCTCGCTCGCTCA
test	subjectB	sample3	chr21-28858942	125	5	5	TCTGCGCGCTCGCTCGCTCA
test	subjectB	sample3	chr14-81736316	125	5	5	TCTGCGCGCTCGCTCGCTCA
test	subjectB	sample3	chr19+53365034	125	5	5	TCTGCGCGCTCGCTCGCTCA
test	subjectB	sample3	chr3-125522408	125	5	5	TCTGCGCGCTCGCTCGCTCA
test	subjectB	sample3	chr14-93021689	125	5	5	TCTGCGCGCTCGCTCGCTCA
test	subjectB	sample3	chr15-65071406	125	5	5	TCTGCGCGCTCGCTCGCTCA
test	subjectB	sample3	chrX+137364103	125	5	5	TCTGCGCGCTCGCTCGCTCA
test	subjectB	sample3	chr2-195064040	125	5	5	TCTGCGCGCTCGCTCGCTCA
test	subjectB	sample3	chr9-123464631	125	5	5	TCTGCGCGCTCGCTCGCTCA
test	subjectB	sample3	chrX-551813	125	5	5	TCTGCGCGCTCGCTCGCTCA
test	subjectB	sample3	chr16-55718608	125	5	5	TCTGCGCGCTCGCTCGCTCA
test	subjectB	sample3	chr3-153276733	125	5	5	TCTGCGCGCTCGCTCGCTCA
test	subjectB	sample3	chr20+42201591	125	5	5	TCTGCGCGCTCGCTCGCTCA
test	subjectB	sample3	chr17+74953295	125	5	5	TCTGCGCGCTCGCTCGCTCA
test	subjectB	sample3	chr18+40344254	125	5	5	TCTGCGCGCTCGCTCGCTCA
test	subjectB	sample3	chr15+95883258	125	5	5	TCTGCGCGCTCGCTCGCTCA
test	subjectB	sample3	chr9-78541546	125	5	5	TCTGCGCGCTCGCTCGCTCA
test	subjectB	sample3	chr17-73668101	125	5	5	TCTGCGCGCTCGCTCGCTCA
test	subjectB	sample3	chr12-93243564	125	5	5	TCTGCGCGCTCGCTCGCTCA
test	subjectB	sample3	chr11+9105150	125	5	5	TCTGCGCGCTCGCTCGCTCA
test	subjectB	sample3	chr21+11120812	125	5	5	TCTGCGCGCTCGCTCGCTCA
test	subjectB	sample3	chr11-24527992	125	5	5	TCTGCGCGCTCGCTCGCTCA
test	subjectB	sample3	chr21+15405797	125	5	5	TCTGCGCGCTCGCTCGCTCA
test	subjectB	sample3	chr22+11603442	125	5	5	TCTGCGCGCTCGCTCGCTCA
test	subjectB	sample3	chr5-66322154	125	5	5	TCTGCGCGCTCGCTCGCTCA
test	subjectB	sample3	chr6-128631385	125	5	5	TCTGCGCGCTCGCTCGCTCA
test	subjectB	sample3	chr14-101241340	125	5	5	TCTGCGCGCTCGCTCGCTCA
test	subjectB	sample3	chr7-104893133	125	5	5	TCTGCGCGCTCGCTCGCTCA
test	subjectB	sample3	chr10-3703567	125	5	5	TCTGCGCGCTCGCTCGCTCA
test	subjectB	sample3	chrX-116974455	125	5	5	TCTGCGCGCTCGCTCGCTCA
test	subjectB	sample3	chr18+58397280	125	5	5	TCTGCGCGCTCGCTCGCTCA
test	subjectB	sample3	chr5+114885192	125	5	5	TCTGCGCGCTCGCTCGCTCA
test	subjectB	sample3	chr14+25156116	125	5	5	TCTGCGCGCTCGCTCGCTCA
test	subjectB	sample3	chr17+44729827	125	5	5	TCTGCGCGCTCGCTCGCTCA
test	subjectB	sample3	chr3-145464883	125	5	5	TCTGCGCGCTCGCTCGCTCA
test	subjectB	sample3	chr1-4967959	125	5	5	TCTGCGCGCTCGCTCGCTCA
test	subjectB	sample3	chr4-140324950	125	5	5	TCTGCGCGCTCGCTCGCTCA
test	subjectB	sample3	chrX-67545307	125	5	5	TCTGCGCGCTCGCTCGCTCA
test	subjectB	sample3	chr3-3915948	125	5	5	TCTGCGCGCTCGCTCGCTCA
test	subjectB	sample3	chr16+72343290	125	5	5	TCTGCGCGCTCGCTCGCTCA
test	subjectB	sample3	chr5-4328683	125	5	5	TCTGCGCGCTCGCTCGCTCA
test	subjectB	sample3	chr4-79359319	125	5	5	TCTGCGCGCTCGCTCGCTCA
test	subjectB	sample3	chrX+48243857	125	5	5	TCTGCGCGCTCGCTCGCTCA
test	subjectB	sample3	chr10+117580173	125	5	5	TCTGCGCGCTCGCTCGCTCA
test	subjectB	sample3	chr21+19584719	125	5	5	TCTGCGCGCTCGCTCGCTCA
test	subjectB	sample3	chr22+47876462	125	5	5	TCTGCGCGCTCGCTCGCTCA
test	subjectB	sample3	chr17+20356722	125	5	5	TCTGCGCGCTCGCTCGCTCA
test	subjectB	sample3	chr15-45352989	125	5	5	TCTGCGCGCTCGCTCGCTCA
test	subjectB	sample3	chr18-43221245	125	5	5	TCTGCGCGCTCGCTCGCTCA
test	subjectB	sample3	chr15+85272199	125	5	5	TCTGCGCGCTCGCTCGCTCA
test	subjectB	sample3	chr3+3281838	125	5	5	TCTGCGCGCTCGCTCGCTCA
test	subjectB	sample3	chr18-7017781	125	5	5	TCTGCGCGCTCGCTCGCTCA
test	subjectB	sample3	chr12-125091032	125	5	5	TCTGCGCGCTCGCTCGCTCA
test	subjectB	sample3	chr6+152404559	125	5	5	TCTGCGCGCTCGCTCGCTCA
test	subjectB	sample3	chrX+59337114	125	5	5	TCTGCGCGCTCGCTCGCTCA
test	subjectB	sample3	chr21+17620292	125	5	5	TCTGCGCGCTCGCTCGCTCA
test	subjectB	sample3	chr13-103539133	125	5	5	TCTGCGCGCTCGCTCGCTCA
test	subjectB	sample3	chr12+118994937	125	5	5	TCTGCGCGCTCGCTCGCTCA
test	subjectB	sample3	chr16+32803423	125	5	5	TCTGCGCGCTCGCTCGCTCA
test	subjectB	sample3	chr12+24139828	125	5	5	TCTGCGCGCTCGCTCGCTCA
test	subjectB	sample3	chr11-6739388	125	5	5	TCTGCGCGCTCGCTCGCTCA
test	subjectB	sample3	chr22-47183163	125	5	5	TCTGCGCGCTCGCTCGCTCA
test	subjectB	sample3	chr4-135854992	125	5	5	TCTGCGCGCTCGCTCGCTCA
test	subjectB	sample3	chr13+90921292	125	5	5	TCTGCGCGCTCGCTCGCTCA
test	subjectB	sample3	chr22+44096847	125	5	5	TCTGCGCGCTCGCTCGCTCA
test	subjectB	sample3	chr6-8516789	125	5	5	TCTGCGCGCTCGCTCGCTCA
test	subjectB	sample3	chr19-44599349	125	5	5	TCTGCGCGCTCGCTCGCTCA
test	subjectB	sample3	chr7-116778565	125	5	5	TCTGCGCGCTCGCTCGCTCA
test	subjectB	sample3	chr18+80064935	125	5	5	TCTGCGCGCTCGCTCGCTCA
test	subjectB	sample3	chr21+14240752	125	5	5	TCTGCGCGCTCGCTCGCTCA
test	subjectB	sample3	chr4+110449071	125	5	5	TCTGCGCGCTCGCTCGCTCA
test	subjectB	sample3	chr7+80742754	125	5	5	TCTGCGCGCTCGCTCGCTCA
test	subjectB	sample3	chr5+49852987	125	5	5	TCTGCGCGCTCGCTCGCTCA
test	subjectB	sample3	chr7+21058963	125	5	5	TCTGCGCGCTCGCTCGCTCA
test	subjectB	sample3	chr10+75310809	125	5	5	TCTGCGCGCTCGCTCGCTCA
test	subjectB	sample3	chr1-116923708	125	5	5	TCTGCGCGCTCGCTCGCTCA
test	subjectB	sample3	chr1+121825028	125	5	5	TCTGCGCGCTCGCTCGCTCA
test	subjectB	sample3	chr5+134896087	125	5	5	TCTGCGCGCTCGCTCGCTCA
test	subjectB	sample3	chr14+43078824	125	5	5	TCTGCGCGCTCGCTCGCTCA
test	subjectB	sample3	chr16+53208677	125	5	5	TCTGCGCGCTCGCTCGCTCA
test	subjectB	sample3	chr21+43088153	125	5	5	TCTGCGCGCTCGCTCGCTCA
test	subjectB	sample3	chr11+59042351	125	5	5	TCTGCGCGCTCGCTCGCTCA
test	subjectB	sample3	chr15-91852959	125	5	5	TCTGCGCGCTCGCTCGCTCA
test	subjectB	sample3	chr15+33856735	125	5	5	TCTGCGCGCTCGCTCGCTCA
test	subjectB	sample3	chr22-25409644	125	5	5	TCTGCGCGCTCGCTCGCTCA
test	subjectB	sample3	chr6-61604836	125	5	5	TCTGCGCGCTCGCTCGCTCA
test	subjectB	sample3	chr10-53725343	125	5	5	TCTGCGCGCTCGCTCGCTCA
test	subjectB	sample3	chr18-58023132	125	5	5	TCTGCGCGCTCGCTCGCTCA
test	subjectB	sample3	chrX-56770585	125	5	5	TCTGCGCGCTCGCTCGCTCA
test	subjectB	sample3	chr19-25460729	125	5	5	TCTGCGCGCTCGCTCGCTCA
test	subjectB	sample3	chr16+69946523	125	5	5	TCTGCGCGCTCGCTCGCTCA
test	subjectB	sample3	chr21+32871734	125	5	5	TCTGCGCGCTCGCTCGCTCA
test	subjectB	sample3	chr16-52596996	125	5	5	TCTGCGCGCTCGCTCGCTCA
test	subjectB	sample3	chr15+67817551	125	5	5	TCTGCGCGCTCGCTCGCTCA
test	subjectB	sample3	chr18+21329709	125	5	5	TCTGCGCGCTCGCTCGCTCA
test	subjectB	sample3	chr20+248073	125	5	5	TCTGCGCGCTCGCTCGCTCA
test	subjectB	sample3	chr21-25494772	125	5	5	TCTGCGCGCTCGCTCGCTCA
test	subjectB	sample3	chr13+112005494	125	5	5	TCTGCGCGCTCGCTCGCTCA
test	subjectB	sample3	chr5+17921107	125	5	5	TCTGCGCGCTCGCTCGCTCA
test	subjectB	sample3	chr11-88685618	125	5	5	TCTGCGCGCTCGCTCGCTCA
test	subjectB	sample3	chr4-11352517	125	5	5	TCTGCGCGCTCGCTCGCTCA
test	subjectB	sample3	chr21+44914653	125	5	5	TCTGCGCGCTCGCTCGCTCA
test	subjectB	sample3	chr5+52402927	125	5	5	TCTGCGCGCTCGCTCGCTCA
test	subjectB	sample3	chr9-117772202	125	5	5	TCTGCGCGCTCGCTCGCTCA
test	subjectB	sample3	chr11+74475180	125	5	5	TCTGCGCGCTCGCTCGCTCA
test	subjectB	sample3	chr17+69474307	125	5	5	TCTGCGCGCTCGCTCGCTCA
test	subjectB	sample3	chr4+180583656	125	5	5	TCTGCGCGCTCGCTCGCTCA
test	subjectB	sample3	chr19-3809395	125	5	5	TCTGCGCGCTCGCTCGCTCA
test	subjectB	sample3	chr17+31799852	125	5	5	TCTGCGCGCTCGCTCGCTCA
test	subjectB	sample3	chrX-36049162	125	5	5	TCTGCGCGCTCGCTCGCTCA
test	subjectB	sample3	chrX-143687261	125	5	5	TCTGCGCGCTCGCTCGCTCA
test	subjectB	sample3	chr7+46071516	125	5	5	TCTGCGCGCTCGCTCGCTCA
test	subjectB	sample3	chrX-36442551	125	5	5	TCTGCGCGCTCGCTCGCTCA
test	subjectB	sample3	chr16-57455941	125	5	5	TCTGCGCGCTCGCTCGCTCA
test	subjectB	sample3	chrX+26021619	125	5	5	TCTGCGCGCTCGCTCGCTCA
test	subjectB	sample3	chr13-70332124	125	5	5	TCTGCGCGCTCGCTCGCTCA
test	subjectB	sample3	chr14+58405018	125	5	5	TCTGCGCGCTCGCTCGCTCA
test	subjectB	sample3	chrX+22199645	125	5	5	TCTGCGCGCTCGCTCGCTCA
test	subjectB	sample3	chrX+117010318	125	5	5	TCTGCGCGCTCGCTCGCTCA
test	subjectB	sample3	chr19+19314107	125	5	5	TCTGCGCGCTCGCTCGCTCA
test	subjectB	sample3	chr3+155724596	125	5	5	TCTGCGCGCTCGCTCGCTCA
test	subjectB	sample3	chr18-47752325	125	5	5	TCTGCGCGCTCGCTCGCTCA
test	subjectB	sample3	chr19+34327511	125	5	5	TCTGCGCGCTCGCTCGCTCA
test	subjectB	sample3	chrX-104983500	125	5	5	TCTGCGCGCTCGCTCGCTCA
test	subjectB	sample3	chr6+11180616	125	5	5	TCTGCGCGCTCGCTCGCTCA
test	subjectB	sample3	chr8+17784254	125	5	5	TCTGCGCGCTCGCTCGCTCA
test	subjectB	sample3	chr2-189729090	125	5	5	TCTGCGCGCTCGCTCGCTCA
test	subjectB	sample3	chr2-19559274	125	5	5	TCTGCGCGCTCGCTCGCTCA
test	subjectB	sample3	chr12+9238235	125	5	5	TCTGCGCGCTCGCTCGCTCA
test	subjectB	sample3	chr11+67421980	125	5	5	TCTGCGCGCTCGCTCGCTCA
test	subjectB	sample3	chrX-96175284	125	5	5	TCTGCGCGCTCGCTCGCTCA
test	subjectB	sample3	chr3-160965750	125	5	5	TCTGCGCGCTCGCTCGCTCA
test	subjectB	sample3	chr7+83347169	125	5	5	TCTGCGCGCTCGCTCGCTCA
test	subjectB	sample3	chr18-68848271	125	5	5	TCTGCGCGCTCGCTCGCTCA
test	subjectB	sample3	chr13-64982245	125	5	5	TCTGCGCGCTCGCTCGCTCA
test	subjectB	sample3	chr17-63426022	125	5	5	TCTGCGCGCTCGCTCGCTCA
test	subjectB	sample3	chr9-135325382	125	5	5	TCTGCGCGCTCGCTCGCTCA
test	subjectB	sample3	chr10-55182299	125	5	5	TCTGCGCGCTCGCTCGCTCA
test	subjectB	sample3	chr9-87557778	125	5	5	TCTGCGCGCTCGCTCGCTCA
test	subjectB	sample3	chr18+14265571	125	5	5	TCTGCGCGCTCGCTCGCTCA
test	subjectB	sample3	chr9+78326622	125	5	5	TCTGCGCGCTCGCTCGCTCA
test	subjectB	sample3	chr14-71556496	125	5	5	TCTGCGCGCTCGCTCGCTCA
test	subjectB	sample3	chr5-80103512	125	5	5	TCTGCGCGCTCGCTCGCTCA
test	subjectB	sample3	chr19+31056893	125	5	5	TCTGCGCGCTCGCTCGCTCA
test	subjectB	sample3	chr13-103056851	125	5	5	TCTGCGCGCTCGCTCGCTCA
test	subjectB	sample3	chr6-7010661	125	5	5	TCTGCGCGCTCGCTCGCTCA
test	subjectB	sample3	chr6+83602538	125	5	5	TCTGCGCGCTCGCTCGCTCA
test	subjectB	sample3	chr10+15944173	125	5	5	TCTGCGCGCTCGCTCGCTCA
test	subjectB	sample3	chr7+139170286	125	5	5	TCTGCGCGCTCGCTCGCTCA
test	subjectB	sample3	chr16-74457293	125	5	5	TCTGCGCGCTCGCTCGCTCA
test	subjectB	sample3	chr12+18962926	125	5	5	TCTGCGCGCTCGCTCGCTCA
test	subjectB	sample3	chr22+45457355	125	5	5	TCTGCGCGCTCGCTCGCTCA
test	subjectB	sample3	chr1+71307832	125	5	5	TCTGCGCGCTCGCTCGCTCA
test	subjectB	sample3	chr2-60065356	125	5	5	TCTGCGCGCTCGCTCGCTCA
test	subjectB	sample3	chr2-22787686	125	5	5	TCTGCGCGCTCGCTCGCTCA
test	subjectB	sample3	chr15-42230766	125	5	5	TCTGCGCGCTCGCTCGCTCA
test	subjectB	sample3	chr21+43635564	125	5	5	TCTGCGCGCTCGCTCGCTCA
test	subjectB	sample3	chr9+10781045	125	5	5	TCTGCGCGCTCGCTCGCTCA
test	subjectB	sample3	chr6+145814705	125	5	5	TCTGCGCGCTCGCTCGCTCA
test	subjectB	sample3	chr20-11737968	125	5	5	TCTGCGCGCTCGCTCGCTCA
test	subjectB	sample3	chr19+37716413	125	5	5	TCTGCGCGCTCGCTCGCTCA
test	subjectB	sample3	chr15+64949267	125	5	5	TCTGCGCGCTCGCTCGCTCA
test	subjectB	sample3	chr10+65849815	125	5	5	TCTGCGCGCTCGCTCGCTCA
test	subjectB	sample3	chr8+25663655	125	5	5	TCTGCGCGCTCGCTCGCTCA
test	subjectB	sample3	chr2-179911063	125	5	5	TCTGCGCGCTCGCTCGCTCA
test	subjectB	sample3	chr17+41970779	125	5	5	TCTGCGCGCTCGCTCGCTCA
test	subjectB	sample3	chr2+162982338	125	5	5	TCTGCGCGCTCGCTCGCTCA
test	subjectB	sample3	chr1+213843264	125	5	5	TCTGCGCGCTCGCTCGCTCA
test	subjectB	sample3	chr9-67244172	125	5	5	TCTGCGCGCTCGCTCGCTCA
test	subjectB	sample3	chr3+17174395	125	5	5	TCTGCGCGCTCGCTCGCTCA
test	subjectB	sample3	chr6+166309370	125	5	5	TCTGCGCGCTCGCTCGCTCA
test	subjectB	sample3	chr10+124356221	125	5	5	TCTGCGCGCTCGCTCGCTCA
test	subjectB	sample3	chr10-50371459	125	5	5	TCTGCGCGCTCGCTCGCTCA
test	subjectB	sample3	chr16-13394622	125	5	5	TCTGCGCGCTCGCTCGCTCA
test	subjectB	sample3	chr18+13395822	125	5	5	TCTGCGCGCTCGCTCGCTCA
test	subjectB	sample3	chr16-46750929	125	5	5	TCTGCGCGCTCGCTCGCTCA
test	subjectB	sample3	chr3+123793287	125	5	5	TCTGCGCGCTCGCTCGCTCA
test	subjectB	sample3	chr2-102744461	125	5	5	TCTGCGCGCTCGCTCGCTCA
test	subjectB	sample3	chr15-58511187	125	5	5	TCTGCGCGCTCGCTCGCTCA
test	subjectB	sample3	chr17+39402870	125	5	5	TCTGCGCGCTCGCTCGCTCA
test	subjectB	sample3	chr8+122877772	125	5	5	TCTGCGCGCTCGCTCGCTCA
test	subjectB	sample3	chr10-128945880	125	5	5	TCTGCGCGCTCGCTCGCTCA
test	subjectB	sample3	chr6-130160595	125	5	5	TCTGCGCGCTCGCTCGCTCA
test	subjectB	sample3	chr13-108952747	125	5	5	TCTGCGCGCTCGCTCGCTCA
test	subjectB	sample3	chr8-23748322	125	5	5	TCTGCGCGCTCGCTCGCTCA
test	subjectB	sample3	chr20+44470042	125	5	5	TCTGCGCGCTCGCTCGCTCA
test	subjectB	sample3	chr14-106141046	125	5	5	TCTGCGCGCTCGCTCGCTCA
test	subjectB	sample3	chr11+21107535	125	5	5	TCTGCGCGCTCGCTCGCTCA
test	subjectB	sample3	chr5-169765843	125	5	5	TCTGCGCGCTCGCTCGCTCA
test	subjectB	sample3	chr19-4877535	125	5	5	TCTGCGCGCTCGCTCGCTCA
test	subjectB	sample3	chr5-154759043	125	5	5	TCTGCGCGCTCGCTCGCTCA
test	subjectB	sample3	chr19+23967692	125	5	5	TCTGCGCGCTCGCTCGCTCA
test	subjectB	sample3	chr18-57407047	125	5	5	TCTGCGCGCTCGCTCGCTCA
test	subjectB	sample3	chr15-68913810	125	5	5	TCTGCGCGCTCGCTCGCTCA
test	subjectB	sample3	chr1-94667214	125	5	5	TCTGCGCGCTCGCTCGCTCA
test	subjectB	sample3	chr3+104794076	125	5	5	TCTGCGCGCTCGCTCGCTCA
test	subjectB	sample3	chr5-162084198	125	5	5	TCTGCGCGCTCGCTCGCTCA
test	subjectB	sample3	chr5-82973851	125	5	5	TCTGCGCGCTCGCTCGCTCA
test	subjectB	sample3	chr9+127338421	125	5	5	TCTGCGCGCTCGCTCGCTCA
test	subjectB	sample3	chr15-65696051	125	5	5	TCTGCGCGCTCGCTCGCTCA
test	subjectB	sample3	chr15+77702799	125	5	5	TCTGCGCGCTCGCTCGCTCA
test	subjectB	sample3	chr5-137624410	125	5	5	TCTGCGCGCTCGCTCGCTCA
test	subjectB	sample3	chr9-79475524	125	5	5	TCTGCGCGCTCGCTCGCTCA
test	subjectB	sample3	chr7+130010839	125	5	5	TCTGCGCGCTCGCTCGCTCA
test	subjectB	sample3	chr8+117536239	125	5	5	TCTGCGCGCTCGCTCGCTCA
test	subjectB	sample3	chrX-107728556	125	5	5	TCTGCGCGCTCGCTCGCTCA
test	subjectB	sample3	chr3-195159282	125	5	5	TCTGCGCGCTCGCTCGCTCA
test	subjectB	sample3	chr4+46240373	125	5	5	TCTGCGCGCTCGCTCGCTCA
test	subjectB	sample3	chr9-121733329	125	5	5	TCTGCGCGCTCGCTCGCTCA
test	subjectB	sample3	chr13-41147549	125	5	5	TCTGCGCGCTCGCTCGCTCA
test	subjectB	sample3	chr13-29232399	125	5	5	TCTGCGCGCTCGCTCGCTCA
test	subjectB	sample3	chr15+37575239	125	5	5	TCTGCGCGCTCGCTCGCTCA
test	subjectB	sample3	chr1+94363909	125	5	5	TCTGCGCGCTCGCTCGCTCA
test	subjectB	sample3	chr1-227869403	125	5	5	TCTGCGCGCTCGCTCGCTCA
test	subjectB	sample3	chr22+29807286	125	5	5	TCTGCGCGCTCGCTCGCTCA
test	subjectB	sample3	chr17+19307172	125	5	5	TCTGCGCGCTCGCTCGCTCA
test	subjectB	sample3	chr16-13915467	125	5	5	TCTGCGCGCTCGCTCGCTCA
test	subjectB	sample3	chr8+91474250	125	5	5	TCTGCGCGCTCGCTCGCTCA
test	subjectB	sample3	chr3-67599037	125	5	5	TCTGCGCGCTCGCTCGCTCA
test	subjectB	sample3	chr4-36524209	125	5	5	TCTGCGCGCTCGCTCGCTCA
test	subjectB	sample3	chr14+103875179	125	5	5	TCTGCGCGCTCGCTCGCTCA
test	subjectB	sample3	chr20+23742665	125	5	5	TCTGCGCGCTCGCTCGCTCA
test	subjectB	sample3	chr20-14487037	125	5	5	TCTGCGCGCTCGCTCGCTCA
test	subjectB	sample3	chr17+81678275	125	5	5	TCTGCGCGCTCGCTCGCTCA
test	subjectB	sample3	chr18-39931716	125	5	5	TCTGCGCGCTCGCTCGCTCA
test	subjectB	sample3	chr16+68022790	125	5	5	TCTGCGCGCTCGCTCGCTCA
test	subjectB	sample3	chr16-47826402	125	5	5	TCTGCGCGCTCGCTCGCTCA
test	subjectB	sample3	chr20-40677581	125	5	5	TCTGCGCGCTCGCTCGCTCA
test	subjectB	sample3	chr10+32928243	125	5	5	TCTGCGCGCTCGCTCGCTCA
test	subjectB	sample3	chr15-63761626	125	5	5	TCTGCGCGCTCGCTCGCTCA
test	subjectB	sample3	chr19+8638111	125	5	5	TCTGCGCGCTCGCTCGCTCA
test	subjectB	sample3	chr17+31934200	125	5	5	TCTGCGCGCTCGCTCGCTCA
test	subjectB	sample3	chr20+63879851	125	5	5	TCTGCGCGCTCGCTCGCTCA
test	subjectB	sample3	chr5-52621228	125	5	5	TCTGCGCGCTCGCTCGCTCA
test	subjectB	sample3	chr20+41291929	125	5	5	TCTGCGCGCTCGCTCGCTCA
test	subjectB	sample3	chr22+39019714	125	5	5	TCTGCGCGCTCGCTCGCTCA
test	subjectB	sample3	chr6+59503165	125	5	5	TCTGCGCGCTCGCTCGCTCA
test	subjectB	sample3	chr3+114528128	125	5	5	TCTGCGCGCTCGCTCGCTCA
test	subjectB	sample3	chr8+129786153	125	5	5	TCTGCGCGCTCGCTCGCTCA
test	subjectB	sample3	chr20-4580396	125	5	5	TCTGCGCGCTCGCTCGCTCA
test	subjectB	sample3	chr3-143191699	125	5	5	TCTGCGCGCTCGCTCGCTCA
test	subjectB	sample3	chr14+46495499	125	5	5	TCTGCGCGCTCGCTCGCTCA
test	subjectB	sample3	chr10+125994201	125	5	5	TCTGCGCGCTCGCTCGCTCA
test	subjectB	sample3	chr17+75545835	125	5	5	TCTGCGCGCTCGCTCGCTCA
test	subjectB	sample3	chr13-20152974	125	5	5	TCTGCGCGCTCGCTCGCTCA
test	subjectB	sample3	chr7+113775918	125	5	5	TCTGCGCGCTCGCTCGCTCA
test	subjectB	sample3	chr15-68754393	125	5	5	TCTGCGCGCTCGCTCGCTCA
test	subjectB	sample3	chrX+31927174	125	5	5	TCTGCGCGCTCGCTCGCTCA
test	subjectB	sample3	chr6+43068109	125	5	5	TCTGCGCGCTCGCTCGCTCA
test	subjectB	sample3	chr15-56161142	125	5	5	TCTGCGCGCTCGCTCGCTCA
test	subjectB	sample3	chr9+128031453	125	5	5	TCTGCGCGCTCGCTCGCTCA
test	subjectB	sample3	chrX+122681396	125	5	5	TCTGCGCGCTCGCTCGCTCA
test	subjectB	sample3	chr2-160282425	125	5	5	TCTGCGCGCTCGCTCGCTCA
test	subjectB	sample3	chr5+61663629	125	5	5	TCTGCGCGCTCGCTCGCTCA
test	subjectB	sample3	chr13+68048237	125	5	5	TCTGCGCGCTCGCTCGCTCA
test	subjectB	sample3	chr12+35143198	125	5	5	TCTGCGCGCTCGCTCGCTCA
test	subjectB	sample3	chr7-114250372	125	5	5	TCTGCGCGCTCGCTCGCTCA
test	subjectB	sample3	chr2+234267654	125	5	5	TCTGCGCGCTCGCTCGCTCA
test	subjectB	sample3	chr14-97009855	125	5	5	TCTGCGCGCTCGCTCGCTCA
test	subjectB	sample3	chr5-157057966	125	5	5	TCTGCGCGCTCGCTCGCTCA
test	subjectB	sample3	chr20+62674318	125	5	5	TCTGCGCGCTCGCTCGCTCA
test	subjectB	sample3	chr16+58870132	125	5	5	TCTGCGCGCTCGCTCGCTCA
test	subjectB	sample3	chr12+33620787	125	5	5	TCTGCGCGCTCGCTCGCTCA
test	subjectB	sample3	chr10+16979519	125	5	5	TCTGCGCGCTCGCTCGCTCA
test	subjectB	sample3	chrX-77134085	125	5	5	TCTGCGCGCTCGCTCGCTCA
test	subjectB	sample3	chr9+45396286	125	5	5	TCTGCGCGCTCGCTCGCTCA
test	subjectB	sample3	chr18+7411689	125	5	5	TCTGCGCGCTCGCTCGCTCA
test	subjectB	sample3	chr14+22641164	125	5	5	TCTGCGCGCTCGCTCGCTCA
test	subjectB	sample3	chr20-10295674	125	5	5	TCTGCGCGCTCGCTCGCTCA
test	subjectB	sample3	chr8-130605720	125	5	5	TCTGCGCGCTCGCTCGCTCA
test	subjectB	sample3	chr10-61939334	125	5	5	TCTGCGCGCTCGCTCGCTCA
test	subjectB	sample3	chr17-29963252	125	5	5	TCTGCGCGCTCGCTCGCTCA
test	subjectB	sample3	chr18-66731151	125	5	5	TCTGCGCGCTCGCTCGCTCA
test	subjectB	sample3	chr4+70095537	125	5	5	TCTGCGCGCTCGCTCGCTCA
test	subjectB	sample3	chr20-47655471	125	5	5	TCTGCGCGCTCGCTCGCTCA
test	subjectB	sample3	chr8-73537112	125	5	5	TCTGCGCGCTCGCTCGCTCA
test	subjectB	sample3	chr11-67335781	125	5	5	TCTGCGCGCTCGCTCGCTCA
test	subjectB	sample3	chrX+115982300	125	5	5	TCTGCGCGCTCGCTCGCTCA
test	subjectB	sample3	chr10+104131550	125	5	5	TCTGCGCGCTCGCTCGCTCA
test	subjectB	sample3	chr10-40514727	125	5	5	TCTGCGCGCTCGCTCGCTCA
test	subjectB	sample3	chr12-5607683	125	5	5	TCTGCGCGCTCGCTCGCTCA
test	subjectB	sample3	chr13+77630888	125	5	5	TCTGCGCGCTCGCTCGCTCA
test	subjectB	sample3	chr16+17713284	125	5	5	TCTGCGCGCTCGCTCGCTCA
test	subjectB	sample3	chr6-34362786	125	5	5	TCTGCGCGCTCGCTCGCTCA
test	subjectB	sample3	chr19+45527114	125	5	5	TCTGCGCGCTCGCTCGCTCA
test	subjectB	sample3	chr16-74840858	125	5	5	TCTGCGCGCTCGCTCGCTCA
test	subjectB	sample3	chr1+161672995	125	5	5	TCTGCGCGCTCGCTCGCTCA
test	subjectB	sample3	chr5+78862019	125	5	5	TCTGCGCGCTCGCTCGCTCA
test	subjectB	sample3	chr12+23728870	125	5	5	TCTGCGCGCTCGCTCGCTCA
test	subjectB	sample3	chr19-41640232	125	5	5	TCTGCGCGCTCGCTCGCTCA
test	subjectB	sample3	chr19-2337219	125	5	5	TCTGCGCGCTCGCTCGCTCA
test	subjectB	sample3	chr19+57704401	125	5	5	TCTGCGCGCTCGCTCGCTCA
test	subjectB	sample3	chr8-51690481	125	5	5	TCTGCGCGCTCGCTCGCTCA
test	subjectB	sample3	chr19+18112700	125	5	5	TCTGCGCGCTCGCTCGCTCA
test	subjectB	sample3	chr7+96226257	125	5	5	TCTGCGCGCTCGCTCGCTCA
test	subjectB	sample3	chr8+74679004	125	5	5	TCTGCGCGCTCGCTCGCTCA
test	subjectB	sample3	chr4+150635763	125	5	5	TCTGCGCGCTCGCTCGCTCA
test	subjectB	sample3	chr1-183060291	125	5	5	TCTGCGCGCTCGCTCGCTCA
test	subjectB	sample3	chr20-37169142	125	5	5	TCTGCGCGCTCGCTCGCTCA
test	subjectB	sample3	chr22-19917844	125	5	5	TCTGCGCGCTCGCTCGCTCA
test	subjectB	sample3	chr16-27823370	125	5	5	TCTGCGCGCTCGCTCGCTCA
test	subjectB	sample3	chr7-152340885	125	5	5	TCTGCGCGCTCGCTCGCTCA
test	subjectB	sample3	chr1-71037520	125	5	5	TCTGCGCGCTCGCTCGCTCA
test	subjectB	sample3	chr11+43414009	125	5	5	TCTGCGCGCTCGCTCGCTCA
test	subjectB	sample3	chr9+125231923	125	5	5	TCTGCGCGCTCGCTCGCTCA
test	subjectB	sample3	chr14+26253137	125	5	5	TCTGCGCGCTCGCTCGCTCA
test	subjectB	sample3	chr3+179496397	125	5	5	TCTGCGCGCTCGCTCGCTCA
test	subjectB	sample3	chr5+55652984	125	5	5	TCTGCGCGCTCGCTCGCTCA
test	subjectB	sample3	chr17-18521643	125	5	5	TCTGCGCGCTCGCTCGCTCA
test	subjectB	sample3	chr4+119962479	125	5	5	TCTGCGCGCTCGCTCGCTCA
test	subjectB	sample3	chr4+108733484	125	5	5	TCTGCGCGCTCGCTCGCTCA
test	subjectB	sample3	chr22+40563597	125	5	5	TCTGCGCGCTCGCTCGCTCA
test	subjectB	sample3	chr3-121819942	125	5	5	TCTGCGCGCTCGCTCGCTCA
test	subjectB	sample3	chr12-14273096	125	5	5	TCTGCGCGCTCGCTCGCTCA
test	subjectB	sample3	chrX-114116167	125	5	5	TCTGCGCGCTCGCTCGCTCA
test	subjectB	sample3	chr7-86039536	125	5	5	TCTGCGCGCTCGCTCGCTCA
test	subjectB	sample3	chr13+104240701	125	5	5	TCTGCGCGCTCGCTCGCTCA
test	subjectB	sample3	chr8-22673264	125	5	5	TCTGCGCGCTCGCTCGCTCA
test	subjectB	sample3	chr14-80307175	125	5	5	TCTGCGCGCTCGCTCGCTCA
test	subjectB	sample3	chr8-9183215	125	5	5	TCTGCGCGCTCGCTCGCTCA
test	subjectB	sample3	chr5+71010177	125	5	5	TCTGCGCGCTCGCTCGCTCA
test	subjectB	sample3	chr16+49237514	125	5	5	TCTGCGCGCTCGCTCGCTCA
test	subjectB	sample3	chrX+107313223	125	5	5	TCTGCGCGCTCGCTCGCTCA
test	subjectB	sample3	chr21+11023647	125	5	5	TCTGCGCGCTCGCTCGCTCA
test	subjectB	sample3	chr1-169409519	125	5	5	TCTGCGCGCTCGCTCGCTCA
test	subjectB	sample3	chr1+47810222	125	5	5	TCTGCGCGCTCGCTCGCTCA
test	subjectB	sample3	chr10+18383203	125	5	5	TCTGCGCGCTCGCTCGCTCA
test	subjectB	sample3	chr5+126181776	125	5	5	TCTGCGCGCTCGCTCGCTCA
test	subjectB	sample3	chr21+29474259	125	5	5	TCTGCGCGCTCGCTCGCTCA
test	subjectB	sample3	chr12-32367845	125	5	5	TCTGCGCGCTCGCTCGCTCA
test	subjectB	sample3	chrX-84920573	125	5	5	TCTGCGCGCTCGCTCGCTCA
test	subjectB	sample3	chr6+134305229	125	5	5	TCTGCGCGCTCGCTCGCTCA
test	subjectB	sample3	chr1-6015542	125	5	5	TCTGCGCGCTCGCTCGCTCA
test	subjectB	sample3	chr6-146251948	125	5	5	TCTGCGCGCTCGCTCGCTCA
test	subjectB	sample3	chr5-78867437	125	5	5	TCTGCGCGCTCGCTCGCTCA
test	subjectB	sample3	chr16-32911089	125	5	5	TCTGCGCGCTCGCTCGCTCA
test	subjectB	sample3	chr3-52357387	125	5	5	TCTGCGCGCTCGCTCGCTCA
test	subjectB	sample3	chr20+60198349	125	5	5	TCTGCGCGCTCGCTCGCTCA
test	subjectB	sample3	chr9+2864245	125	5	5	TCTGCGCGCTCGCTCGCTCA
test	subjectB	sample3	chr13-109397786	125	5	5	TCTGCGCGCTCGCTCGCTCA
test	subjectB	sample3	chr19+28807842	125	5	5	TCTGCGCGCTCGCTCGCTCA
test	subjectB	sample3	chr22-28631948	125	5	5	TCTGCGCGCTCGCTCGCTCA
test	subjectB	sample3	chr18+29322425	125	5	5	TCTGCGCGCTCGCTCGCTCA
test	subjectB	sample3	chr10-69174847	125	5	5	TCTGCGCGCTCGCTCGCTCA
test	subjectB	sample3	chr8-114160945	125	5	5	TCTGCGCGCTCGCTCGCTCA
test	subjectB	sample3	chr15-79375954	125	5	5	TCTGCGCGCTCGCTCGCTCA
test	subjectB	sample3	chr15-27399629	125	5	5	TCTGCGCGCTCGCTCGCTCA
test	subjectB	sample3	chr14-82011498	125	5	5	TCTGCGCGCTCGCTCGCTCA
test	subjectB	sample3	chr15+97001456	125	5	5	TCTGCGCGCTCGCTCGCTCA
test	subjectB	sample3	chr7+137581546	125	5	5	TCTGCGCGCTCGCTCGCTCA
test	subjectB	sample3	chr21-44183539	125	5	5	TCTGCGCGCTCGCTCGCTCA
test	subjectB	sample3	chr20+47493500	125	5	5	TCTGCGCGCTCGCTCGCTCA
test	subjectB	sample3	chr6+94382805	125	5	5	TCTGCGCGCTCGCTCGCTCA
test	subjectB	sample3	chr5-124267874	125	5	5	TCTGCGCGCTCGCTCGCTCA
test	subjectB	sample3	chr16+11297400	125	5	5	TCTGCGCGCTCGCTCGCTCA
test	subjectB	sample3	chr15-63248043	125	5	5	TCTGCGCGCTCGCTCGCTCA
test	subjectB	sample3	chr13+43925295	125	5	5	TCTGCGCGCTCGCTCGCTCA
test	subjectB	sample3	chr18+77174461	125	5	5	TCTGCGCGCTCGCTCGCTCA
test	subjectB	sample3	chr21-23488973	125	5	5	TCTGCGCGCTCGCTCGCTCA
test	subjectB	sample3	chr12-132415444	125	5	5	TCTGCGCGCTCGCTCGCTCA
test	subjectB	sample3	chr20-16080811	125	5	5	TCTGCGCGCTCGCTCGCTCA
test	subjectB	sample3	chr17-81366223	125	5	5	TCTGCGCGCTCGCTCGCTCA
test	subjectB	sample3	chr16+28028330	125	5	5	TCTGCGCGCTCGCTCGCTCA
test	subjectB	sample3	chrX-77172517	125	5	5	TCTGCGCGCTCGCTCGCTCA
test	subjectB	sample3	chr3+187101974	125	5	5	TCTGCGCGCTCGCTCGCTCA
test	subjectB	sample3	chr8-134517309	125	5	5	TCTGCGCGCTCGCTCGCTCA
test	subjectB	sample3	chr21-42385450	125	5	5	TCTGCGCGCTCGCTCGCTCA
test	subjectB	sample3	chr2-43994867	125	5	5	TCTGCGCGCTCGCTCGCTCA
test	subjectB	sample3	chr14-38906314	125	5	5	TCTGCGCGCTCGCTCGCTCA
test	subjectB	sample3	chr10+24838592	125	5	5	TCTGCGCGCTCGCTCGCTCA
test	subjectB	sample3	chr5+24891542	125	5	5	TCTGCGCGCTCGCTCGCTCA
test	subjectB	sample3	chr16+3447314	125	5	5	TCTGCGCGCTCGCTCGCTCA
test	subjectB	sample3	chr3-124861397	125	5	5	TCTGCGCGCTCGCTCGCTCA
test	subjectB	sample3	chr4-179764206	125	5	5	TCTGCGCGCTCGCTCGCTCA
test	subjectB	sample3	chr21+9014618	125	5	5	TCTGCGCGCTCGCTCGCTCA
test	subjectB	sample3	chr16+74459636	125	5	5	TCTGCGCGCTCGCTCGCTCA
test	subjectB	sample3	chr4+130093502	125	5	5	TCTGCGCGCTCGCTCGCTCA
test	subjectB	sample3	chr8+67924676	125	5	5	TCTGCGCGCTCGCTCGCTCA
test	subjectB	sample3	chr20+8393726	125	5	5	TCTGCGCGCTCGCTCGCTCA
test	subjectB	sample3	chr5-90169039	125	5	5	TCTGCGCGCTCGCTCGCTCA
test	subjectB	sample3	chr17-77690894	125	5	5	TCTGCGCGCTCGCTCGCTCA
test	subjectB	sample3	chr11+115518538	125	5	5	TCTGCGCGCTCGCTCGCTCA
test	subjectB	sample3	chr14+44523104	125	5	5	TCTGCGCGCTCGCTCGCTCA
test	subjectB	sample3	chr14-78415550	125	5	5	TCTGCGCGCTCGCTCGCTCA
test	subjectB	sample3	chr7-84694223	125	5	5	TCTGCGCGCTCGCTCGCTCA
test	subjectB	sample3	chr21-40771168	125	5	5	TCTGCGCGCTCGCTCGCTCA
test	subjectB	sample3	chr6-287238	125	5	5	TCTGCGCGCTCGCTCGCTCA
test	subjectB	sample3	chr15-91050997	125	5	5	TCTGCGCGCTCGCTCGCTCA
test	subjectB	sample3	chr13-104325756	125	5	5	TCTGCGCGCTCGCTCGCTCA
test	subjectB	sample3	chrX+133144133	125	5	5	TCTGCGCGCTCGCTCGCTCA
test	subjectB	sample3	chr4+71293314	125	5	5	TCTGCGCGCTCGCTCGCTCA
test	subjectB	sample3	chr13-40033675	125	5	5	TCTGCGCGCTCGCTCGCTCA
test	subjectB	sample3	chr20+61057360	125	5	5	TCTGCGCGCTCGCTCGCTCA
test	subjectB	sample3	chr14+39861661	125	5	5	TCTGCGCGCTCGCTCGCTCA
test	subjectB	sample3	chr22-14133785	125	5	5	TCTGCGCGCTCGCTCGCTCA
test	subjectB	sample3	chr9+128683305	125	5	5	TCTGCGCGCTCGCTCGCTCA
test	subjectB	sample3	chr7+18468865	125	5	5	TCTGCGCGCTCGCTCGCTCA
test	subjectB	sample3	chr5-74892178	125	5	5	TCTGCGCGCTCGCTCGCTCA
test	subjectB	sample3	chr14+36097245	125	5	5	TCTGCGCGCTCGCTCGCTCA
test	subjectB	sample3	chr21+32873413	125	5	5	TCTGCGCGCTCGCTCGCTCA
test	subjectB	sample3	chr13-70300294	125	5	5	TCTGCGCGCTCGCTCGCTCA
test	subjectB	sample3	chr12-54773718	125	5	5	TCTGCGCGCTCGCTCGCTCA
test	subjectB	sample3	chr12+11854081	125	5	5	TCTGCGCGCTCGCTCGCTCA
test	subjectB	sample3	chr17-59824975	125	5	5	TCTGCGCGCTCGCTCGCTCA
test	subjectB	sample3	chr8-3586711	125	5	5	TCTGCGCGCTCGCTCGCTCA
test	subjectB	sample3	chr20-15521072	125	5	5	TCTGCGCGCTCGCTCGCTCA
test	subjectB	sample3	chr12-46020394	125	5	5	TCTGCGCGCTCGCTCGCTCA
test	subjectB	sample3	chr13+94221902	125	5	5	TCTGCGCGCTCGCTCGCTCA
test	subjectB	sample3	chr19+42523433	125	5	5	TCTGCGCGCTCGCTCGCTCA
test	subjectB	sample3	chr16-38066215	125	5	5	TCTGCGCGCTCGCTCGCTCA
test	subjectB	sample3	chrX+31775337	125	5	5	TCTGCGCGCTCGCTCGCTCA
test	subjectB	sample3	chr1+233213337	125	5	5	TCTGCGCGCTCGCTCGCTCA
test	subjectB	sample3	chr3+129265905	125	5	5	TCTGCGCGCTCGCTCGCTCA
test	subjectB	sample3	chr2-183636869	125	5	5	TCTGCGCGCTCGCTCGCTCA
test	subjectB	sample3	chr4+122039226	125	5	5	TCTGCGCGCTCGCTCGCTCA
test	subjectB	sample3	chr12-44946137	125	5	5	TCTGCGCGCTCGCTCGCTCA
test	subjectB	sample3	chr6-125887684	125	5	5	TCTGCGCGCTCGCTCGCTCA
test	subjectB	sample3	chr21-27954367	125	5	5	TCTGCGCGCTCGCTCGCTCA
test	subjectB	sample3	chr8+81632625	125	5	5	TCTGCGCGCTCGCTCGCTCA
test	subjectB	sample3	chr21+27951823	125	5	5	TCTGCGCGCTCGCTCGCTCA
test	subjectB	sample3	chr5-116686237	125	5	5	TCTGCGCGCTCGCTCGCTCA
test	subjectB	sample3	chr6+93585378	125	5	5	TCTGCGCGCTCGCTCGCTCA
test	subjectB	sample3	chr10+45395970	125	5	5	TCTGCGCGCTCGCTCGCTCA
test	subjectB	sample3	chr16+2159046	125	5	5	TCTGCGCGCTCGCTCGCTCA
test	subjectB	sample3	chr14-101243307	125	5	5	TCTGCGCGCTCGCTCGCTCA
test	subjectB	sample3	chr11+86707705	125	5	5	TCTGCGCGCTCGCTCGCTCA
test	subjectB	sample3	chr15-68550466	125	5	5	TCTGCGCGCTCGCTCGCTCA
test	subjectB	sample3	chr1-226195085	125	5	5	TCTGCGCGCTCGCTCGCTCA
test	subjectB	sample3	chr2+73118725	125	5	5	TCTGCGCGCTCGCTCGCTCA
test	subjectB	sample3	chr12+27435756	125	5	5	TCTGCGCGCTCGCTCGCTCA
test	subjectB	sample3	chr16-25297699	125	5	5	TCTGCGCGCTCGCTCGCTCA
test	subjectB	sample3	chr19-36734235	125	5	5	TCTGCGCGCTCGCTCGCTCA
test	subjectB	sample3	chr11+63869345	125	5	5	TCTGCGCGCTCGCTCGCTCA
test	subjectB	sample3	chr8-71987980	125	5	5	TCTGCGCGCTCGCTCGCTCA
test	subjectB	sample3	chr15+50581119	125	5	5	TCTGCGCGCTCGCTCGCTCA
test	subjectB	sample3	chr20-8731641	125	5	5	TCTGCGCGCTCGCTCGCTCA
test	subjectB	sample3	chr18-65583740	125	5	5	TCTGCGCGCTCGCTCGCTCA
test	subjectB	sample3	chr4-35333152	125	5	5	TCTGCGCGCTCGCTCGCTCA
test	subjectB	sample3	chr5+174454129	125	5	5	TCTGCGCGCTCGCTCGCTCA
test	subjectB	sample3	chr7-55936935	125	5	5	TCTGCGCGCTCGCTCGCTCA
test	subjectB	sample3	chr15-47031503	125	5	5	TCTGCGCGCTCGCTCGCTCA
test	subjectB	sample3	chr14-76701934	125	5	5	TCTGCGCGCTCGCTCGCTCA
test	subjectB	sample3	chr4+8115295	125	5	5	TCTGCGCGCTCGCTCGCTCA
test	subjectB	sample3	chr5-161366060	125	5	5	TCTGCGCGCTCGCTCGCTCA
test	subjectB	sample3	chrX+40731819	125	5	5	TCTGCGCGCTCGCTCGCTCA
test	subjectB	sample3	chr11+90821761	125	5	5	TCTGCGCGCTCGCTCGCTCA
test	subjectB	sample3	chr7-71551993	125	5	5	TCTGCGCGCTCGCTCGCTCA
test	subjectB	sample3	chr13-37980850	125	5	5	TCTGCGCGCTCGCTCGCTCA
test	subjectB	sample3	chr18-70996331	125	5	5	TCTGCGCGCTCGCTCGCTCA
test	subjectB	sample3	chr9+69215938	125	5	5	TCTGCGCGCTCGCTCGCTCA
test	subjectB	sample3	chr1-209764791	125	5	5	TCTGCGCGCTCGCTCGCTCA
test	subjectB	sample3	chr19-42516561	125	5	5	TCTGCGCGCTCGCTCGCTCA
test	subjectB	sample3	chr11-62369110	125	5	5	TCTGCGCGCTCGCTCGCTCA
test	subjectB	sample3	chr17-22617711	125	5	5	TCTGCGCGCTCGCTCGCTCA
test	subjectB	sample3	chr14-88938277	125	5	5	TCTGCGCGCTCGCTCGCTCA
test	subjectB	sample3	chr4-91680233	125	5	5	TCTGCGCGCTCGCTCGCTCA
test	subjectB	sample3	chr11-48608378	125	5	5	TCTGCGCGCTCGCTCGCTCA
test	subjectB	sample3	chr1-218947768	125	5	5	TCTGCGCGCTCGCTCGCTCA
test	subjectB	sample3	chr8-75418886	125	5	5	TCTGCGCGCTCGCTCGCTCA
test	subjectB	sample3	chr6-92936805	125	5	5	TCTGCGCGCTCGCTCGCTCA
test	subjectB	sample3	chr16-18196072	125	5	5	TCTGCGCGCTCGCTCGCTCA
test	subjectB	sample3	chr7-143453265	125	5	5	TCTGCGCGCTCGCTCGCTCA
test	subjectB	sample3	chr21+24701092	125	5	5	TCTGCGCGCTCGCTCGCTCA
test	subjectB	sample3	chr22+48218056	125	5	5	TCTGCGCGCTCGCTCGCTCA
test	subjectB	sample3	chr17+33645800	125	5	5	TCTGCGCGCTCGCTCGCTCA
test	subjectB	sample3	chr13+61068183	125	5	5	TCTGCGCGCTCGCTCGCTCA
test	subjectB	sample3	chr7-104735170	125	5	5	TCTGCGCGCTCGCTCGCTCA
test	subjectB	sample3	chr16-51253957	125	5	5	TCTGCGCGCTCGCTCGCTCA
test	subjectB	sample3	chr22+26482300	125	5	5	TCTGCGCGCTCGCTCGCTCA
test	subjectB	sample3	chr1+66693186	125	5	5	TCTGCGCGCTCGCTCGCTCA
test	subjectB	sample3	chr2-204789679	125	5	5	TCTGCGCGCTCGCTCGCTCA
test	subjectB	sample3	chr22-41622424	125	5	5	TCTGCGCGCTCGCTCGCTCA
test	subjectB	sample3	chr22-28426056	125	5	5	TCTGCGCGCTCGCTCGCTCA
test	subjectB	sample3	chr10-116008578	125	5	5	TCTGCGCGCTCGCTCGCTCA
test	subjectB	sample3	chr11-126397682	125	5	5	TCTGCGCGCTCGCTCGCTCA
test	subjectB	sample3	chr18-45782587	125	5	5	TCTGCGCGCTCGCTCGCTCA
test	subjectB	sample3	chr9+124784234	125	5	5	TCTGCGCGCTCGCTCGCTCA
test	subjectB	sample3	chr9+516484	125	5	5	TCTGCGCGCTCGCTCGCTCA
test	subjectB	sample3	chr2+196103879	125	5	5	TCTGCGCGCTCGCTCGCTCA
test	subjectB	sample3	chr9+8454710	125	5	5	TCTGCGCGCTCGCTCGCTCA
test	subjectB	sample3	chr3+59571063	125	5	5	TCTGCGCGCTCGCTCGCTCA
test	subjectB	sample3	chr17+26725714	125	5	5	TCTGCGCGCTCGCTCGCTCA
test	subjectB	sample3	chr18-39252403	125	5	5	TCTGCGCGCTCGCTCGCTCA
test	subjectB	sample3	chr11-99922861	125	5	5	TCTGCGCGCTCGCTCGCTCA
test	subjectB	sample3	chr15+68112364	125	5	5	TCTGCGCGCTCGCTCGCTCA
test	subjectB	sample3	chr14-95695569	125	5	5	TCTGCGCGCTCGCTCGCTCA
test	subjectB	sample3	chrX+95998817	125	5	5	TCTGCGCGCTCGCTCGCTCA
test	subjectB	sample3	chr19+11882891	125	5	5	TCTGCGCGCTCGCTCGCTCA
test	subjectB	sample3	chr22+19539013	125	5	5	TCTGCGCGCTCGCTCGCTCA
test	subjectB	sample3	chr4+36575034	125	5	5	TCTGCGCGCTCGCTCGCTCA
test	subjectB	sample3	chr8-142256981	125	5	5	TCTGCGCGCTCGCTCGCTCA
test	subjectB	sample3	chr17+40516470	125	5	5	TCTGCGCGCTCGCTCGCTCA
test	subjectB	sample3	chr20+8775363	125	5	5	TCTGCGCGCTCGCTCGCTCA
test	subjectB	sample3	chr18+54549630	125	5	5	TCTGCGCGCTCGCTCGCTCA
test	subjectB	sample3	chr7-140769264	125	5	5	TCTGCGCGCTCGCTCGCTCA
test	subjectB	sample3	chr11+22639365	125	5	5	TCTGCGCGCTCGCTCGCTCA
test	subjectB	sample3	chr5+3329627	125	5	5	TCTGCGCGCTCGCTCGCTCA
test	subjectB	sample3	chr10-8666019	125	5	5	TCTGCGCGCTCGCTCGCTCA
test	subjectB	sample3	chr11-17455998	125	5	5	TCTGCGCGCTCGCTCGCTCA
test	subjectB	sample3	chr19+28885785	125	5	5	TCTGCGCGCTCGCTCGCTCA
test	subjectB	sample3	chr12+79846328	125	5	5	TCTGCGCGCTCGCTCGCTCA
test	subjectB	sample3	chr14+37931362	125	5	5	TCTGCGCGCTCGCTCGCTCA
test	subjectB	sample3	chr3-18408544	125	5	5	TCTGCGCGCTCGCTCGCTCA
test	subjectB	sample3	chr2+20866760	125	5	5	TCTGCGCGCTCGCTCGCTCA
test	subjectB	sample3	chr8-121216522	125	5	5	TCTGCGCGCTCGCTCGCTCA
test	subjectB	sample3	chr3-132141963	125	5	5	TCTGCGCGCTCGCTCGCTCA
test	subjectB	sample3	chr5-97864961	125	5	5	TCTGCGCGCTCGCTCGCTCA
test	subjectB	sample3	chr6-37893044	125	5	5	TCTGCGCGCTCGCTCGCTCA
test	subjectB	sample3	chr17-81831568	125	5	5	TCTGCGCGCTCGCTCGCTCA
test	subjectB	sample3	chr21+28156800	125	5	5	TCTGCGCGCTCGCTCGCTCA
test	subjectB	sample3	chr21+46147545	125	5	5	TCTGCGCGCTCGCTCGCTCA
test	subjectB	sample3	chr6-128819168	125	5	5	TCTGCGCGCTCGCTCGCTCA
test	subjectB	sample3	chr4-32426091	125	5	5	TCTGCGCGCTCGCTCGCTCA
test	subjectB	sample3	chr13+113588862	125	5	5	TCTGCGCGCTCGCTCGCTCA
test	subjectB	sample3	chr2-96338557	125	5	5	TCTGCGCGCTCGCTCGCTCA
test	subjectB	sample3	chr14-103911438	125	5	5	TCTGCGCGCTCGCTCGCTCA
test	subjectB	sample3	chr16-81383351	125	5	5	TCTGCGCGCTCGCTCGCTCA
test	subjectB	sample3	chr13-23882678	125	5	5	TCTGCGCGCTCGCTCGCTCA
test	subjectB	sample3	chr5-334419	125	5	5	TCTGCGCGCTCGCTCGCTCA
test	subjectB	sample3	chr8-75004626	125	5	5	TCTGCGCGCTCGCTCGCTCA
test	subjectB	sample3	chrX-49090699	125	5	5	TCTGCGCGCTCGCTCGCTCA
test	subjectB	sample3	chr10+66319436	125	5	5	TCTGCGCGCTCGCTCGCTCA
test	subjectB	sample3	chr6+72327069	125	5	5	TCTGCGCGCTCGCTCGCTCA
test	subjectB	sample3	chr11-23220747	125	5	5	TCTGCGCGCTCGCTCGCTCA
test	subjectB	sample3	chr19+32396264	125	5	5	TCTGCGCGCTCGCTCGCTCA
test	subjectB	sample3	chr11-81386334	125	5	5	TCTGCGCGCTCGCTCGCTCA
test	subjectB	sample3	chr13-98317370	125	5	5	TCTGCGCGCTCGCTCGCTCA
test	subjectB	sample3	chr22+26085531	125	5	5	TCTGCGCGCTCGCTCGCTCA
test	subjectB	sample3	chr21-17200396	125	5	5	TCTGCGCGCTCGCTCGCTCA
test	subjectB	sample3	chr14-53612698	125	5	5	TCTGCGCGCTCGCTCGCTCA
test	subjectB	sample3	chr18+57921334	125	5	5	TCTGCGCGCTCGCTCGCTCA
test	subjectB	sample3	chr19+26459281	125	5	5	TCTGCGCGCTCGCTCGCTCA
test	subjectB	sample3	chr19-21044033	125	5	5	TCTGCGCGCTCGCTCGCTCA
test	subjectB	sample3	chr3+171445543	125	5	5	TCTGCGCGCTCGCTCGCTCA
test	subjectB	sample3	chr8-89319993	125	5	5	TCTGCGCGCTCGCTCGCTCA
test	subjectB	sample3	chr21-36535309	125	5	5	TCTGCGCGCTCGCTCGCTCA
test	subjectB	sample3	chr6+132087799	125	5	5	TCTGCGCGCTCGCTCGCTCA
test	subjectB	sample3	chrX+121080575	125	5	5	TCTGCGCGCTCGCTCGCTCA
test	subjectB	sample3	chr19+37979144	125	5	5	TCTGCGCGCTCGCTCGCTCA
test	subjectB	sample3	chr9+110309275	125	5	5	TCTGCGCGCTCGCTCGCTCA
test	subjectB	sample3	chr9+137771664	125	5	5	TCTGCGCGCTCGCTCGCTCA
test	subjectB	sample3	chr3-68445123	125	5	5	TCTGCGCGCTCGCTCGCTCA
test	subjectB	sample3	chr1+146831772	125	5	5	TCTGCGCGCTCGCTCGCTCA
test	subjectB	sample3	chr10-28010232	125	5	5	TCTGCGCGCTCGCTCGCTCA
test	subjectB	sample3	chr3-108266422	125	5	5	TCTGCGCGCTCGCTCGCTCA
test	subjectB	sample3	chr7-34588768	125	5	5	TCTGCGCGCTCGCTCGCTCA
test	subjectB	sample3	chr19-23111686	125	5	5	TCTGCGCGCTCGCTCGCTCA
test	subjectB	sample3	chr16-79726131	125	5	5	TCTGCGCGCTCGCTCGCTCA
test	subjectB	sample3	chr21-17628182	125	5	5	TCTGCGCGCTCGCTCGCTCA
test	subjectB	sample3	chr19+17105168	125	5	5	TCTGCGCGCTCGCTCGCTCA
test	subjectB	sample3	chr15-30422008	125	5	5	TCTGCGCGCTCGCTCGCTCA
test	subjectB	sample3	chr3-48954154	125	5	5	TCTGCGCGCTCGCTCGCTCA
test	subjectB	sample3	chr3-19278250	125	5	5	TCTGCGCGCTCGCTCGCTCA
test	subjectB	sample3	chr2-96395106	125	5	5	TCTGCGCGCTCGCTCGCTCA
test	subjectB	sample3	chr6+46687983	125	5	5	TCTGCGCGCTCGCTCGCTCA
test	subjectB	sample3	chrX+107550915	125	5	5	TCTGCGCGCTCGCTCGCTCA
test	subjectB	sample3	chr21-29010808	125	5	5	TCTGCGCGCTCGCTCGCTCA
test	subjectB	sample3	chr11-22232096	125	5	5	TCTGCGCGCTCGCTCGCTCA
test	subjectB	sample3	chr16-21645894	125	5	5	TCTGCGCGCTCGCTCGCTCA
test	subjectB	sample3	chr3+29749925	125	5	5	TCTGCGCGCTCGCTCGCTCA
test	subjectB	sample3	chr9+100241057	125	5	5	TCTGCGCGCTCGCTCGCTCA
test	subjectB	sample3	chr14+90593972	125	5	5	TCTGCGCGCTCGCTCGCTCA
test	subjectB	sample3	chr10-3950074	125	5	5	TCTGCGCGCTCGCTCGCTCA
test	subjectB	sample3	chr16-9188203	125	5	5	TCTGCGCGCTCGCTCGCTCA
test	subjectB	sample3	chr15+89213272	125	5	5	TCTGCGCGCTCGCTCGCTCA
test	subjectB	sample3	chr13+17015454	125	5	5	TCTGCGCGCTCGCTCGCTCA
test	subjectB	sample3	chr17+74082633	125	5	5	TCTGCGCGCTCGCTCGCTCA
test	subjectB	sample3	chr4+52527568	125	5	5	TCTGCGCGCTCGCTCGCTCA
test	subjectB	sample3	chrX-109241383	125	5	5	TCTGCGCGCTCGCTCGCTCA
test	subjectB	sample3	chr2-207847726	125	5	5	TCTGCGCGCTCGCTCGCTCA
test	subjectB	sample3	chr11-88899995	125	5	5	TCTGCGCGCTCGCTCGCTCA
test	subjectB	sample3	chr15-95178759	125	5	5	TCTGCGCGCTCGCTCGCTCA
test	subjectB	sample3	chr22+32091320	125	5	5	TCTGCGCGCTCGCTCGCTCA
test	subjectB	sample3	chr18-14475612	125	5	5	TCTGCGCGCTCGCTCGCTCA
test	subjectB	sample3	chr3-157693308	125	5	5	TCTGCGCGCTCGCTCGCTCA
test	subjectB	sample3	chr9-114572109	125	5	5	TCTGCGCGCTCGCTCGCTCA
test	subjectB	sample3	chr14-42759748	125	5	5	TCTGCGCGCTCGCTCGCTCA
test	subjectB	sample3	chr6+131239621	125	5	5	TCTGCGCGCTCGCTCGCTCA
test	subjectB	sample3	chr15-66447740	125	5	5	TCTGCGCGCTCGCTCGCTCA
test	subjectB	sample3	chr14-78814957	125	5	5	TCTGCGCGCTCGCTCGCTCA
test	subjectB	sample3	chrX-103562840	125	5	5	TCTGCGCGCTCGCTCGCTCA
test	subjectB	sample3	chr11+30097708	125	5	5	TCTGCGCGCTCGCTCGCTCA
test	subjectB	sample3	chr6-87602769	125	5	5	TCTGCGCGCTCGCTCGCTCA
test	subjectB	sample3	chr5+120212636	125	5	5	TCTGCGCGCTCGCTCGCTCA
test	subjectB	sample3	chr7-124878121	125	5	5	TCTGCGCGCTCGCTCGCTCA
test	subjectB	sample3	chr16+57693231	125	5	5	TCTGCGCGCTCGCTCGCTCA
test	subjectB	sample3	chr12+13408986	125	5	5	TCTGCGCGCTCGCTCGCTCA
test	subjectB	sample3	chr22-17137833	125	5	5	TCTGCGCGCTCGCTCGCTCA
test	subjectB	sample3	chr3-33740153	125	5	5	TCTGCGCGCTCGCTCGCTCA
test	subjectB	sample3	chr8-105121407	125	5	5	TCTGCGCGCTCGCTCGCTCA
test	subjectB	sample3	chr21+16307289	125	5	5	TCTGCGCGCTCGCTCGCTCA
test	subjectB	sample3	chr21-6286389	125	5	5	TCTGCGCGCTCGCTCGCTCA
test	subjectB	sample3	chr10-7166725	125	5	5	TCTGCGCGCTCGCTCGCTCA
test	subjectB	sample3	chr8+82871037	125	5	5	TCTGCGCGCTCGCTCGCTCA
test	subjectB	sample3	chr8+134428718	125	5	5	TCTGCGCGCTCGCTCGCTCA
test	subjectB	sample3	chr15-28513194	125	5	5	TCTGCGCGCTCGCTCGCTCA
test	subjectB	sample3	chr18+58285139	125	5	5	TCTGCGCGCTCGCTCGCTCA
test	subjectB	sample3	chr15-54671209	125	5	5	TCTGCGCGCTCGCTCGCTCA
test	subjectB	sample3	chr7+20493407	125	5	5	TCTGCGCGCTCGCTCGCTCA
test	subjectB	sample3	chr13+89138965	125	5	5	TCTGCGCGCTCGCTCGCTCA
test	subjectB	sample3	chr3-156539673	125	5	5	TCTGCGCGCTCGCTCGCTCA
test	subjectB	sample3	chr14-85375177	125	5	5	TCTGCGCGCTCGCTCGCTCA
test	subjectB	sample3	chr12+119294397	125	5	5	TCTGCGCGCTCGCTCGCTCA
test	subjectB	sample3	chr14+34292080	125	5	5	TCTGCGCGCTCGCTCGCTCA
test	subjectB	sample3	chr8+87810366	125	5	5	TCTGCGCGCTCGCTCGCTCA
test	subjectB	sample3	chr19-362535	125	5	5	TCTGCGCGCTCGCTCGCTCA
test	subjectB	sample3	chr17+27910370	125	5	5	TCTGCGCGCTCGCTCGCTCA
test	subjectB	sample3	chr7+40732577	125	5	5	TCTGCGCGCTCGCTCGCTCA
test	subjectB	sample3	chr21+25580679	125	5	5	TCTGCGCGCTCGCTCGCTCA
test	subjectB	sample3	chr18-28138417	125	5	5	TCTGCGCGCTCGCTCGCTCA
test	subjectB	sample3	chr17-41768524	125	5	5	TCTGCGCGCTCGCTCGCTCA
test	subjectB	sample3	chr14-48921272	125	5	5	TCTGCGCGCTCGCTCGCTCA
test	subjectB	sample3	chr5+161428308	125	5	5	TCTGCGCGCTCGCTCGCTCA
test	subjectB	sample3	chr1+166120897	125	5	5	TCTGCGCGCTCGCTCGCTCA
test	subjectB	sample3	chr17-10053213	125	5	5	TCTGCGCGCTCGCTCGCTCA
test	subjectB	sample3	chr10-105465317	125	5	5	TCTGCGCGCTCGCTCGCTCA
test	subjectB	sample3	chr7-61719209	125	5	5	TCTGCGCGCTCGCTCGCTCA
test	subjectB	sample3	chr6+79362831	125	5	5	TCTGCGCGCTCGCTCGCTCA
test	subjectB	sample3	chr5+165144800	125	5	5	TCTGCGCGCTCGCTCGCTCA
test	subjectB	sample3	chr7-15971951	125	5	5	TCTGCGCGCTCGCTCGCTCA
test	subjectB	sample3	chr19+42344151	125	5	5	TCTGCGCGCTCGCTCGCTCA
test	subjectB	sample3	chr11-84116526	125	5	5	TCTGCGCGCTCGCTCGCTCA
test	subjectB	sample3	chr4-109223951	125	5	5	TCTGCGCGCTCGCTCGCTCA
test	subjectB	sample3	chr15+52695845	125	5	5	TCTGCGCGCTCGCTCGCTCA
test	subjectB	sample3	chr12-29237975	125	5	5	TCTGCGCGCTCGCTCGCTCA
test	subjectB	sample3	chr2+42822897	125	5	5	TCTGCGCGCTCGCTCGCTCA
test	subjectB	sample3	chr22-10962160	125	5	5	TCTGCGCGCTCGCTCGCTCA
test	subjectB	sample3	chr18+76168883	125	5	5	TCTGCGCGCTCGCTCGCTCA
test	subjectB	sample3	chr3+15475716	125	5	5	TCTGCGCGCTCGCTCGCTCA
test	subjectB	sample3	chr13+106505101	125	5	5	TCTGCGCGCTCGCTCGCTCA
test	subjectB	sample3	chr6+92550655	125	5	5	TCTGCGCGCTCGCTCGCTCA
test	subjectB	sample3	chr20-25669305	125	5	5	TCTGCGCGCTCGCTCGCTCA
test	subjectB	sample3	chr4-153959931	125	5	5	TCTGCGCGCTCGCTCGCTCA
test	subjectB	sample3	chr13-79279501	125	5	5	TCTGCGCGCTCGCTCGCTCA
test	subjectB	sample3	chr21+30653468	125	5	5	TCTGCGCGCTCGCTCGCTCA
test	subjectB	sample3	chr19+49054810	125	5	5	TCTGCGCGCTCGCTCGCTCA
test	subjectB	sample3	chr5+34261482	125	5	5	TCTGCGCGCTCGCTCGCTCA
test	subjectB	sample3	chr1-181701392	125	5	5	TCTGCGCGCTCGCTCGCTCA
test	subjectB	sample3	chr6+113533147	125	5	5	TCTGCGCGCTCGCTCGCTCA
test	subjectB	sample3	chr22+46250969	125	5	5	TCTGCGCGCTCGCTCGCTCA
test	subjectB	sample3	chr1-168655250	125	5	5	TCTGCGCGCTCGCTCGCTCA
test	subjectB	sample3	chr21-13316259	125	5	5	TCTGCGCGCTCGCTCGCTCA
test	subjectB	sample3	chr21+15743305	125	5	5	TCTGCGCGCTCGCTCGCTCA
test	subjectB	sample3	chr17-22156768	125	5	5	TCTGCGCGCTCGCTCGCTCA
test	subjectB	sample3	chr14+92477851	125	5	5	TCTGCGCGCTCGCTCGCTCA
test	subjectB	sample3	chr2+232004645	125	5	5	TCTGCGCGCTCGCTCGCTCA
test	subjectB	sample3	chr8+37694288	125	5	5	TCTGCGCGCTCGCTCGCTCA
test	subjectB	sample3	chr19+31192468	125	5	5	TCTGCGCGCTCGCTCGCTCA
test	subjectB	sample3	chr1-222617990	125	5	5	TCTGCGCGCTCGCTCGCTCA
test	subjectB	sample3	chr5+45943063	125	5	5	TCTGCGCGCTCGCTCGCTCA
test	subjectB	sample3	chr22-28309468	125	5	5	TCTGCGCGCTCGCTCGCTCA
test	subjectB	sample3	chr12-113343102	125	5	5	TCTGCGCGCTCGCTCGCTCA
test	subjectB	sample3	chr13-97399691	125	5	5	TCTGCGCGCTCGCTCGCTCA
test	subjectB	sample3	chr14+99473635	125	5	5	TCTGCGCGCTCGCTCGCTCA
test	subjectB	sample3	chr11-128370377	125	5	5	TCTGCGCGCTCGCTCGCTCA
test	subjectB	sample3	chr18+68582910	125	5	5	TCTGCGCGCTCGCTCGCTCA
test	subjectB	sample3	chr2-180352767	125	5	5	TCTGCGCGCTCGCTCGCTCA
test	subjectB	sample3	chr4-59124622	125	5	5	TCTGCGCGCTCGCTCGCTCA
test	subjectB	sample3	chr16-12966299	125	5	5	TCTGCGCGCTCGCTCGCTCA
test	subjectB	sample3	chr8+49507538	125	5	5	TCTGCGCGCTCGCTCGCTCA
test	subjectB	sample3	chr4+112165887	125	5	5	TCTGCGCGCTCGCTCGCTCA
test	subjectB	sample3	chr8-39148123	125	5	5	TCTGCGCGCTCGCTCGCTCA
test	subjectB	sample3	chr4-35264013	125	5	5	TCTGCGCGCTCGCTCGCTCA
test	subjectB	sample3	chr21-11419561	125	5	5	TCTGCGCGCTCGCTCGCTCA
test	subjectB	sample3	chr10-94069856	125	5	5	TCTGCGCGCTCGCTCGCTCA
test	subjectB	sample3	chr12+44345131	125	5	5	TCTGCGCGCTCGCTCGCTCA
test	subjectB	sample3	chr3-113495940	125	5	5	TCTGCGCGCTCGCTCGCTCA
test	subjectB	sample3	chr14+72368200	125	5	5	TCTGCGCGCTCGCTCGCTCA
test	subjectB	sample3	chr4-61262638	125	5	5	TCTGCGCGCTCGCTCGCTCA
test	subjectB	sample3	chr17-4144029	125	5	5	TCTGCGCGCTCGCTCGCTCA
test	subjectB	sample3	chr4-150209922	125	5	5	TCTGCGCGCTCGCTCGCTCA
test	subjectB	sample3	chr14-53757917	125	5	5	TCTGCGCGCTCGCTCGCTCA
test	subjectB	sample3	chr1+55570999	125	5	5	TCTGCGCGCTCGCTCGCTCA
test	subjectB	sample3	chr13+73076643	125	5	5	TCTGCGCGCTCGCTCGCTCA
test	subjectB	sample3	chr17+16407618	125	5	5	TCTGCGCGCTCGCTCGCTCA
test	subjectB	sample3	chr20+3565150	125	5	5	TCTGCGCGCTCGCTCGCTCA
test	subjectB	sample3	chr11-95562622	125	5	5	TCTGCGCGCTCGCTCGCTCA
test	subjectB	sample3	chr9-66132839	125	5	5	TCTGCGCGCTCGCTCGCTCA
test	subjectB	sample3	chr5-72993039	125	5	5	TCTGCGCGCTCGCTCGCTCA
test	subjectB	sample3	chr16+37576920	125	5	5	TCTGCGCGCTCGCTCGCTCA
test	subjectB	sample3	chr10-39621892	125	5	5	TCTGCGCGCTCGCTCGCTCA
test	subjectB	sample3	chr2+173608567	125	5	5	TCTGCGCGCTCGCTCGCTCA
test	subjectB	sample3	chr9-63829551	125	5	5	TCTGCGCGCTCGCTCGCTCA
test	subjectB	sample3	chr14-93900131	125	5	5	TCTGCGCGCTCGCTCGCTCA
test	subjectB	sample3	chr4-68145808	125	5	5	TCTGCGCGCTCGCTCGCTCA
test	subjectB	sample3	chr14-23222537	125	5	5	TCTGCGCGCTCGCTCGCTCA
test	subjectB	sample3	chr6-77291285	125	5	5	TCTGCGCGCTCGCTCGCTCA
test	subjectB	sample3	chr3-69379332	125	5	5	TCTGCGCGCTCGCTCGCTCA
test	subjectB	sample3	chr11+63109590	125	5	5	TCTGCGCGCTCGCTCGCTCA
test	subjectB	sample3	chr16+74000115	125	5	5	TCTGCGCGCTCGCTCGCTCA
test	subjectB	sample3	chr21-38350273	125	5	5	TCTGCGCGCTCGCTCGCTCA
test	subjectB	sample3	chr12-88974534	125	5	5	TCTGCGCGCTCGCTCGCTCA
test	subjectB	sample3	chr15-91814682	125	5	5	TCTGCGCGCTCGCTCGCTCA
test	subjectB	sample3	chr19-9153306	125	5	5	TCTGCGCGCTCGCTCGCTCA
test	subjectB	sample3	chr5-28441614	125	5	5	TCTGCGCGCTCGCTCGCTCA
test	subjectB	sample3	chr9+13920216	125	5	5	TCTGCGCGCTCGCTCGCTCA
test	subjectB	sample3	chr8+10919430	125	5	5	TCTGCGCGCTCGCTCGCTCA
test	subjectB	sample3	chr10+122676822	125	5	5	TCTGCGCGCTCGCTCGCTCA
test	subjectB	sample3	chr5+56603141	125	5	5	TCTGCGCGCTCGCTCGCTCA
test	subjectB	sample3	chr15+90746817	125	5	5	TCTGCGCGCTCGCTCGCTCA
test	subjectB	sample3	chr22-20835100	125	5	5	TCTGCGCGCTCGCTCGCTCA
test	subjectB	sample3	chr1-98411410	125	5	5	TCTGCGCGCTCGCTCGCTCA
test	subjectB	sample3	chr5-162890900	125	5	5	TCTGCGCGCTCGCTCGCTCA
test	subjectB	sample3	chr22-22844452	125	5	5	TCTGCGCGCTCGCTCGCTCA
test	subjectB	sample3	chr9+98423430	125	5	5	TCTGCGCGCTCGCTCGCTCA
test	subjectB	sample3	chr15-43180178	125	5	5	TCTGCGCGCTCGCTCGCTCA
test	subjectB	sample3	chr6+1864784	125	5	5	TCTGCGCGCTCGCTCGCTCA
test	subjectB	sample3	chr4+52409564	125	5	5	TCTGCGCGCTCGCTCGCTCA
test	subjectB	sample3	chrX-50086710	125	5	5	TCTGCGCGCTCGCTCGCTCA
test	subjectB	sample3	chr22-38911316	125	5	5	TCTGCGCGCTCGCTCGCTCA
test	subjectB	sample3	chr2-49281929	125	5	5	TCTGCGCGCTCGCTCGCTCA
test	subjectB	sample3	chr13-95706176	125	5	5	TCTGCGCGCTCGCTCGCTCA
test	subjectB	sample3	chr9+61804897	125	5	5	TCTGCGCGCTCGCTCGCTCA
test	subjectB	sample3	chr13+36003837	125	5	5	TCTGCGCGCTCGCTCGCTCA
test	subjectB	sample3	chr11-25166374	125	5	5	TCTGCGCGCTCGCTCGCTCA
test	subjectB	sample3	chr2-7580237	125	5	5	TCTGCGCGCTCGCTCGCTCA
test	subjectB	sample3	chr5-55924384	125	5	5	TCTGCGCGCTCGCTCGCTCA
test	subjectB	sample3	chr8+61559514	125	5	5	TCTGCGCGCTCGCTCGCTCA
test	subjectB	sample3	chr1+173539719	125	5	5	TCTGCGCGCTCGCTCGCTCA
test	subjectB	sample3	chr13+107425063	125	5	5	TCTGCGCGCTCGCTCGCTCA
test	subjectB	sample3	chr17-38377245	125	5	5	TCTGCGCGCTCGCTCGCTCA
test	subjectB	sample3	chr11-47758136	125	5	5	TCTGCGCGCTCGCTCGCTCA
test	subjectB	sample3	chr14-53461980	125	5	5	TCTGCGCGCTCGCTCGCTCA
test	subjectB	sample3	chr22-28853071	125	5	5	TCTGCGCGCTCGCTCGCTCA
test	subjectB	sample3	chr6-58352540	125	5	5	TCTGCGCGCTCGCTCGCTCA
test	subjectB	sample3	chr19+10145488	125	5	5	TCTGCGCGCTCGCTCGCTCA
test	subjectB	sample3	chr14+105650557	125	5	5	TCTGCGCGCTCGCTCGCTCA
test	subjectB	sample3	chr21-13611407	125	5	5	TCTGCGCGCTCGCTCGCTCA
test	subjectB	sample3	chr1+56934830	125	5	5	TCTGCGCGCTCGCTCGCTCA
test	subjectB	sample3	chr1-169689541	125	5	5	TCTGCGCGCTCGCTCGCTCA
test	subjectB	sample3	chr1-69259344	125	5	5	TCTGCGCGCTCGCTCGCTCA
test	subjectB	sample3	chr10-104741978	125	5	5	TCTGCGCGCTCGCTCGCTCA
test	subjectB	sample3	chr6-16878107	125	5	5	TCTGCGCGCTCGCTCGCTCA
test	subjectB	sample3	chr20+38395103	125	5	5	TCTGCGCGCTCGCTCGCTCA
test	subjectB	sample3	chr1+223539586	125	5	5	TCTGCGCGCTCGCTCGCTCA
test	subjectB	sample3	chr3+163773096	125	5	5	TCTGCGCGCTCGCTCGCTCA
test	subjectB	sample3	chr1+6020473	125	5	5	TCTGCGCGCTCGCTCGCTCA
test	subjectB	sample3	chr9-21058032	125	5	5	TCTGCGCGCTCGCTCGCTCA
test	subjectB	sample3	chr8+53466075	125	5	5	TCTGCGCGCTCGCTCGCTCA
test	subjectB	sample3	chr12-67779970	125	5	5	TCTGCGCGCTCGCTCGCTCA
test	subjectB	sample3	chr2-92480969	125	5	5	TCTGCGCGCTCGCTCGCTCA
test	subjectB	sample3	chr18-3886070	125	5	5	TCTGCGCGCTCGCTCGCTCA
test	subjectB	sample3	chr16+47341573	125	5	5	TCTGCGCGCTCGCTCGCTCA
test	subjectB	sample3	chr13-54269712	125	5	5	TCTGCGCGCTCGCTCGCTCA
test	subjectB	sample3	chr6-7211771	125	5	5	TCTGCGCGCTCGCTCGCTCA
test	subjectB	sample3	chr2+25114505	125	5	5	TCTGCGCGCTCGCTCGCTCA
test	subjectB	sample3	chr16-67064135	125	5	5	TCTGCGCGCTCGCTCGCTCA
test	subjectB	sample3	chr10+85006983	125	5	5	TCTGCGCGCTCGCTCGCTCA
test	subjectB	sample3	chr9-117359088	125	5	5	TCTGCGCGCTCGCTCGCTCA
test	subjectB	sample3	chr21+17366199	125	5	5	TCTGCGCGCTCGCTCGCTCA
test	subjectB	sample3	chr21-34374698	125	5	5	TCTGCGCGCTCGCTCGCTCA
test	subjectB	sample3	chr17-70147163	125	5	5	TCTGCGCGCTCGCTCGCTCA
test	subjectB	sample3	chr17-54780891	125	5	5	TCTGCGCGCTCGCTCGCTCA
test	subjectB	sample3	chr7-151813076	125	5	5	TCTGCGCGCTCGCTCGCTCA
test	subjectB	sample3	chrX-19340660	125	5	5	TCTGCGCGCTCGCTCGCTCA
test	subjectB	sample3	chr7+16443619	125	5	5	TCTGCGCGCTCGCTCGCTCA
test	subjectB	sample3	chr18+32695175	125	5	5	TCTGCGCGCTCGCTCGCTCA
test	subjectB	sample3	chr3+184971161	125	5	5	TCTGCGCGCTCGCTCGCTCA
test	subjectB	sample3	chr3+12693289	125	5	5	TCTGCGCGCTCGCTCGCTCA
test	subjectB	sample3	chr7+120707062	125	5	5	TCTGCGCGCTCGCTCGCTCA
test	subjectB	sample3	chr18-35661423	125	5	5	TCTGCGCGCTCGCTCGCTCA
test	subjectB	sample3	chr14-87630670	125	5	5	TCTGCGCGCTCGCTCGCTCA
test	subjectB	sample3	chr7+29206995	125	5	5	TCTGCGCGCTCGCTCGCTCA
test	subjectB	sample3	chr10+26293143	125	5	5	TCTGCGCGCTCGCTCGCTCA
test	subjectB	sample3	chr17+30972266	125	5	5	TCTGCGCGCTCGCTCGCTCA
test	subjectB	sample3	chr7-151276515	125	5	5	TCTGCGCGCTCGCTCGCTCA
test	subjectB	sample3	chrX+102620311	125	5	5	TCTGCGCGCTCGCTCGCTCA
test	subjectB	sample3	chr13-27980064	125	5	5	TCTGCGCGCTCGCTCGCTCA
test	subjectB	sample3	chr1-212504254	125	5	5	TCTGCGCGCTCGCTCGCTCA
test	subjectB	sample3	chr19+36952980	125	5	5	TCTGCGCGCTCGCTCGCTCA
test	subjectB	sample3	chr15-94041491	125	5	5	TCTGCGCGCTCGCTCGCTCA
test	subjectB	sample3	chr7-28772411	125	5	5	TCTGCGCGCTCGCTCGCTCA
test	subjectB	sample3	chr2-742406	125	5	5	TCTGCGCGCTCGCTCGCTCA
test	subjectB	sample3	chr10-110269824	125	5	5	TCTGCGCGCTCGCTCGCTCA
test	subjectB	sample3	chrX+57831597	125	5	5	TCTGCGCGCTCGCTCGCTCA
test	subjectB	sample3	chr17-30796002	125	5	5	TCTGCGCGCTCGCTCGCTCA
test	subjectB	sample3	chr20-4026839	125	5	5	TCTGCGCGCTCGCTCGCTCA
test	subjectB	sample3	chr9-91836991	125	5	5	TCTGCGCGCTCGCTCGCTCA
test	subjectB	sample3	chr18-11291067	125	5	5	TCTGCGCGCTCGCTCGCTCA
test	subjectB	sample3	chrX-149768459	125	5	5	TCTGCGCGCTCGCTCGCTCA
test	subjectB	sample3	chr18+23445069	125	5	5	TCTGCGCGCTCGCTCGCTCA
test	subjectB	sample3	chr3+148095043	125	5	5	TCTGCGCGCTCGCTCGCTCA
test	subjectB	sample3	chr10-97142427	125	5	5	TCTGCGCGCTCGCTCGCTCA
test	subjectB	sample3	chr22-41642615	125	5	5	TCTGCGCGCTCGCTCGCTCA
test	subjectB	sample3	chr22-40079624	125	5	5	TCTGCGCGCTCGCTCGCTCA
test	subjectB	sample3	chr1-57367146	125	5	5	TCTGCGCGCTCGCTCGCTCA
test	subjectB	sample3	chr13-85085786	125	5	5	TCTGCGCGCTCGCTCGCTCA
test	subjectB	sample3	chr11+38250110	125	5	5	TCTGCGCGCTCGCTCGCTCA
test	subjectB	sample3	chr4+16082974	125	5	5	TCTGCGCGCTCGCTCGCTCA
test	subjectB	sample3	chr7-30815154	125	5	5	TCTGCGCGCTCGCTCGCTCA
test	subjectB	sample3	chr5-48165496	125	5	5	TCTGCGCGCTCGCTCGCTCA
test	subjectB	sample3	chr16-71284830	125	5	5	TCTGCGCGCTCGCTCGCTCA
test	subjectB	sample3	chr18+2606449	125	5	5	TCTGCGCGCTCGCTCGCTCA
test	subjectB	sample3	chr19-2963828	125	5	5	TCTGCGCGCTCGCTCGCTCA
test	subjectB	sample3	chr9-5052566	125	5	5	TCTGCGCGCTCGCTCGCTCA
test	subjectB	sample3	chr5+149284925	125	5	5	TCTGCGCGCTCGCTCGCTCA
test	subjectB	sample3	chrX-914346	125	5	5	TCTGCGCGCTCGCTCGCTCA
test	subjectB	sample3	chr3+166797374	125	5	5	TCTGCGCGCTCGCTCGCTCA
test	subjectB	sample3	chr10+82805624	125	5	5	TCTGCGCGCTCGCTCGCTCA
test	subjectB	sample3	chr22-34787750	125	5	5	TCTGCGCGCTCGCTCGCTCA
test	subjectB	sample3	chrX-12926095	125	5	5	TCTGCGCGCTCGCTCGCTCA
test	subjectB	sample3	chr1+58023340	125	5	5	TCTGCGCGCTCGCTCGCTCA
test	subjectB	sample3	chr9+82903618	125	5	5	TCTGCGCGCTCGCTCGCTCA
test	subjectB	sample3	chr3-158456135	125	5	5	TCTGCGCGCTCGCTCGCTCA
test	subjectB	sample3	chr20-9591782	125	5	5	TCTGCGCGCTCGCTCGCTCA
test	subjectB	sample3	chr3+163078041	125	5	5	TCTGCGCGCTCGCTCGCTCA
test	subjectB	sample3	chr7+62939280	125	5	5	TCTGCGCGCTCGCTCGCTCA
test	subjectB	sample3	chr11-123623301	125	5	5	TCTGCGCGCTCGCTCGCTCA
test	subjectB	sample3	chr13+61539821	125	5	5	TCTGCGCGCTCGCTCGCTCA
test	subjectB	sample3	chr11+72107329	125	5	5	TCTGCGCGCTCGCTCGCTCA
test	subjectB	sample3	chr5-4097502	125	5	5	TCTGCGCGCTCGCTCGCTCA
test	subjectB	sample3	chr4-170433479	125	5	5	TCTGCGCGCTCGCTCGCTCA
test	subjectB	sample3	chr12+69788989	125	5	5	TCTGCGCGCTCGCTCGCTCA
test	subjectB	sample3	chr13-102339627	125	5	5	TCTGCGCGCTCGCTCGCTCA
test	subjectB	sample3	chr8+124297018	125	5	5	TCTGCGCGCTCGCTCGCTCA
test	subjectB	sample3	chr18+30750626	125	5	5	TCTGCGCGCTCGCTCGCTCA
test	subjectB	sample3	chr5-54011919	125	5	5	TCTGCGCGCTCGCTCGCTCA
test	subjectB	sample3	chr16-25842129	125	5	5	TCTGCGCGCTCGCTCGCTCA
test	subjectB	sample3	chr12-31366294	125	5	5	TCTGCGCGCTCGCTCGCTCA
test	subjectB	sample3	chr20+736801	125	5	5	TCTGCGCGCTCGCTCGCTCA
test	subjectB	sample3	chr15+87775548	125	5	5	TCTGCGCGCTCGCTCGCTCA
test	subjectB	sample3	chr22+14311435	125	5	5	TCTGCGCGCTCGCTCGCTCA
test	subjectB	sample3	chr12-57994343	125	5	5	TCTGCGCGCTCGCTCGCTCA
test	subjectB	sample3	chr10-29247589	125	5	5	TCTGCGCGCTCGCTCGCTCA
test	subjectB	sample3	chr19+54780295	125	5	5	TCTGCGCGCTCGCTCGCTCA
test	subjectB	sample3	chr3-137290361	125	5	5	TCTGCGCGCTCGCTCGCTCA
test	subjectB	sample3	chrX-97744083	125	5	5	TCTGCGCGCTCGCTCGCTCA
test	subjectB	sample3	chr20+33476176	125	5	5	TCTGCGCGCTCGCTCGCTCA
test	subjectB	sample3	chr8+19768521	125	5	5	TCTGCGCGCTCGCTCGCTCA
test	subjectB	sample3	chr15-79468358	125	5	5	TCTGCGCGCTCGCTCGCTCA
test	subjectB	sample3	chr3-36048934	125	5	5	TCTGCGCGCTCGCTCGCTCA
test	subjectB	sample3	chr13+107560890	125	5	5	TCTGCGCGCTCGCTCGCTCA
test	subjectB	sample3	chr14+74262230	125	5	5	TCTGCGCGCTCGCTCGCTCA
test	subjectB	sample3	chr12+94244255	125	5	5	TCTGCGCGCTCGCTCGCTCA
test	subjectB	sample3	chr4-42225762	125	5	5	TCTGCGCGCTCGCTCGCTCA
test	subjectB	sample3	chr20-10165036	125	5	5	TCTGCGCGCTCGCTCGCTCA
test	subjectB	sample3	chr11+19568593	125	5	5	TCTGCGCGCTCGCTCGCTCA
test	subjectB	sample3	chr21+39644543	125	5	5	TCTGCGCGCTCGCTCGCTCA
test	subjectB	sample3	chr13+57136251	125	5	5	TCTGCGCGCTCGCTCGCTCA
test	subjectB	sample3	chr1-27165767	125	5	5	TCTGCGCGCTCGCTCGCTCA
test	subjectB	sample3	chr6+146330388	125	5	5	TCTGCGCGCTCGCTCGCTCA
test	subjectB	sample3	chr20-53282175	125	5	5	TCTGCGCGCTCGCTCGCTCA
test	subjectB	sample3	chr21+31181389	125	5	5	TCTGCGCGCTCGCTCGCTCA
test	subjectB	sample3	chr21-15854193	125	5	5	TCTGCGCGCTCGCTCGCTCA
test	subjectB	sample3	chr22-50643945	125	5	5	TCTGCGCGCTCGCTCGCTCA
test	subjectB	sample3	chr7-91450938	125	5	5	TCTGCGCGCTCGCTCGCTCA
test	subjectB	sample3	chr2-212704818	125	5	5	TCTGCGCGCTCGCTCGCTCA
test	subjectB	sample3	chr2-17675561	125	5	5	TCTGCGCGCTCGCTCGCTCA
test	subjectB	sample3	chr2-172376799	125	5	5	TCTGCGCGCTCGCTCGCTCA
test	subjectB	sample3	chr12+69904823	125	5	5	TCTGCGCGCTCGCTCGCTCA
test	subjectB	sample3	chr17-75756527	125	5	5	TCTGCGCGCTCGCTCGCTCA
test	subjectB	sample3	chr19+25945451	125	5	5	TCTGCGCGCTCGCTCGCTCA
test	subjectB	sample3	chr8+12494398	125	5	5	TCTGCGCGCTCGCTCGCTCA
test	subjectB	sample3	chr2+204770289	125	5	5	TCTGCGCGCTCGCTCGCTCA
test	subjectB	sample3	chr11+107720413	125	5	5	TCTGCGCGCTCGCTCGCTCA
test	subjectB	sample3	chr13-50548888	125	5	5	TCTGCGCGCTCGCTCGCTCA
test	subjectB	sample3	chr6-58256070	125	5	5	TCTGCGCGCTCGCTCGCTCA
test	subjectB	sample3	chr16+18772616	125	5	5	TCTGCGCGCTCGCTCGCTCA
test	subjectB	sample3	chr17-49020595	125	5	5	TCTGCGCGCTCGCTCGCTCA
test	subjectB	sample3	chr8+102975393	125	5	5	TCTGCGCGCTCGCTCGCTCA
test	subjectB	sample3	chr4-33759487	125	5	5	TCTGCGCGCTCGCTCGCTCA
test	subjectB	sample3	chr1+10773650	125	5	5	TCTGCGCGCTCGCTCGCTCA
test	subjectB	sample3	chr1+67520727	125	5	5	TCTGCGCGCTCGCTCGCTCA
test	subjectB	sample3	chr7+104476423	125	5	5	TCTGCGCGCTCGCTCGCTCA
test	subjectB	sample3	chr13-44219316	125	5	5	TCTGCGCGCTCGCTCGCTCA
test	subjectB	sample3	chr14-75303842	125	5	5	TCTGCGCGCTCGCTCGCTCA
test	subjectB	sample3	chr3+3289098	125	5	5	TCTGCGCGCTCGCTCGCTCA
test	subjectB	sample3	chr21+19645082	125	5	5	TCTGCGCGCTCGCTCGCTCA
test	subjectB	sample3	chr1+110571283	125	5	5	TCTGCGCGCTCGCTCGCTCA
test	subjectB	sample3	chr21+13695597	125	5	5	TCTGCGCGCTCGCTCGCTCA
test	subjectB	sample3	chr13+37778623	125	5	5	TCTGCGCGCTCGCTCGCTCA
test	subjectB	sample3	chr16-55495263	125	5	5	TCTGCGCGCTCGCTCGCTCA
test	subjectB	sample3	chr7+21665509	125	5	5	TCTGCGCGCTCGCTCGCTCA
test	subjectB	sample3	chr2+241015217	125	5	5	TCTGCGCGCTCGCTCGCTCA
test	subjectB	sample3	chr10-29424169	125	5	5	TCTGCGCGCTCGCTCGCTCA
test	subjectB	sample3	chr1-8068585	125	5	5	TCTGCGCGCTCGCTCGCTCA
test	subjectB	sample3	chr8-35233554	125	5	5	TCTGCGCGCTCGCTCGCTCA
test	subjectB	sample3	chr20-45760157	125	5	5	TCTGCGCGCTCGCTCGCTCA
test	subjectB	sample3	chr18+77395069	125	5	5	TCTGCGCGCTCGCTCGCTCA
test	subjectB	sample3	chr1-242434708	125	5	5	TCTGCGCGCTCGCTCGCTCA
test	subjectB	sample3	chr22-33972895	125	5	5	TCTGCGCGCTCGCTCGCTCA
test	subjectB	sample3	chr20-16582229	125	5	5	TCTGCGCGCTCGCTCGCTCA
test	subjectB	sample3	chr8-377264	125	5	5	TCTGCGCGCTCGCTCGCTCA
test	subjectB	sample3	chr11+11910763	125	5	5	TCTGCGCGCTCGCTCGCTCA
test	subjectB	sample3	chr15+74969409	125	5	5	TCTGCGCGCTCGCTCGCTCA
test	subjectB	sample3	chr12+32425350	125	5	5	TCTGCGCGCTCGCTCGCTCA
test	subjectB	sample3	chr16+58895754	125	5	5	TCTGCGCGCTCGCTCGCTCA
test	subjectB	sample3	chr18+31208327	125	5	5	TCTGCGCGCTCGCTCGCTCA
test	subjectB	sample3	chr12-14483323	125	5	5	TCTGCGCGCTCGCTCGCTCA
test	subjectB	sample3	chr16+24548582	125	5	5	TCTGCGCGCTCGCTCGCTCA
test	subjectB	sample3	chr3-103711119	125	5	5	TCTGCGCGCTCGCTCGCTCA
test	subjectB	sample3	chr18+44419068	125	5	5	TCTGCGCGCTCGCTCGCTCA
test	subjectB	sample3	chr22+49933069	125	5	5	TCTGCGCGCTCGCTCGCTCA
test	subjectB	sample3	chr2-88879331	125	5	5	TCTGCGCGCTCGCTCGCTCA
test	subjectB	sample3	chr20-64249363	125	5	5	TCTGCGCGCTCGCTCGCTCA
test	subjectB	sample3	chr22+17914793	125	5	5	TCTGCGCGCTCGCTCGCTCA
test	subjectB	sample3	chr19-17449781	125	5	5	TCTGCGCGCTCGCTCGCTCA
test	subjectB	sample3	chr5-116700425	125	5	5	TCTGCGCGCTCGCTCGCTCA
test	subjectB	sample3	chr1-172558180	125	5	5	TCTGCGCGCTCGCTCGCTCA
test	subjectB	sample3	chr6-55735500	125	5	5	TCTGCGCGCTCGCTCGCTCA
test	subjectB	sample3	chr17-65417139	125	5	5	TCTGCGCGCTCGCTCGCTCA
test	subjectB	sample3	chr7+83771497	125	5	5	TCTGCGCGCTCGCTCGCTCA
test	subjectB	sample3	chr12-110511221	125	5	5	TCTGCGCGCTCGCTCGCTCA
test	subjectB	sample3	chr18+7519636	125	5	5	TCTGCGCGCTCGCTCGCTCA
test	subjectB	sample3	chr19+28512718	125	5	5	TCTGCGCGCTCGCTCGCTCA
test	subjectB	sample3	chr2+146594498	125	5	5	TCTGCGCGCTCGCTCGCTCA
test	subjectB	sample3	chr20-26451797	125	5	5	TCTGCGCGCTCGCTCGCTCA
test	subjectB	sample3	chr14-88922347	125	5	5	TCTGCGCGCTCGCTCGCTCA
test	subjectB	sample3	chr14+53059907	125	5	5	TCTGCGCGCTCGCTCGCTCA
test	subjectB	sample3	chr14+97565178	125	5	5	TCTGCGCGCTCGCTCGCTCA
test	subjectB	sample3	chrX-84073995	125	5	5	TCTGCGCGCTCGCTCGCTCA
test	subjectB	sample3	chrX-100420110	125	5	5	TCTGCGCGCTCGCTCGCTCA
test	subjectB	sample3	chr21-10662072	125	5	5	TCTGCGCGCTCGCTCGCTCA
test	subjectB	sample3	chr18-27415831	125	5	5	TCTGCGCGCTCGCTCGCTCA
test	subjectB	sample3	chr20+37914485	125	5	5	TCTGCGCGCTCGCTCGCTCA
test	subjectB	sample3	chr3-56645797	125	5	5	TCTGCGCGCTCGCTCGCTCA
test	subjectB	sample3	chr15-92517460	125	5	5	TCTGCGCGCTCGCTCGCTCA
test	subjectB	sample3	chr10-3184575	125	5	5	TCTGCGCGCTCGCTCGCTCA
test	subjectB	sample3	chr17+80943187	125	5	5	TCTGCGCGCTCGCTCGCTCA
test	subjectB	sample3	chr18+78388165	125	5	5	TCTGCGCGCTCGCTCGCTCA
test	subjectB	sample3	chr17-82716661	125	5	5	TCTGCGCGCTCGCTCGCTCA
test	subjectB	sample3	chr5+50636465	125	5	5	TCTGCGCGCTCGCTCGCTCA
test	subjectB	sample3	chr1-73838657	125	5	5	TCTGCGCGCTCGCTCGCTCA
test	subjectB	sample3	chr2-66555857	125	5	5	TCTGCGCGCTCGCTCGCTCA
test	subjectB	sample3	chrX+9552405	125	5	5	TCTGCGCGCTCGCTCGCTCA
test	subjectB	sample3	chr22+44987144	125	5	5	TCTGCGCGCTCGCTCGCTCA
test	subjectB	sample3	chr16-84464615	125	5	5	TCTGCGCGCTCGCTCGCTCA
test	subjectB	sample3	chr16-67372261	125	5	5	TCTGCGCGCTCGCTCGCTCA
test	subjectB	sample3	chr4+44747450	125	5	5	TCTGCGCGCTCGCTCGCTCA
test	subjectB	sample3	chr17-71297065	125	5	5	TCTGCGCGCTCGCTCGCTCA
test	subjectB	sample3	chr7+144568829	125	5	5	TCTGCGCGCTCGCTCGCTCA
test	subjectB	sample3	chr18+22523687	125	5	5	TCTGCGCGCTCGCTCGCTCA
test	subjectB	sample3	chr6-42708978	125	5	5	TCTGCGCGCTCGCTCGCTCA
test	subjectB	sample3	chr9-63574892	125	5	5	TCTGCGCGCTCGCTCGCTCA
test	subjectB	sample3	chr3-94052662	125	5	5	TCTGCGCGCTCGCTCGCTCA
test	subjectB	sample3	chr10+51176925	125	5	5	TCTGCGCGCTCGCTCGCTCA
test	subjectB	sample3	chr13+22833644	125	5	5	TCTGCGCGCTCGCTCGCTCA
test	subjectB	sample3	chr16-64229763	125	5	5	TCTGCGCGCTCGCTCGCTCA
test	subjectB	sample3	chr10+70604330	125	5	5	TCTGCGCGCTCGCTCGCTCA
test	subjectB	sample3	chr20+55252148	125	5	5	TCTGCGCGCTCGCTCGCTCA
test	subjectB	sample3	chr4+75796362	125	5	5	TCTGCGCGCTCGCTCGCTCA
test	subjectB	sample3	chr5-26461943	125	5	5	TCTGCGCGCTCGCTCGCTCA
test	subjectB	sample3	chr16+14509358	125	5	5	TCTGCGCGCTCGCTCGCTCA
test	subjectB	sample3	chr3+125077677	125	5	5	TCTGCGCGCTCGCTCGCTCA
test	subjectB	sample3	chr9+85193172	125	5	5	TCTGCGCGCTCGCTCGCTCA
test	subjectB	sample3	chr15-62915540	125	5	5	TCTGCGCGCTCGCTCGCTCA
test	subjectB	sample3	chrX+23245391	125	5	5	TCTGCGCGCTCGCTCGCTCA
test	subjectB	sample3	chr11-77592999	125	5	5	TCTGCGCGCTCGCTCGCTCA
test	subjectB	sample3	chr8+144876947	125	5	5	TCTGCGCGCTCGCTCGCTCA
test	subjectB	sample3	chr13+57783626	125	5	5	TCTGCGCGCTCGCTCGCTCA
test	subjectB	sample3	chr20+43763798	125	5	5	TCTGCGCGCTCGCTCGCTCA
test	subjectB	sample3	chr7-104200516	125	5	5	TCTGCGCGCTCGCTCGCTCA
test	subjectB	sample3	chr1-1590014	125	5	5	TCTGCGCGCTCGCTCGCTCA
test	subjectB	sample3	chr2-217043932	125	5	5	TCTGCGCGCTCGCTCGCTCA
test	subjectB	sample3	chr10-40725425	125	5	5	TCTGCGCGCTCGCTCGCTCA
test	subjectB	sample3	chr20+26201020	125	5	5	TCTGCGCGCTCGCTCGCTCA
test	subjectB	sample3	chr12+32404159	125	5	5	TCTGCGCGCTCGCTCGCTCA
test	subjectB	sample3	chr13+62088793	125	5	5	TCTGCGCGCTCGCTCGCTCA
test	subjectB	sample3	chr14-90917601	125	5	5	TCTGCGCGCTCGCTCGCTCA
test	subjectB	sample3	chr18+20182	125	5	5	TCTGCGCGCTCGCTCGCTCA
test	subjectC	sample1	chrX+94956613	125	5	5	TCTGCGCGCTCGCTCGCTCA
test	subjectC	sample1	chr18-31160116	125	5	5	TCTGCGCGCTCGCTCGCTCA
test	subjectC	sample1	chr18-28282427	125	5	5	TCTGCGCGCTCGCTCGCTCA
test	subjectC	sample1	chr22+37990125	125	5	5	TCTGCGCGCTCGCTCGCTCA
test	subjectC	sample1	chr6+71995742	125	5	5	TCTGCGCGCTCGCTCGCTCA
test	subjectC	sample1	chr13+99947986	125	5	5	TCTGCGCGCTCGCTCGCTCA
test	subjectC	sample1	chr13+71114062	125	5	5	TCTGCGCGCTCGCTCGCTCA
test	subjectC	sample1	chr20-15852769	125	5	5	TCTGCGCGCTCGCTCGCTCA
test	subjectC	sample1	chr2-193409788	125	5	5	TCTGCGCGCTCGCTCGCTCA
test	subjectC	sample1	chr3+130315532	125	5	5	TCTGCGCGCTCGCTCGCTCA
test	subjectC	sample1	chr8-89649362	125	5	5	TCTGCGCGCTCGCTCGCTCA
test	subjectC	sample1	chr14-99960115	125	5	5	TCTGCGCGCTCGCTCGCTCA
test	subjectC	sample1	chr7-46228097	125	5	5	TCTGCGCGCTCGCTCGCTCA
test	subjectC	sample1	chrX-73199244	125	5	5	TCTGCGCGCTCGCTCGCTCA
test	subjectC	sample1	chr21+40461492	125	5	5	TCTGCGCGCTCGCTCGCTCA
test	subjectC	sample1	chr5+38238219	125	5	5	TCTGCGCGCTCGCTCGCTCA
test	subjectC	sample1	chr9+126823264	125	5	5	TCTGCGCGCTCGCTCGCTCA
test	subjectC	sample1	chr14+75641806	125	5	5	TCTGCGCGCTCGCTCGCTCA
test	subjectC	sample1	chr2+136447780	125	5	5	TCTGCGCGCTCGCTCGCTCA
test	subjectC	sample1	chr10-102962139	125	5	5	TCTGCGCGCTCGCTCGCTCA
test	subjectC	sample1	chr13-77984740	125	5	5	TCTGCGCGCTCGCTCGCTCA
test	subjectC	sample1	chrX+45125370	125	5	5	TCTGCGCGCTCGCTCGCTCA
test	subjectC	sample1	chr19+6711518	125	5	5	TCTGCGCGCTCGCTCGCTCA
test	subjectC	sample1	chr10+131791251	125	5	5	TCTGCGCGCTCGCTCGCTCA
test	subjectC	sample1	chr19-21966542	125	5	5	TCTGCGCGCTCGCTCGCTCA
test	subjectC	sample1	chr1-210190058	125	5	5	TCTGCGCGCTCGCTCGCTCA
test	subjectC	sample1	chr8+111296469	125	5	5	TCTGCGCGCTCGCTCGCTCA
test	subjectC	sample1	chr10-20143275	125	5	5	TCTGCGCGCTCGCTCGCTCA
test	subjectC	sample1	chr21-5220715	125	5	5	TCTGCGCGCTCGCTCGCTCA
test	subjectC	sample1	chr11+76607118	125	5	5	TCTGCGCGCTCGCTCGCTCA
test	subjectC	sample1	chr12+33017304	125	5	5	TCTGCGCGCTCGCTCGCTCA
test	subjectC	sample1	chr17-14707271	125	5	5	TCTGCGCGCTCGCTCGCTCA
test	subjectC	sample1	chr12+125159105	125	5	5	TCTGCGCGCTCGCTCGCTCA
test	subjectC	sample1	chr11+111110960	125	5	5	TCTGCGCGCTCGCTCGCTCA
test	subjectC	sample1	chr16+6267800	125	5	5	TCTGCGCGCTCGCTCGCTCA
test	subjectC	sample1	chr10-72293264	125	5	5	TCTGCGCGCTCGCTCGCTCA
test	subjectC	sample1	chr12+51017456	125	5	5	TCTGCGCGCTCGCTCGCTCA
test	subjectC	sample1	chr12+54357941	125	5	5	TCTGCGCGCTCGCTCGCTCA
test	subjectC	sample1	chr8+32135409	125	5	5	TCTGCGCGCTCGCTCGCTCA
test	subjectC	sample1	chrX+3455630	125	5	5	TCTGCGCGCTCGCTCGCTCA
test	subjectC	sample1	chrX+25603317	125	5	5	TCTGCGCGCTCGCTCGCTCA
test	subjectC	sample1	chr4+146576607	125	5	5	TCTGCGCGCTCGCTCGCTCA
test	subjectC	sample1	chr5+94741589	125	5	5	TCTGCGCGCTCGCTCGCTCA
test	subjectC	sample1	chr7+18201041	125	5	5	TCTGCGCGCTCGCTCGCTCA
test	subjectC	sample1	chr12+66650309	125	5	5	TCTGCGCGCTCGCTCGCTCA
test	subjectC	sample1	chrX+71705123	125	5	5	TCTGCGCGCTCGCTCGCTCA
test	subjectC	sample1	chr11+89824749	125	5	5	TCTGCGCGCTCGCTCGCTCA
test	subjectC	sample1	chr19+5514893	125	5	5	TCTGCGCGCTCGCTCGCTCA
test	subjectC	sample1	chr20-41637088	125	5	5	TCTGCGCGCTCGCTCGCTCA
test	subjectC	sample1	chr17+12659420	125	5	5	TCTGCGCGCTCGCTCGCTCA
test	subjectC	sample1	chr18-34821591	125	5	5	TCTGCGCGCTCGCTCGCTCA
test	subjectC	sample1	chr16-46848901	125	5	5	TCTGCGCGCTCGCTCGCTCA
test	subjectC	sample1	chr17+24806114	125	5	5	TCTGCGCGCTCGCTCGCTCA
test	subjectC	sample1	chr17+79739020	125	5	5	TCTGCGCGCTCGCTCGCTCA
test	subjectC	sample1	chr16-36177816	125	5	5	TCTGCGCGCTCGCTCGCTCA
test	subjectC	sample1	chr1+161049719	125	5	5	TCTGCGCGCTCGCTCGCTCA
test	subjectC	sample1	chr12-81579609	125	5	5	TCTGCGCGCTCGCTCGCTCA
test	subjectC	sample1	chr12-11049041	125	5	5	TCTGCGCGCTCGCTCGCTCA
test	subjectC	sample1	chr12-28153472	125	5	5	TCTGCGCGCTCGCTCGCTCA
test	subjectC	sample1	chr22-40662901	125	5	5	TCTGCGCGCTCGCTCGCTCA
test	subjectC	sample1	chr17-77028450	125	5	5	TCTGCGCGCTCGCTCGCTCA
test	subjectC	sample1	chr14-57477005	125	5	5	TCTGCGCGCTCGCTCGCTCA
test	subjectC	sample1	chr22+16860644	125	5	5	TCTGCGCGCTCGCTCGCTCA
test	subjectC	sample1	chr14+56829080	125	5	5	TCTGCGCGCTCGCTCGCTCA
test	subjectC	sample1	chr21+14884479	125	5	5	TCTGCGCGCTCGCTCGCTCA
test	subjectC	sample1	chr1-5374351	125	5	5	TCTGCGCGCTCGCTCGCTCA
test	subjectC	sample1	chr16+2314512	125	5	5	TCTGCGCGCTCGCTCGCTCA
test	subjectC	sample1	chrX+104208254	125	5	5	TCTGCGCGCTCGCTCGCTCA
test	subjectC	sample1	chr5+125089986	125	5	5	TCTGCGCGCTCGCTCGCTCA
test	subjectC	sample1	chr21+20344909	125	5	5	TCTGCGCGCTCGCTCGCTCA
test	subjectC	sample1	chr5+97296317	125	5	5	TCTGCGCGCTCGCTCGCTCA
test	subjectC	sample1	chr10-77036171	125	5	5	TCTGCGCGCTCGCTCGCTCA
test	subjectC	sample1	chr21-44503731	125	5	5	TCTGCGCGCTCGCTCGCTCA
test	subjectC	sample1	chr6-149751125	125	5	5	TCTGCGCGCTCGCTCGCTCA
test	subjectC	sample1	chr17+35120570	125	5	5	TCTGCGCGCTCGCTCGCTCA
test	subjectC	sample1	chr19-49820487	125	5	5	TCTGCGCGCTCGCTCGCTCA
test	subjectC	sample1	chrX-95076101	125	5	5	TCTGCGCGCTCGCTCGCTCA
test	subjectC	sample1	chr17+36163848	125	5	5	TCTGCGCGCTCGCTCGCTCA
test	subjectC	sample1	chr22-18092470	125	5	5	TCTGCGCGCTCGCTCGCTCA
test	subjectC	sample1	chr6+41384632	125	5	5	TCTGCGCGCTCGCTCGCTCA
test	subjectC	sample1	chr22-28493421	125	5	5	TCTGCGCGCTCGCTCGCTCA
test	subjectC	sample1	chr18+33304570	125	5	5	TCTGCGCGCTCGCTCGCTCA
test	subjectC	sample1	chr10+3436050	125	5	5	TCTGCGCGCTCGCTCGCTCA
test	subjectC	sample1	chr13-103052504	125	5	5	TCTGCGCGCTCGCTCGCTCA
test	subjectC	sample1	chr20+12334731	125	5	5	TCTGCGCGCTCGCTCGCTCA
test	subjectC	sample1	chr1+8059861	125	5	5	TCTGCGCGCTCGCTCGCTCA
test	subjectC	sample1	chr14-69837585	125	5	5	TCTGCGCGCTCGCTCGCTCA
test	subjectC	sample1	chr18-15711022	125	5	5	TCTGCGCGCTCGCTCGCTCA
test	subjectC	sample1	chr7+98574682	125	5	5	TCTGCGCGCTCGCTCGCTCA
test	subjectC	sample1	chr7-4431294	125	5	5	TCTGCGCGCTCGCTCGCTCA
test	subjectC	sample1	chr2+141432434	125	5	5	TCTGCGCGCTCGCTCGCTCA
test	subjectC	sample1	chr15+96520151	125	5	5	TCTGCGCGCTCGCTCGCTCA
test	subjectC	sample1	chr13-21700178	125	5	5	TCTGCGCGCTCGCTCGCTCA
test	subjectC	sample1	chr22-21775618	125	5	5	TCTGCGCGCTCGCTCGCTCA
test	subjectC	sample1	chrX+81886404	125	5	5	TCTGCGCGCTCGCTCGCTCA
test	subjectC	sample1	chr15+43261811	125	5	5	TCTGCGCGCTCGCTCGCTCA
test	subjectC	sample1	chr12-128714611	125	5	5	TCTGCGCGCTCGCTCGCTCA
test	subjectC	sample1	chr1-56273888	125	5	5	TCTGCGCGCTCGCTCGCTCA
test	subjectC	sample1	chr7-83436608	125	5	5	TCTGCGCGCTCGCTCGCTCA
test	subjectC	sample1	chr2+170027992	125	5	5	TCTGCGCGCTCGCTCGCTCA
test	subjectC	sample1	chr16+46978617	125	5	5	TCTGCGCGCTCGCTCGCTCA
test	subjectC	sample1	chr16+69046993	125	5	5	TCTGCGCGCTCGCTCGCTCA
test	subjectC	sample1	chr9-98355660	125	5	5	TCTGCGCGCTCGCTCGCTCA
test	subjectC	sample1	chr3+44005693	125	5	5	TCTGCGCGCTCGCTCGCTCA
test	subjectC	sample1	chrX+59538467	125	5	5	TCTGCGCGCTCGCTCGCTCA
test	subjectC	sample1	chr12+3380950	125	5	5	TCTGCGCGCTCGCTCGCTCA
test	subjectC	sample1	chr2+112427300	125	5	5	TCTGCGCGCTCGCTCGCTCA
test	subjectC	sample1	chr2-26779064	125	5	5	TCTGCGCGCTCGCTCGCTCA
test	subjectC	sample1	chr2-28519176	125	5	5	TCTGCGCGCTCGCTCGCTCA
test	subjectC	sample1	chr15+33002810	125	5	5	TCTGCGCGCTCGCTCGCTCA
test	subjectC	sample1	chr19+36498974	125	5	5	TCTGCGCGCTCGCTCGCTCA
test	subjectC	sample1	chr15-29170533	125	5	5	TCTGCGCGCTCGCTCGCTCA
test	subjectC	sample1	chr15+32664099	125	5	5	TCTGCGCGCTCGCTCGCTCA
test	subjectC	sample1	chr17-38323743	125	5	5	TCTGCGCGCTCGCTCGCTCA
test	subjectC	sample1	chrX+39530080	125	5	5	TCTGCGCGCTCGCTCGCTCA
test	subjectC	sample1	chr14-72949794	125	5	5	TCTGCGCGCTCGCTCGCTCA
test	subjectC	sample1	chr3-118441495	125	5	5	TCTGCGCGCTCGCTCGCTCA
test	subjectC	sample1	chr6+156597480	125	5	5	TCTGCGCGCTCGCTCGCTCA
test	subjectC	sample1	chr22-28676722	125	5	5	TCTGCGCGCTCGCTCGCTCA
test	subjectC	sample1	chr10+79983331	125	5	5	TCTGCGCGCTCGCTCGCTCA
test	subjectC	sample1	chr21-20895038	125	5	5	TCTGCGCGCTCGCTCGCTCA
test	subjectC	sample1	chr3+93468263	125	5	5	TCTGCGCGCTCGCTCGCTCA
test	subjectC	sample1	chr15+40688067	125	5	5	TCTGCGCGCTCGCTCGCTCA
test	subjectC	sample1	chr12+121873813	125	5	5	TCTGCGCGCTCGCTCGCTCA
test	subjectC	sample1	chr12+29125692	125	5	5	TCTGCGCGCTCGCTCGCTCA
test	subjectC	sample1	chr16+69600082	125	5	5	TCTGCGCGCTCGCTCGCTCA
test	subjectC	sample1	chrX+79688900	125	5	5	TCTGCGCGCTCGCTCGCTCA
test	subjectC	sample1	chr15-85156868	125	5	5	TCTGCGCGCTCGCTCGCTCA
test	subjectC	sample1	chr12+13633025	125	5	5	TCTGCGCGCTCGCTCGCTCA
test	subjectC	sample1	chr10+32873539	125	5	5	TCTGCGCGCTCGCTCGCTCA
test	subjectC	sample1	chr22+50324672	125	5	5	TCTGCGCGCTCGCTCGCTCA
test	subjectC	sample1	chr8+51862388	125	5	5	TCTGCGCGCTCGCTCGCTCA
test	subjectC	sample1	chr1-157961096	125	5	5	TCTGCGCGCTCGCTCGCTCA
test	subjectC	sample1	chr22-41004296	125	5	5	TCTGCGCGCTCGCTCGCTCA
test	subjectC	sample1	chr4-110790736	125	5	5	TCTGCGCGCTCGCTCGCTCA
test	subjectC	sample1	chr12+44680262	125	5	5	TCTGCGCGCTCGCTCGCTCA
test	subjectC	sample1	chr11+16010234	125	5	5	TCTGCGCGCTCGCTCGCTCA
test	subjectC	sample1	chr15+60522458	125	5	5	TCTGCGCGCTCGCTCGCTCA
test	subjectC	sample1	chr12+76347804	125	5	5	TCTGCGCGCTCGCTCGCTCA
test	subjectC	sample1	chr19+23536416	125	5	5	TCTGCGCGCTCGCTCGCTCA
test	subjectC	sample1	chr13-61039680	125	5	5	TCTGCGCGCTCGCTCGCTCA
test	subjectC	sample1	chr17+81359233	125	5	5	TCTGCGCGCTCGCTCGCTCA
test	subjectC	sample1	chrX-90030804	125	5	5	TCTGCGCGCTCGCTCGCTCA
test	subjectC	sample1	chr17+47084567	125	5	5	TCTGCGCGCTCGCTCGCTCA
test	subjectC	sample1	chr15+72014460	125	5	5	TCTGCGCGCTCGCTCGCTCA
test	subjectC	sample1	chr12-75372909	125	5	5	TCTGCGCGCTCGCTCGCTCA
test	subjectC	sample1	chr8-85649500	125	5	5	TCTGCGCGCTCGCTCGCTCA
test	subjectC	sample1	chr2-212546190	125	5	5	TCTGCGCGCTCGCTCGCTCA
test	subjectC	sample1	chr1+233578631	125	5	5	TCTGCGCGCTCGCTCGCTCA
test	subjectC	sample1	chr8-29074036	125	5	5	TCTGCGCGCTCGCTCGCTCA
test	subjectC	sample1	chr6-30563809	125	5	5	TCTGCGCGCTCGCTCGCTCA
test	subjectC	sample1	chr13+40919213	125	5	5	TCTGCGCGCTCGCTCGCTCA
test	subjectC	sample1	chr7+140041207	125	5	5	TCTGCGCGCTCGCTCGCTCA
test	subjectC	sample1	chr10-29502046	125	5	5	TCTGCGCGCTCGCTCGCTCA
test	subjectC	sample1	chr1+179489474	125	5	5	TCTGCGCGCTCGCTCGCTCA
test	subjectC	sample1	chr16-72187216	125	5	5	TCTGCGCGCTCGCTCGCTCA
test	subjectC	sample1	chr5+11561781	125	5	5	TCTGCGCGCTCGCTCGCTCA
test	subjectC	sample1	chr5-30261164	125	5	5	TCTGCGCGCTCGCTCGCTCA
test	subjectC	sample1	chrX+41361606	125	5	5	TCTGCGCGCTCGCTCGCTCA
test	subjectC	sample1	chr20+25236962	125	5	5	TCTGCGCGCTCGCTCGCTCA
test	subjectC	sample1	chr3+110457636	125	5	5	TCTGCGCGCTCGCTCGCTCA
test	subjectC	sample1	chr12+7680863	125	5	5	TCTGCGCGCTCGCTCGCTCA
test	subjectC	sample1	chr5+30144345	125	5	5	TCTGCGCGCTCGCTCGCTCA
test	subjectC	sample1	chr13+60877936	125	5	5	TCTGCGCGCTCGCTCGCTCA
test	subjectC	sample1	chr19+24876584	125	5	5	TCTGCGCGCTCGCTCGCTCA
test	subjectC	sample1	chr3+90460582	125	5	5	TCTGCGCGCTCGCTCGCTCA
test	subjectC	sample1	chr13-77306335	125	5	5	TCTGCGCGCTCGCTCGCTCA
test	subjectC	sample1	chr5+12731927	125	5	5	TCTGCGCGCTCGCTCGCTCA
test	subjectC	sample1	chr19-5636354	125	5	5	TCTGCGCGCTCGCTCGCTCA
test	subjectC	sample1	chr13-23586090	125	5	5	TCTGCGCGCTCGCTCGCTCA
test	subjectC	sample1	chr10-132231459	125	5	5	TCTGCGCGCTCGCTCGCTCA
test	subjectC	sample1	chr18+2556529	125	5	5	TCTGCGCGCTCGCTCGCTCA
test	subjectC	sample1	chr18+34574534	125	5	5	TCTGCGCGCTCGCTCGCTCA
test	subjectC	sample1	chr6-114391940	125	5	5	TCTGCGCGCTCGCTCGCTCA
test	subjectC	sample1	chr9+131430512	125	5	5	TCTGCGCGCTCGCTCGCTCA
test	subjectC	sample1	chr19+30811654	125	5	5	TCTGCGCGCTCGCTCGCTCA
test	subjectC	sample1	chr6-109966596	125	5	5	TCTGCGCGCTCGCTCGCTCA
test	subjectC	sample1	chr2-209148999	125	5	5	TCTGCGCGCTCGCTCGCTCA
test	subjectC	sample1	chr4+66452899	125	5	5	TCTGCGCGCTCGCTCGCTCA
test	subjectC	sample1	chr11+134506272	125	5	5	TCTGCGCGCTCGCTCGCTCA
test	subjectC	sample1	chr13+40663136	125	5	5	TCTGCGCGCTCGCTCGCTCA
test	subjectC	sample1	chr11-69237625	125	5	5	TCTGCGCGCTCGCTCGCTCA
test	subjectC	sample1	chrX+56927642	125	5	5	TCTGCGCGCTCGCTCGCTCA
test	subjectC	sample1	chr16+86518341	125	5	5	TCTGCGCGCTCGCTCGCTCA
test	subjectC	sample1	chr11-119463898	125	5	5	TCTGCGCGCTCGCTCGCTCA
test	subjectC	sample1	chr13-87002082	125	5	5	TCTGCGCGCTCGCTCGCTCA
test	subjectC	sample1	chr11+70224961	125	5	5	TCTGCGCGCTCGCTCGCTCA
test	subjectC	sample1	chr13-44218382	125	5	5	TCTGCGCGCTCGCTCGCTCA
test	subjectC	sample1	chr3-62168873	125	5	5	TCTGCGCGCTCGCTCGCTCA
test	subjectC	sample1	chr17+11518791	125	5	5	TCTGCGCGCTCGCTCGCTCA
test	subjectC	sample1	chr20+36594104	125	5	5	TCTGCGCGCTCGCTCGCTCA
test	subjectC	sample1	chr14+54956888	125	5	5	TCTGCGCGCTCGCTCGCTCA
test	subjectC	sample1	chr18-32074276	125	5	5	TCTGCGCGCTCGCTCGCTCA
test	subjectC	sample1	chr11+129197843	125	5	5	TCTGCGCGCTCGCTCGCTCA
test	subjectC	sample1	chr15+33782193	125	5	5	TCTGCGCGCTCGCTCGCTCA
test	subjectC	sample1	chr17+41733197	125	5	5	TCTGCGCGCTCGCTCGCTCA
test	subjectC	sample1	chr9+23040328	125	5	5	TCTGCGCGCTCGCTCGCTCA
test	subjectC	sample1	chr9-79415874	125	5	5	TCTGCGCGCTCGCTCGCTCA
test	subjectC	sample1	chr4-126826557	125	5	5	TCTGCGCGCTCGCTCGCTCA
test	subjectC	sample1	chr22+21586515	125	5	5	TCTGCGCGCTCGCTCGCTCA
test	subjectC	sample1	chr4-183198	125	5	5	TCTGCGCGCTCGCTCGCTCA
test	subjectC	sample1	chr2-75557787	125	5	5	TCTGCGCGCTCGCTCGCTCA
test	subjectC	sample1	chr5-93540112	125	5	5	TCTGCGCGCTCGCTCGCTCA
test	subjectC	sample1	chr16+86388456	125	5	5	TCTGCGCGCTCGCTCGCTCA
test	subjectC	sample1	chr21+37336828	125	5	5	TCTGCGCGCTCGCTCGCTCA
test	subjectC	sample1	chr14+90752049	125	5	5	TCTGCGCGCTCGCTCGCTCA
test	subjectC	sample1	chr7-157375052	125	5	5	TCTGCGCGCTCGCTCGCTCA
test	subjectC	sample1	chrX-81086376	125	5	5	TCTGCGCGCTCGCTCGCTCA
test	subjectC	sample1	chr20-45534004	125	5	5	TCTGCGCGCTCGCTCGCTCA
test	subjectC	sample1	chr20-11369594	125	5	5	TCTGCGCGCTCGCTCGCTCA
test	subjectC	sample1	chrX+30602318	125	5	5	TCTGCGCGCTCGCTCGCTCA
test	subjectC	sample1	chr7+86125300	125	5	5	TCTGCGCGCTCGCTCGCTCA
test	subjectC	sample1	chr4+171137852	125	5	5	TCTGCGCGCTCGCTCGCTCA
test	subjectC	sample1	chr21+30542956	125	5	5	TCTGCGCGCTCGCTCGCTCA
test	subjectC	sample1	chr18+52296117	125	5	5	TCTGCGCGCTCGCTCGCTCA
test	subjectC	sample1	chr7+99370532	125	5	5	TCTGCGCGCTCGCTCGCTCA
test	subjectC	sample1	chr7+119633780	125	5	5	TCTGCGCGCTCGCTCGCTCA
test	subjectC	sample1	chr13-62901584	125	5	5	TCTGCGCGCTCGCTCGCTCA
test	subjectC	sample1	chr5+115311698	125	5	5	TCTGCGCGCTCGCTCGCTCA
test	subjectC	sample1	chr16+16352198	125	5	5	TCTGCGCGCTCGCTCGCTCA
test	subjectC	sample1	chr12-43645563	125	5	5	TCTGCGCGCTCGCTCGCTCA
test	subjectC	sample1	chr16-86963181	125	5	5	TCTGCGCGCTCGCTCGCTCA
test	subjectC	sample1	chr10-125991834	125	5	5	TCTGCGCGCTCGCTCGCTCA
test	subjectC	sample1	chr1-227417551	125	5	5	TCTGCGCGCTCGCTCGCTCA
test	subjectC	sample1	chr10-122218309	125	5	5	TCTGCGCGCTCGCTCGCTCA
test	subjectC	sample1	chr14+27137501	125	5	5	TCTGCGCGCTCGCTCGCTCA
test	subjectC	sample1	chr13+26503510	125	5	5	TCTGCGCGCTCGCTCGCTCA
test	subjectC	sample1	chr20-10765211	125	5	5	TCTGCGCGCTCGCTCGCTCA
test	subjectC	sample1	chr9-5689775	125	5	5	TCTGCGCGCTCGCTCGCTCA
test	subjectC	sample1	chr16+37567723	125	5	5	TCTGCGCGCTCGCTCGCTCA
test	subjectC	sample1	chr2-87132802	125	5	5	TCTGCGCGCTCGCTCGCTCA
test	subjectC	sample1	chr21-29019007	125	5	5	TCTGCGCGCTCGCTCGCTCA
test	subjectC	sample1	chr14-32563452	125	5	5	TCTGCGCGCTCGCTCGCTCA
test	subjectC	sample1	chr10-30034954	125	5	5	TCTGCGCGCTCGCTCGCTCA
test	subjectC	sample1	chr11-103093411	125	5	5	TCTGCGCGCTCGCTCGCTCA
test	subjectC	sample1	chr11-87843661	125	5	5	TCTGCGCGCTCGCTCGCTCA
test	subjectC	sample1	chr7+25130238	125	5	5	TCTGCGCGCTCGCTCGCTCA
test	subjectC	sample1	chr15+37932881	125	5	5	TCTGCGCGCTCGCTCGCTCA
test	subjectC	sample1	chr17+44458713	125	5	5	TCTGCGCGCTCGCTCGCTCA
test	subjectC	sample1	chr6-18258982	125	5	5	TCTGCGCGCTCGCTCGCTCA
test	subjectC	sample1	chr20+47410594	125	5	5	TCTGCGCGCTCGCTCGCTCA
test	subjectC	sample1	chr11+117186509	125	5	5	TCTGCGCGCTCGCTCGCTCA
test	subjectC	sample1	chrX-88818679	125	5	5	TCTGCGCGCTCGCTCGCTCA
test	subjectC	sample1	chr11-132889952	125	5	5	TCTGCGCGCTCGCTCGCTCA
test	subjectC	sample1	chr3-149516597	125	5	5	TCTGCGCGCTCGCTCGCTCA
test	subjectC	sample1	chr3-190533843	125	5	5	TCTGCGCGCTCGCTCGCTCA
test	subjectC	sample1	chr16+83596795	125	5	5	TCTGCGCGCTCGCTCGCTCA
test	subjectC	sample1	chr8+92770593	125	5	5	TCTGCGCGCTCGCTCGCTCA
test	subjectC	sample1	chr17+83107530	125	5	5	TCTGCGCGCTCGCTCGCTCA
test	subjectC	sample1	chr9+15709915	125	5	5	TCTGCGCGCTCGCTCGCTCA
test	subjectC	sample1	chr13+95292047	125	5	5	TCTGCGCGCTCGCTCGCTCA
test	subjectC	sample1	chr8-52865990	125	5	5	TCTGCGCGCTCGCTCGCTCA
test	subjectC	sample1	chr3+191441471	125	5	5	TCTGCGCGCTCGCTCGCTCA
test	subjectC	sample1	chr1-155777655	125	5	5	TCTGCGCGCTCGCTCGCTCA
test	subjectC	sample1	chr8-71949781	125	5	5	TCTGCGCGCTCGCTCGCTCA
test	subjectC	sample1	chr19-23886246	125	5	5	TCTGCGCGCTCGCTCGCTCA
test	subjectC	sample1	chr16-87183673	125	5	5	TCTGCGCGCTCGCTCGCTCA
test	subjectC	sample1	chr20+61958957	125	5	5	TCTGCGCGCTCGCTCGCTCA
test	subjectC	sample1	chr6+37934498	125	5	5	TCTGCGCGCTCGCTCGCTCA
test	subjectC	sample1	chr5+82658457	125	5	5	TCTGCGCGCTCGCTCGCTCA
test	subjectC	sample1	chr17+71901366	125	5	5	TCTGCGCGCTCGCTCGCTCA
test	subjectC	sample1	chr13+91443026	125	5	5	TCTGCGCGCTCGCTCGCTCA
test	subjectC	sample1	chr6+32091559	125	5	5	TCTGCGCGCTCGCTCGCTCA
test	subjectC	sample1	chr6+93574871	125	5	5	TCTGCGCGCTCGCTCGCTCA
test	subjectC	sample1	chrX+147296449	125	5	5	TCTGCGCGCTCGCTCGCTCA
test	subjectC	sample1	chr20+37616458	125	5	5	TCTGCGCGCTCGCTCGCTCA
test	subjectC	sample1	chr1-178468833	125	5	5	TCTGCGCGCTCGCTCGCTCA
test	subjectC	sample1	chr15-44172078	125	5	5	TCTGCGCGCTCGCTCGCTCA
test	subjectC	sample1	chr22-44375011	125	5	5	TCTGCGCGCTCGCTCGCTCA
test	subjectC	sample1	chr6+122218249	125	5	5	TCTGCGCGCTCGCTCGCTCA
test	subjectC	sample1	chr22+35745629	125	5	5	TCTGCGCGCTCGCTCGCTCA
test	subjectC	sample1	chr5+91780025	125	5	5	TCTGCGCGCTCGCTCGCTCA
test	subjectC	sample1	chr4+154552998	125	5	5	TCTGCGCGCTCGCTCGCTCA
test	subjectC	sample1	chr5-147807099	125	5	5	TCTGCGCGCTCGCTCGCTCA
test	subjectC	sample1	chr14-103957328	125	5	5	TCTGCGCGCTCGCTCGCTCA
test	subjectC	sample1	chr10+5512870	125	5	5	TCTGCGCGCTCGCTCGCTCA
test	subjectC	sample1	chr1-194574982	125	5	5	TCTGCGCGCTCGCTCGCTCA
test	subjectC	sample1	chr6-165373930	125	5	5	TCTGCGCGCTCGCTCGCTCA
test	subjectC	sample1	chr12-42142232	125	5	5	TCTGCGCGCTCGCTCGCTCA
test	subjectC	sample1	chr8+95420058	125	5	5	TCTGCGCGCTCGCTCGCTCA
test	subjectC	sample1	chr20+27271931	125	5	5	TCTGCGCGCTCGCTCGCTCA
test	subjectC	sample1	chr16-70104200	125	5	5	TCTGCGCGCTCGCTCGCTCA
test	subjectC	sample1	chr14-44062594	125	5	5	TCTGCGCGCTCGCTCGCTCA
test	subjectC	sample1	chr20-3417638	125	5	5	TCTGCGCGCTCGCTCGCTCA
test	subjectC	sample1	chr11-84432328	125	5	5	TCTGCGCGCTCGCTCGCTCA
test	subjectC	sample1	chr9-99530262	125	5	5	TCTGCGCGCTCGCTCGCTCA
test	subjectC	sample1	chr17-13370399	125	5	5	TCTGCGCGCTCGCTCGCTCA
test	subjectC	sample1	chr22+33128284	125	5	5	TCTGCGCGCTCGCTCGCTCA
test	subjectC	sample1	chr15+84268410	125	5	5	TCTGCGCGCTCGCTCGCTCA
test	subjectC	sample1	chr13-18444561	125	5	5	TCTGCGCGCTCGCTCGCTCA
test	subjectC	sample1	chr5-160853696	125	5	5	TCTGCGCGCTCGCTCGCTCA
test	subjectC	sample1	chr19-29906130	125	5	5	TCTGCGCGCTCGCTCGCTCA
test	subjectC	sample1	chr12+77658962	125	5	5	TCTGCGCGCTCGCTCGCTCA
test	subjectC	sample1	chr8-45059396	125	5	5	TCTGCGCGCTCGCTCGCTCA
test	subjectC	sample1	chr16+19749933	125	5	5	TCTGCGCGCTCGCTCGCTCA
test	subjectC	sample1	chrX-19899708	125	5	5	TCTGCGCGCTCGCTCGCTCA
test	subjectC	sample1	chr9-73876076	125	5	5	TCTGCGCGCTCGCTCGCTCA
test	subjectC	sample1	chr13-63721994	125	5	5	TCTGCGCGCTCGCTCGCTCA
test	subjectC	sample1	chrX-81022069	125	5	5	TCTGCGCGCTCGCTCGCTCA
test	subjectC	sample1	chr3+115415196	125	5	5	TCTGCGCGCTCGCTCGCTCA
test	subjectC	sample1	chr6-126776934	125	5	5	TCTGCGCGCTCGCTCGCTCA
test	subjectC	sample1	chr7-70593146	125	5	5	TCTGCGCGCTCGCTCGCTCA
test	subjectC	sample1	chr19+18753415	125	5	5	TCTGCGCGCTCGCTCGCTCA
test	subjectC	sample1	chr12-43148558	125	5	5	TCTGCGCGCTCGCTCGCTCA
test	subjectC	sample1	chrX+90449953	125	5	5	TCTGCGCGCTCGCTCGCTCA
test	subjectC	sample1	chr12+97576441	125	5	5	TCTGCGCGCTCGCTCGCTCA
test	subjectC	sample1	chr18-58929328	125	5	5	TCTGCGCGCTCGCTCGCTCA
test	subjectC	sample1	chr16-12080940	125	5	5	TCTGCGCGCTCGCTCGCTCA
test	subjectC	sample1	chr22-36611571	125	5	5	TCTGCGCGCTCGCTCGCTCA
test	subjectC	sample1	chr12+98183556	125	5	5	TCTGCGCGCTCGCTCGCTCA
test	subjectC	sample1	chr7-21776333	125	5	5	TCTGCGCGCTCGCTCGCTCA
test	subjectC	sample1	chr8-39329703	125	5	5	TCTGCGCGCTCGCTCGCTCA
test	subjectC	sample1	chr20-41385791	125	5	5	TCTGCGCGCTCGCTCGCTCA
test	subjectC	sample1	chr4-115190953	125	5	5	TCTGCGCGCTCGCTCGCTCA
test	subjectC	sample1	chr22+24226584	125	5	5	TCTGCGCGCTCGCTCGCTCA
test	subjectC	sample1	chr9-45297852	125	5	5	TCTGCGCGCTCGCTCGCTCA
test	subjectC	sample1	chr6-41885992	125	5	5	TCTGCGCGCTCGCTCGCTCA
test	subjectC	sample1	chr15+56990784	125	5	5	TCTGCGCGCTCGCTCGCTCA
test	subjectC	sample1	chr9+7945214	125	5	5	TCTGCGCGCTCGCTCGCTCA
test	subjectC	sample1	chr20-57308126	125	5	5	TCTGCGCGCTCGCTCGCTCA
test	subjectC	sample1	chr4+159240230	125	5	5	TCTGCGCGCTCGCTCGCTCA
test	subjectC	sample1	chr11-122866545	125	5	5	TCTGCGCGCTCGCTCGCTCA
test	subjectC	sample1	chr14-51141065	125	5	5	TCTGCGCGCTCGCTCGCTCA
test	subjectC	sample1	chr13+81256128	125	5	5	TCTGCGCGCTCGCTCGCTCA
test	subjectC	sample1	chr22-19187157	125	5	5	TCTGCGCGCTCGCTCGCTCA
test	subjectC	sample1	chr18+56585814	125	5	5	TCTGCGCGCTCGCTCGCTCA
test	subjectC	sample1	chr8+49088074	125	5	5	TCTGCGCGCTCGCTCGCTCA
test	subjectC	sample1	chrX+128344462	125	5	5	TCTGCGCGCTCGCTCGCTCA
test	subjectC	sample1	chr1-40041491	125	5	5	TCTGCGCGCTCGCTCGCTCA
test	subjectC	sample1	chr20+24005305	125	5	5	TCTGCGCGCTCGCTCGCTCA
test	subjectC	sample1	chr19+50320620	125	5	5	TCTGCGCGCTCGCTCGCTCA
test	subjectC	sample1	chr7-116059188	125	5	5	TCTGCGCGCTCGCTCGCTCA
test	subjectC	sample1	chr17+31098031	125	5	5	TCTGCGCGCTCGCTCGCTCA
test	subjectC	sample1	chr5+163416667	125	5	5	TCTGCGCGCTCGCTCGCTCA
test	subjectC	sample1	chr8+62714293	125	5	5	TCTGCGCGCTCGCTCGCTCA
test	subjectC	sample1	chr10+130632251	125	5	5	TCTGCGCGCTCGCTCGCTCA
test	subjectC	sample1	chr17+79731256	125	5	5	TCTGCGCGCTCGCTCGCTCA
test	subjectC	sample1	chrX-51842527	125	5	5	TCTGCGCGCTCGCTCGCTCA
test	subjectC	sample1	chr22-19053003	125	5	5	TCTGCGCGCTCGCTCGCTCA
test	subjectC	sample1	chr4+106378122	125	5	5	TCTGCGCGCTCGCTCGCTCA
test	subjectC	sample1	chr9+9852781	125	5	5	TCTGCGCGCTCGCTCGCTCA
test	subjectC	sample1	chr11+65559206	125	5	5	TCTGCGCGCTCGCTCGCTCA
test	subjectC	sample1	chr12+118078103	125	5	5	TCTGCGCGCTCGCTCGCTCA
test	subjectC	sample1	chr9-30171392	125	5	5	TCTGCGCGCTCGCTCGCTCA
test	subjectC	sample1	chr1-74260297	125	5	5	TCTGCGCGCTCGCTCGCTCA
test	subjectC	sample1	chr14+72693796	125	5	5	TCTGCGCGCTCGCTCGCTCA
test	subjectC	sample1	chr5+64729509	125	5	5	TCTGCGCGCTCGCTCGCTCA
test	subjectC	sample1	chr9+127431962	125	5	5	TCTGCGCGCTCGCTCGCTCA
test	subjectC	sample1	chr3+85558309	125	5	5	TCTGCGCGCTCGCTCGCTCA
test	subjectC	sample1	chr10+91967316	125	5	5	TCTGCGCGCTCGCTCGCTCA
test	subjectC	sample1	chr18+7228449	125	5	5	TCTGCGCGCTCGCTCGCTCA
test	subjectC	sample1	chrX-150855120	125	5	5	TCTGCGCGCTCGCTCGCTCA
test	subjectC	sample1	chr4+109830498	125	5	5	TCTGCGCGCTCGCTCGCTCA
test	subjectC	sample1	chr17-75384349	125	5	5	TCTGCGCGCTCGCTCGCTCA
test	subjectC	sample1	chr13+113472484	125	5	5	TCTGCGCGCTCGCTCGCTCA
test	subjectC	sample1	chr4-40211139	125	5	5	TCTGCGCGCTCGCTCGCTCA
test	subjectC	sample1	chr13+64987376	125	5	5	TCTGCGCGCTCGCTCGCTCA
test	subjectC	sample1	chr18+49602248	125	5	5	TCTGCGCGCTCGCTCGCTCA
test	subjectC	sample1	chr14-61637376	125	5	5	TCTGCGCGCTCGCTCGCTCA
test	subjectC	sample1	chr14+65676899	125	5	5	TCTGCGCGCTCGCTCGCTCA
test	subjectC	sample1	chr16-14953104	125	5	5	TCTGCGCGCTCGCTCGCTCA
test	subjectC	sample1	chr18+2947363	125	5	5	TCTGCGCGCTCGCTCGCTCA
test	subjectC	sample1	chr14+47407879	125	5	5	TCTGCGCGCTCGCTCGCTCA
test	subjectC	sample1	chr20-36233787	125	5	5	TCTGCGCGCTCGCTCGCTCA
test	subjectC	sample1	chr17+24835716	125	5	5	TCTGCGCGCTCGCTCGCTCA
test	subjectC	sample1	chrX-55517686	125	5	5	TCTGCGCGCTCGCTCGCTCA
test	subjectC	sample1	chr6-141148038	125	5	5	TCTGCGCGCTCGCTCGCTCA
test	subjectC	sample1	chr13+83805846	125	5	5	TCTGCGCGCTCGCTCGCTCA
test	subjectC	sample1	chr16-86892897	125	5	5	TCTGCGCGCTCGCTCGCTCA
test	subjectC	sample1	chr22-26390970	125	5	5	TCTGCGCGCTCGCTCGCTCA
test	subjectC	sample1	chr11-6381678	125	5	5	TCTGCGCGCTCGCTCGCTCA
test	subjectC	sample1	chr13-52226944	125	5	5	TCTGCGCGCTCGCTCGCTCA
test	subjectC	sample1	chr5-76737958	125	5	5	TCTGCGCGCTCGCTCGCTCA
test	subjectC	sample1	chrX-28333763	125	5	5	TCTGCGCGCTCGCTCGCTCA
test	subjectC	sample1	chr17-62950360	125	5	5	TCTGCGCGCTCGCTCGCTCA
test	subjectC	sample1	chr12+2168031	125	5	5	TCTGCGCGCTCGCTCGCTCA
test	subjectC	sample1	chr5+180308961	125	5	5	TCTGCGCGCTCGCTCGCTCA
test	subjectC	sample1	chr11-105804797	125	5	5	TCTGCGCGCTCGCTCGCTCA
test	subjectC	sample1	chr17+30669768	125	5	5	TCTGCGCGCTCGCTCGCTCA
test	subjectC	sample1	chr18+50862601	125	5	5	TCTGCGCGCTCGCTCGCTCA
test	subjectC	sample1	chr13+100776469	125	5	5	TCTGCGCGCTCGCTCGCTCA
test	subjectC	sample1	chr15+80470119	125	5	5	TCTGCGCGCTCGCTCGCTCA
test	subjectC	sample1	chr2+92056475	125	5	5	TCTGCGCGCTCGCTCGCTCA
test	subjectC	sample1	chr19+26107164	125	5	5	TCTGCGCGCTCGCTCGCTCA
test	subjectC	sample1	chr7+51705290	125	5	5	TCTGCGCGCTCGCTCGCTCA
test	subjectC	sample1	chr22-41730585	125	5	5	TCTGCGCGCTCGCTCGCTCA
test	subjectC	sample1	chr10-114007010	125	5	5	TCTGCGCGCTCGCTCGCTCA
test	subjectC	sample1	chr14-21127098	125	5	5	TCTGCGCGCTCGCTCGCTCA
test	subjectC	sample1	chr18-49182449	125	5	5	TCTGCGCGCTCGCTCGCTCA
test	subjectC	sample1	chr4+170027934	125	5	5	TCTGCGCGCTCGCTCGCTCA
test	subjectC	sample1	chr12+57052040	125	5	5	TCTGCGCGCTCGCTCGCTCA
test	subjectC	sample1	chr3-122684570	125	5	5	TCTGCGCGCTCGCTCGCTCA
test	subjectC	sample1	chr7+20300226	125	5	5	TCTGCGCGCTCGCTCGCTCA
test	subjectC	sample1	chr9+42352352	125	5	5	TCTGCGCGCTCGCTCGCTCA
test	subjectC	sample1	chr19-25230922	125	5	5	TCTGCGCGCTCGCTCGCTCA
test	subjectC	sample1	chr20+4949716	125	5	5	TCTGCGCGCTCGCTCGCTCA
test	subjectC	sample1	chr6+60948065	125	5	5	TCTGCGCGCTCGCTCGCTCA
test	subjectC	sample1	chr11+7095455	125	5	5	TCTGCGCGCTCGCTCGCTCA
test	subjectC	sample1	chr9-131466901	125	5	5	TCTGCGCGCTCGCTCGCTCA
test	subjectC	sample1	chr17+45306588	125	5	5	TCTGCGCGCTCGCTCGCTCA
test	subjectC	sample1	chr12+41748872	125	5	5	TCTGCGCGCTCGCTCGCTCA
test	subjectC	sample1	chr11+21541312	125	5	5	TCTGCGCGCTCGCTCGCTCA
test	subjectC	sample1	chr22+13908857	125	5	5	TCTGCGCGCTCGCTCGCTCA
test	subjectC	sample1	chr22-46046088	125	5	5	TCTGCGCGCTCGCTCGCTCA
test	subjectC	sample1	chr11-125363074	125	5	5	TCTGCGCGCTCGCTCGCTCA
test	subjectC	sample1	chr10+2963741	125	5	5	TCTGCGCGCTCGCTCGCTCA
test	subjectC	sample1	chr21-16487061	125	5	5	TCTGCGCGCTCGCTCGCTCA
test	subjectC	sample1	chr2+15360933	125	5	5	TCTGCGCGCTCGCTCGCTCA
test	subjectC	sample1	chr20+61195002	125	5	5	TCTGCGCGCTCGCTCGCTCA
test	subjectC	sample1	chr4-46548359	125	5	5	TCTGCGCGCTCGCTCGCTCA
test	subjectC	sample1	chr15-74183344	125	5	5	TCTGCGCGCTCGCTCGCTCA
test	subjectC	sample1	chr7+64190763	125	5	5	TCTGCGCGCTCGCTCGCTCA
test	subjectC	sample1	chr17+74453104	125	5	5	TCTGCGCGCTCGCTCGCTCA
test	subjectC	sample1	chr1-95576468	125	5	5	TCTGCGCGCTCGCTCGCTCA
test	subjectC	sample1	chr15-97747655	125	5	5	TCTGCGCGCTCGCTCGCTCA
test	subjectC	sample1	chr15+35726991	125	5	5	TCTGCGCGCTCGCTCGCTCA
test	subjectC	sample1	chr16+23079904	125	5	5	TCTGCGCGCTCGCTCGCTCA
test	subjectC	sample1	chr18-74800129	125	5	5	TCTGCGCGCTCGCTCGCTCA
test	subjectC	sample1	chr2-231811156	125	5	5	TCTGCGCGCTCGCTCGCTCA
test	subjectC	sample1	chr7-115586186	125	5	5	TCTGCGCGCTCGCTCGCTCA
test	subjectC	sample1	chr15+85952506	125	5	5	TCTGCGCGCTCGCTCGCTCA
test	subjectC	sample1	chr5+35670817	125	5	5	TCTGCGCGCTCGCTCGCTCA
test	subjectC	sample1	chrX+72790962	125	5	5	TCTGCGCGCTCGCTCGCTCA
test	subjectC	sample1	chr13-57622946	125	5	5	TCTGCGCGCTCGCTCGCTCA
test	subjectC	sample1	chr17+23155979	125	5	5	TCTGCGCGCTCGCTCGCTCA
test	subjectC	sample1	chr4+10764010	125	5	5	TCTGCGCGCTCGCTCGCTCA
test	subjectC	sample1	chr9-40643377	125	5	5	TCTGCGCGCTCGCTCGCTCA
test	subjectC	sample1	chr15-69597323	125	5	5	TCTGCGCGCTCGCTCGCTCA
test	subjectC	sample1	chr18+50849887	125	5	5	TCTGCGCGCTCGCTCGCTCA
test	subjectC	sample1	chr4+176519505	125	5	5	TCTGCGCGCTCGCTCGCTCA
test	subjectC	sample1	chr3+96963058	125	5	5	TCTGCGCGCTCGCTCGCTCA
test	subjectC	sample1	chr15-48949010	125	5	5	TCTGCGCGCTCGCTCGCTCA
test	subjectC	sample1	chr8+125311441	125	5	5	TCTGCGCGCTCGCTCGCTCA
test	subjectC	sample1	chr5-174247696	125	5	5	TCTGCGCGCTCGCTCGCTCA
test	subjectC	sample1	chr14+19669557	125	5	5	TCTGCGCGCTCGCTCGCTCA
test	subjectC	sample1	chr8+95473884	125	5	5	TCTGCGCGCTCGCTCGCTCA
test	subjectC	sample1	chr2+20480845	125	5	5	TCTGCGCGCTCGCTCGCTCA
test	subjectC	sample1	chr3+10008183	125	5	5	TCTGCGCGCTCGCTCGCTCA
test	subjectC	sample1	chr16+54315647	125	5	5	TCTGCGCGCTCGCTCGCTCA
test	subjectC	sample1	chrX+123399596	125	5	5	TCTGCGCGCTCGCTCGCTCA
test	subjectC	sample1	chrX-9872567	125	5	5	TCTGCGCGCTCGCTCGCTCA
test	subjectC	sample1	chr10+86576664	125	5	5	TCTGCGCGCTCGCTCGCTCA
test	subjectC	sample1	chr17+4705743	125	5	5	TCTGCGCGCTCGCTCGCTCA
test	subjectC	sample1	chr21-42207195	125	5	5	TCTGCGCGCTCGCTCGCTCA
test	subjectC	sample1	chr6+74347730	125	5	5	TCTGCGCGCTCGCTCGCTCA
test	subjectC	sample1	chr20-16727361	125	5	5	TCTGCGCGCTCGCTCGCTCA
test	subjectC	sample1	chr22-28170940	125	5	5	TCTGCGCGCTCGCTCGCTCA
test	subjectC	sample1	chrX-1744014	125	5	5	TCTGCGCGCTCGCTCGCTCA
test	subjectC	sample1	chr18+43791177	125	5	5	TCTGCGCGCTCGCTCGCTCA
test	subjectC	sample1	chr9-89019529	125	5	5	TCTGCGCGCTCGCTCGCTCA
test	subjectC	sample1	chr4+180943694	125	5	5	TCTGCGCGCTCGCTCGCTCA
test	subjectC	sample1	chr14+105695794	125	5	5	TCTGCGCGCTCGCTCGCTCA
test	subjectC	sample1	chr8-114626162	125	5	5	TCTGCGCGCTCGCTCGCTCA
test	subjectC	sample1	chrX+151116765	125	5	5	TCTGCGCGCTCGCTCGCTCA
test	subjectC	sample1	chr9-2846485	125	5	5	TCTGCGCGCTCGCTCGCTCA
test	subjectC	sample1	chr2-159009905	125	5	5	TCTGCGCGCTCGCTCGCTCA
test	subjectC	sample1	chr21+44950580	125	5	5	TCTGCGCGCTCGCTCGCTCA
test	subjectC	sample1	chr7+42220564	125	5	5	TCTGCGCGCTCGCTCGCTCA
test	subjectC	sample1	chr1-15238163	125	5	5	TCTGCGCGCTCGCTCGCTCA
test	subjectC	sample1	chr18-29386465	125	5	5	TCTGCGCGCTCGCTCGCTCA
test	subjectC	sample1	chr15-60100178	125	5	5	TCTGCGCGCTCGCTCGCTCA
test	subjectC	sample1	chr1-19664968	125	5	5	TCTGCGCGCTCGCTCGCTCA
test	subjectC	sample1	chr12+16545985	125	5	5	TCTGCGCGCTCGCTCGCTCA
test	subjectC	sample1	chr15+100451901	125	5	5	TCTGCGCGCTCGCTCGCTCA
test	subjectC	sample1	chr9-21273589	125	5	5	TCTGCGCGCTCGCTCGCTCA
test	subjectC	sample1	chr15+71111194	125	5	5	TCTGCGCGCTCGCTCGCTCA
test	subjectC	sample1	chr7+13475312	125	5	5	TCTGCGCGCTCGCTCGCTCA
test	subjectC	sample1	chr5-174386568	125	5	5	TCTGCGCGCTCGCTCGCTCA
test	subjectC	sample1	chr19+35480283	125	5	5	TCTGCGCGCTCGCTCGCTCA
test	subjectC	sample1	chr10-67326909	125	5	5	TCTGCGCGCTCGCTCGCTCA
test	subjectC	sample1	chr13-29867917	125	5	5	TCTGCGCGCTCGCTCGCTCA
test	subjectC	sample1	chr13-43277815	125	5	5	TCTGCGCGCTCGCTCGCTCA
test	subjectC	sample1	chrX+72096437	125	5	5	TCTGCGCGCTCGCTCGCTCA
test	subjectC	sample1	chr7-106717154	125	5	5	TCTGCGCGCTCGCTCGCTCA
test	subjectC	sample1	chr15-83393352	125	5	5	TCTGCGCGCTCGCTCGCTCA
test	subjectC	sample1	chr7-65607779	125	5	5	TCTGCGCGCTCGCTCGCTCA
test	subjectC	sample1	chr2+127982936	125	5	5	TCTGCGCGCTCGCTCGCTCA
test	subjectC	sample1	chr16-88050220	125	5	5	TCTGCGCGCTCGCTCGCTCA
test	subjectC	sample1	chr2-44766900	125	5	5	TCTGCGCGCTCGCTCGCTCA
test	subjectC	sample1	chr9+17450042	125	5	5	TCTGCGCGCTCGCTCGCTCA
test	subjectC	sample1	chr21+37838729	125	5	5	TCTGCGCGCTCGCTCGCTCA
test	subjectC	sample1	chr6-96994966	125	5	5	TCTGCGCGCTCGCTCGCTCA
test	subjectC	sample1	chr11+92381648	125	5	5	TCTGCGCGCTCGCTCGCTCA
test	subjectC	sample1	chr13+82660245	125	5	5	TCTGCGCGCTCGCTCGCTCA
test	subjectC	sample1	chr14-42715712	125	5	5	TCTGCGCGCTCGCTCGCTCA
test	subjectC	sample1	chr10+72603819	125	5	5	TCTGCGCGCTCGCTCGCTCA
test	subjectC	sample1	chr11-35273398	125	5	5	TCTGCGCGCTCGCTCGCTCA
test	subjectC	sample1	chr10+93471515	125	5	5	TCTGCGCGCTCGCTCGCTCA
test	subjectC	sample1	chr5-84549722	125	5	5	TCTGCGCGCTCGCTCGCTCA
test	subjectC	sample1	chr18+63940278	125	5	5	TCTGCGCGCTCGCTCGCTCA
test	subjectC	sample1	chr6-139282572	125	5	5	TCTGCGCGCTCGCTCGCTCA
test	subjectC	sample1	chr4+134546738	125	5	5	TCTGCGCGCTCGCTCGCTCA
test	subjectC	sample1	chr9+120104569	125	5	5	TCTGCGCGCTCGCTCGCTCA
test	subjectC	sample1	chrX-140339657	125	5	5	TCTGCGCGCTCGCTCGCTCA
test	subjectC	sample1	chr5-169014278	125	5	5	TCTGCGCGCTCGCTCGCTCA
test	subjectC	sample1	chr17-39465933	125	5	5	TCTGCGCGCTCGCTCGCTCA
test	subjectC	sample1	chr14-42426362	125	5	5	TCTGCGCGCTCGCTCGCTCA
test	subjectC	sample1	chr1+66903209	125	5	5	TCTGCGCGCTCGCTCGCTCA
test	subjectC	sample1	chr16-79774355	125	5	5	TCTGCGCGCTCGCTCGCTCA
test	subjectC	sample1	chr8+35672311	125	5	5	TCTGCGCGCTCGCTCGCTCA
test	subjectC	sample1	chr22+25252559	125	5	5	TCTGCGCGCTCGCTCGCTCA
test	subjectC	sample1	chr11+43246058	125	5	5	TCTGCGCGCTCGCTCGCTCA
test	subjectC	sample1	chr3-142575178	125	5	5	TCTGCGCGCTCGCTCGCTCA
test	subjectC	sample1	chrX+26833283	125	5	5	TCTGCGCGCTCGCTCGCTCA
test	subjectC	sample1	chr6-126260741	125	5	5	TCTGCGCGCTCGCTCGCTCA
test	subjectC	sample1	chr11+69013688	125	5	5	TCTGCGCGCTCGCTCGCTCA
test	subjectC	sample1	chr5-127252056	125	5	5	TCTGCGCGCTCGCTCGCTCA
test	subjectC	sample1	chr4-79576035	125	5	5	TCTGCGCGCTCGCTCGCTCA
test	subjectC	sample1	chr6-30735247	125	5	5	TCTGCGCGCTCGCTCGCTCA
test	subjectC	sample1	chr6-76631364	125	5	5	TCTGCGCGCTCGCTCGCTCA
test	subjectC	sample1	chr21-12797254	125	5	5	TCTGCGCGCTCGCTCGCTCA
test	subjectC	sample1	chr13-23307493	125	5	5	TCTGCGCGCTCGCTCGCTCA
test	subjectC	sample1	chr4+172638886	125	5	5	TCTGCGCGCTCGCTCGCTCA
test	subjectC	sample1	chr16+10133049	125	5	5	TCTGCGCGCTCGCTCGCTCA
test	subjectC	sample1	chr4+51149665	125	5	5	TCTGCGCGCTCGCTCGCTCA
test	subjectC	sample1	chr17+34965390	125	5	5	TCTGCGCGCTCGCTCGCTCA
test	subjectC	sample1	chr18+9277253	125	5	5	TCTGCGCGCTCGCTCGCTCA
test	subjectC	sample1	chr8+46379338	125	5	5	TCTGCGCGCTCGCTCGCTCA
test	subjectC	sample1	chrX-68041708	125	5	5	TCTGCGCGCTCGCTCGCTCA
test	subjectC	sample1	chr10+98621622	125	5	5	TCTGCGCGCTCGCTCGCTCA
test	subjectC	sample1	chr10-124189651	125	5	5	TCTGCGCGCTCGCTCGCTCA
test	subjectC	sample1	chr4+38798165	125	5	5	TCTGCGCGCTCGCTCGCTCA
test	subjectC	sample1	chrX+103179008	125	5	5	TCTGCGCGCTCGCTCGCTCA
test	subjectC	sample1	chr16+9092809	125	5	5	TCTGCGCGCTCGCTCGCTCA
test	subjectC	sample1	chr13+79166456	125	5	5	TCTGCGCGCTCGCTCGCTCA
test	subjectC	sample1	chr12-25737997	125	5	5	TCTGCGCGCTCGCTCGCTCA
test	subjectC	sample1	chr18+42244803	125	5	5	TCTGCGCGCTCGCTCGCTCA
test	subjectC	sample1	chrX+65256035	125	5	5	TCTGCGCGCTCGCTCGCTCA
test	subjectC	sample1	chr21-30711374	125	5	5	TCTGCGCGCTCGCTCGCTCA
test	subjectC	sample1	chr12-24486457	125	5	5	TCTGCGCGCTCGCTCGCTCA
test	subjectC	sample1	chr13+88029910	125	5	5	TCTGCGCGCTCGCTCGCTCA
test	subjectC	sample1	chr6-161391557	125	5	5	TCTGCGCGCTCGCTCGCTCA
test	subjectC	sample1	chr7-39647987	125	5	5	TCTGCGCGCTCGCTCGCTCA
test	subjectC	sample1	chr17-79594303	125	5	5	TCTGCGCGCTCGCTCGCTCA
test	subjectC	sample1	chr11+110732982	125	5	5	TCTGCGCGCTCGCTCGCTCA
test	subjectC	sample1	chr9-35333270	125	5	5	TCTGCGCGCTCGCTCGCTCA
test	subjectC	sample1	chr13+67220797	125	5	5	TCTGCGCGCTCGCTCGCTCA
test	subjectC	sample1	chrX+61733351	125	5	5	TCTGCGCGCTCGCTCGCTCA
test	subjectC	sample1	chr4+31891347	125	5	5	TCTGCGCGCTCGCTCGCTCA
test	subjectC	sample1	chr5-52356909	125	5	5	TCTGCGCGCTCGCTCGCTCA
test	subjectC	sample1	chr4+185479732	125	5	5	TCTGCGCGCTCGCTCGCTCA
test	subjectC	sample1	chr12-131415029	125	5	5	TCTGCGCGCTCGCTCGCTCA
test	subjectC	sample1	chr8-94309712	125	5	5	TCTGCGCGCTCGCTCGCTCA
test	subjectC	sample1	chr8-3706349	125	5	5	TCTGCGCGCTCGCTCGCTCA
test	subjectC	sample1	chr9-34075740	125	5	5	TCTGCGCGCTCGCTCGCTCA
test	subjectC	sample1	chr15+30072637	125	5	5	TCTGCGCGCTCGCTCGCTCA
test	subjectC	sample1	chr13-49057858	125	5	5	TCTGCGCGCTCGCTCGCTCA
test	subjectC	sample1	chr2+232567084	125	5	5	TCTGCGCGCTCGCTCGCTCA
test	subjectC	sample1	chr9+34601420	125	5	5	TCTGCGCGCTCGCTCGCTCA
test	subjectC	sample1	chr12+130222946	125	5	5	TCTGCGCGCTCGCTCGCTCA
test	subjectC	sample1	chr6+37855500	125	5	5	TCTGCGCGCTCGCTCGCTCA
test	subjectC	sample1	chr16-37124271	125	5	5	TCTGCGCGCTCGCTCGCTCA
test	subjectC	sample1	chrX-58467068	125	5	5	TCTGCGCGCTCGCTCGCTCA
test	subjectC	sample1	chr21-21349637	125	5	5	TCTGCGCGCTCGCTCGCTCA
test	subjectC	sample1	chr16+27510411	125	5	5	TCTGCGCGCTCGCTCGCTCA
test	subjectC	sample1	chr8+34987919	125	5	5	TCTGCGCGCTCGCTCGCTCA
test	subjectC	sample1	chr14-21899535	125	5	5	TCTGCGCGCTCGCTCGCTCA
test	subjectC	sample1	chr1+234502743	125	5	5	TCTGCGCGCTCGCTCGCTCA
test	subjectC	sample1	chr11-114945222	125	5	5	TCTGCGCGCTCGCTCGCTCA
test	subjectC	sample1	chr22+44439829	125	5	5	TCTGCGCGCTCGCTCGCTCA
test	subjectC	sample1	chr2-44926132	125	5	5	TCTGCGCGCTCGCTCGCTCA
test	subjectC	sample1	chr9+30809381	125	5	5	TCTGCGCGCTCGCTCGCTCA
test	subjectC	sample1	chr13-62203284	125	5	5	TCTGCGCGCTCGCTCGCTCA
test	subjectC	sample1	chrX+8217091	125	5	5	TCTGCGCGCTCGCTCGCTCA
test	subjectC	sample1	chr2-81056391	125	5	5	TCTGCGCGCTCGCTCGCTCA
test	subjectC	sample1	chr1-181760288	125	5	5	TCTGCGCGCTCGCTCGCTCA
test	subjectC	sample1	chr5-45534281	125	5	5	TCTGCGCGCTCGCTCGCTCA
test	subjectC	sample1	chr15-98232628	125	5	5	TCTGCGCGCTCGCTCGCTCA
test	subjectC	sample1	chr13+86577261	125	5	5	TCTGCGCGCTCGCTCGCTCA
test	subjectC	sample1	chr18+13803846	125	5	5	TCTGCGCGCTCGCTCGCTCA
test	subjectC	sample1	chr21-33382686	125	5	5	TCTGCGCGCTCGCTCGCTCA
test	subjectC	sample1	chr12-31297964	125	5	5	TCTGCGCGCTCGCTCGCTCA
test	subjectC	sample1	chr6+115369827	125	5	5	TCTGCGCGCTCGCTCGCTCA
test	subjectC	sample1	chr13-93411111	125	5	5	TCTGCGCGCTCGCTCGCTCA
test	subjectC	sample1	chr2-154126674	125	5	5	TCTGCGCGCTCGCTCGCTCA
test	subjectC	sample1	chr11+129031923	125	5	5	TCTGCGCGCTCGCTCGCTCA
test	subjectC	sample1	chr1+37709852	125	5	5	TCTGCGCGCTCGCTCGCTCA
test	subjectC	sample1	chr21+37625980	125	5	5	TCTGCGCGCTCGCTCGCTCA
test	subjectC	sample1	chr10-6562011	125	5	5	TCTGCGCGCTCGCTCGCTCA
test	subjectC	sample1	chr21+30924832	125	5	5	TCTGCGCGCTCGCTCGCTCA
test	subjectC	sample1	chr17-40439650	125	5	5	TCTGCGCGCTCGCTCGCTCA
test	subjectC	sample1	chr20-21584613	125	5	5	TCTGCGCGCTCGCTCGCTCA
test	subjectC	sample1	chr8+21200090	125	5	5	TCTGCGCGCTCGCTCGCTCA
test	subjectC	sample1	chr17-70136921	125	5	5	TCTGCGCGCTCGCTCGCTCA
test	subjectC	sample1	chr19-33488474	125	5	5	TCTGCGCGCTCGCTCGCTCA
test	subjectC	sample1	chr5+124257651	125	5	5	TCTGCGCGCTCGCTCGCTCA
test	subjectC	sample1	chr11+49384458	125	5	5	TCTGCGCGCTCGCTCGCTCA
test	subjectC	sample1	chr13-37123099	125	5	5	TCTGCGCGCTCGCTCGCTCA
test	subjectC	sample1	chr6-113015924	125	5	5	TCTGCGCGCTCGCTCGCTCA
test	subjectC	sample1	chr7-53959053	125	5	5	TCTGCGCGCTCGCTCGCTCA
test	subjectC	sample1	chr4-116648453	125	5	5	TCTGCGCGCTCGCTCGCTCA
test	subjectC	sample1	chr2+66609698	125	5	5	TCTGCGCGCTCGCTCGCTCA
test	subjectC	sample1	chr20-47204234	125	5	5	TCTGCGCGCTCGCTCGCTCA
test	subjectC	sample1	chr1-189371386	125	5	5	TCTGCGCGCTCGCTCGCTCA
test	subjectC	sample1	chr18-79880179	125	5	5	TCTGCGCGCTCGCTCGCTCA
test	subjectC	sample1	chr5+82851426	125	5	5	TCTGCGCGCTCGCTCGCTCA
test	subjectC	sample1	chr15+36644088	125	5	5	TCTGCGCGCTCGCTCGCTCA
test	subjectC	sample1	chr14+84599560	125	5	5	TCTGCGCGCTCGCTCGCTCA
test	subjectC	sample1	chr18-50571226	125	5	5	TCTGCGCGCTCGCTCGCTCA
test	subjectC	sample1	chr20+5852330	125	5	5	TCTGCGCGCTCGCTCGCTCA
test	subjectC	sample1	chr13+83770088	125	5	5	TCTGCGCGCTCGCTCGCTCA
test	subjectC	sample1	chr20-57560644	125	5	5	TCTGCGCGCTCGCTCGCTCA
test	subjectC	sample1	chr20+21801492	125	5	5	TCTGCGCGCTCGCTCGCTCA
test	subjectC	sample1	chr5-164351069	125	5	5	TCTGCGCGCTCGCTCGCTCA
test	subjectC	sample1	chr16-20190062	125	5	5	TCTGCGCGCTCGCTCGCTCA
test	subjectC	sample1	chr7-86700766	125	5	5	TCTGCGCGCTCGCTCGCTCA
test	subjectC	sample1	chr14+98657221	125	5	5	TCTGCGCGCTCGCTCGCTCA
test	subjectC	sample1	chr18+72200957	125	5	5	TCTGCGCGCTCGCTCGCTCA
test	subjectC	sample1	chr9-9049994	125	5	5	TCTGCGCGCTCGCTCGCTCA
test	subjectC	sample1	chr7+155248619	125	5	5	TCTGCGCGCTCGCTCGCTCA
test	subjectC	sample1	chr19-10445994	125	5	5	TCTGCGCGCTCGCTCGCTCA
test	subjectC	sample1	chr9+75040021	125	5	5	TCTGCGCGCTCGCTCGCTCA
test	subjectC	sample1	chr22-44865165	125	5	5	TCTGCGCGCTCGCTCGCTCA
test	subjectC	sample1	chr4-40230630	125	5	5	TCTGCGCGCTCGCTCGCTCA
test	subjectC	sample1	chr6-139739494	125	5	5	TCTGCGCGCTCGCTCGCTCA
test	subjectC	sample1	chr7-108413526	125	5	5	TCTGCGCGCTCGCTCGCTCA
test	subjectC	sample1	chr1-28710980	125	5	5	TCTGCGCGCTCGCTCGCTCA
test	subjectC	sample1	chr10+114054535	125	5	5	TCTGCGCGCTCGCTCGCTCA
test	subjectC	sample1	chr8+131793910	125	5	5	TCTGCGCGCTCGCTCGCTCA
test	subjectC	sample1	chr10-63022089	125	5	5	TCTGCGCGCTCGCTCGCTCA
test	subjectC	sample1	chr8-89983081	125	5	5	TCTGCGCGCTCGCTCGCTCA
test	subjectC	sample1	chr8-96516369	125	5	5	TCTGCGCGCTCGCTCGCTCA
test	subjectC	sample1	chr10-67616425	125	5	5	TCTGCGCGCTCGCTCGCTCA
test	subjectC	sample1	chr22+30346228	125	5	5	TCTGCGCGCTCGCTCGCTCA
test	subjectC	sample1	chr20+12424970	125	5	5	TCTGCGCGCTCGCTCGCTCA
test	subjectC	sample1	chr1+167913524	125	5	5	TCTGCGCGCTCGCTCGCTCA
test	subjectC	sample1	chr7+21363895	125	5	5	TCTGCGCGCTCGCTCGCTCA
test	subjectC	sample1	chr3+119291074	125	5	5	TCTGCGCGCTCGCTCGCTCA
test	subjectC	sample1	chr19-39766930	125	5	5	TCTGCGCGCTCGCTCGCTCA
test	subjectC	sample1	chr22+21630068	125	5	5	TCTGCGCGCTCGCTCGCTCA
test	subjectC	sample1	chr8-93412451	125	5	5	TCTGCGCGCTCGCTCGCTCA
test	subjectC	sample1	chr7-63838000	125	5	5	TCTGCGCGCTCGCTCGCTCA
test	subjectC	sample1	chr17-50697176	125	5	5	TCTGCGCGCTCGCTCGCTCA
test	subjectC	sample1	chr6+130406090	125	5	5	TCTGCGCGCTCGCTCGCTCA
test	subjectC	sample1	chr5+106008933	125	5	5	TCTGCGCGCTCGCTCGCTCA
test	subjectC	sample1	chr6+71437596	125	5	5	TCTGCGCGCTCGCTCGCTCA
test	subjectC	sample1	chr13+55804309	125	5	5	TCTGCGCGCTCGCTCGCTCA
test	subjectC	sample1	chr3-168113163	125	5	5	TCTGCGCGCTCGCTCGCTCA
test	subjectC	sample1	chr20+49792610	125	5	5	TCTGCGCGCTCGCTCGCTCA
test	subjectC	sample1	chr4+125587287	125	5	5	TCTGCGCGCTCGCTCGCTCA
test	subjectC	sample1	chrX+34054367	125	5	5	TCTGCGCGCTCGCTCGCTCA
test	subjectC	sample1	chr20+40702153	125	5	5	TCTGCGCGCTCGCTCGCTCA
test	subjectC	sample1	chr11-3860718	125	5	5	TCTGCGCGCTCGCTCGCTCA
test	subjectC	sample1	chr11-14492716	125	5	5	TCTGCGCGCTCGCTCGCTCA
test	subjectC	sample1	chr9+10367758	125	5	5	TCTGCGCGCTCGCTCGCTCA
test	subjectC	sample1	chr5+149496919	125	5	5	TCTGCGCGCTCGCTCGCTCA
test	subjectC	sample1	chr6+14060233	125	5	5	TCTGCGCGCTCGCTCGCTCA
test	subjectC	sample1	chr9+3958746	125	5	5	TCTGCGCGCTCGCTCGCTCA
test	subjectC	sample1	chr13+68391353	125	5	5	TCTGCGCGCTCGCTCGCTCA
test	subjectC	sample1	chr15+50684321	125	5	5	TCTGCGCGCTCGCTCGCTCA
test	subjectC	sample1	chr6+144817630	125	5	5	TCTGCGCGCTCGCTCGCTCA
test	subjectC	sample1	chr8+36817600	125	5	5	TCTGCGCGCTCGCTCGCTCA
test	subjectC	sample1	chr10-4676362	125	5	5	TCTGCGCGCTCGCTCGCTCA
test	subjectC	sample1	chr8-60921504	125	5	5	TCTGCGCGCTCGCTCGCTCA
test	subjectC	sample1	chr21+30540613	125	5	5	TCTGCGCGCTCGCTCGCTCA
test	subjectC	sample1	chr9+27970628	125	5	5	TCTGCGCGCTCGCTCGCTCA
test	subjectC	sample1	chr1-239568342	125	5	5	TCTGCGCGCTCGCTCGCTCA
test	subjectC	sample1	chr13-80370278	125	5	5	TCTGCGCGCTCGCTCGCTCA
test	subjectC	sample1	chr13-46059784	125	5	5	TCTGCGCGCTCGCTCGCTCA
test	subjectC	sample1	chrX-70578378	125	5	5	TCTGCGCGCTCGCTCGCTCA
test	subjectC	sample1	chr9-104995211	125	5	5	TCTGCGCGCTCGCTCGCTCA
test	subjectC	sample1	chr1+26173514	125	5	5	TCTGCGCGCTCGCTCGCTCA
test	subjectC	sample1	chr2-93079713	125	5	5	TCTGCGCGCTCGCTCGCTCA
test	subjectC	sample1	chr22+29088781	125	5	5	TCTGCGCGCTCGCTCGCTCA
test	subjectC	sample1	chr14-65525475	125	5	5	TCTGCGCGCTCGCTCGCTCA
test	subjectC	sample1	chr7+146240805	125	5	5	TCTGCGCGCTCGCTCGCTCA
test	subjectC	sample1	chr22-44531764	125	5	5	TCTGCGCGCTCGCTCGCTCA
test	subjectC	sample1	chr12+83467470	125	5	5	TCTGCGCGCTCGCTCGCTCA
test	subjectC	sample1	chr9+121093488	125	5	5	TCTGCGCGCTCGCTCGCTCA
test	subjectC	sample1	chr11-30416007	125	5	5	TCTGCGCGCTCGCTCGCTCA
test	subjectC	sample1	chr6+147580051	125	5	5	TCTGCGCGCTCGCTCGCTCA
test	subjectC	sample1	chr18+23277042	125	5	5	TCTGCGCGCTCGCTCGCTCA
test	subjectC	sample1	chr13-107499196	125	5	5	TCTGCGCGCTCGCTCGCTCA
test	subjectC	sample1	chr16-62996440	125	5	5	TCTGCGCGCTCGCTCGCTCA
test	subjectC	sample1	chr10-23613884	125	5	5	TCTGCGCGCTCGCTCGCTCA
test	subjectC	sample1	chr3-23499621	125	5	5	TCTGCGCGCTCGCTCGCTCA
test	subjectC	sample1	chr15+32110410	125	5	5	TCTGCGCGCTCGCTCGCTCA
test	subjectC	sample1	chr10-23541751	125	5	5	TCTGCGCGCTCGCTCGCTCA
test	subjectC	sample1	chr6+31271715	125	5	5	TCTGCGCGCTCGCTCGCTCA
test	subjectC	sample1	chr1-53659633	125	5	5	TCTGCGCGCTCGCTCGCTCA
test	subjectC	sample1	chr2+16297233	125	5	5	TCTGCGCGCTCGCTCGCTCA
test	subjectC	sample1	chr6-25367992	125	5	5	TCTGCGCGCTCGCTCGCTCA
test	subjectC	sample1	chr2-159383998	125	5	5	TCTGCGCGCTCGCTCGCTCA
test	subjectC	sample1	chr11+123386304	125	5	5	TCTGCGCGCTCGCTCGCTCA
test	subjectC	sample1	chr11-103942423	125	5	5	TCTGCGCGCTCGCTCGCTCA
test	subjectC	sample1	chrX+11482432	125	5	5	TCTGCGCGCTCGCTCGCTCA
test	subjectC	sample1	chr1-202480732	125	5	5	TCTGCGCGCTCGCTCGCTCA
test	subjectC	sample1	chr18-42786792	125	5	5	TCTGCGCGCTCGCTCGCTCA
test	subjectC	sample1	chr7+95285684	125	5	5	TCTGCGCGCTCGCTCGCTCA
test	subjectC	sample1	chr19-17762512	125	5	5	TCTGCGCGCTCGCTCGCTCA
test	subjectC	sample1	chr10-108420394	125	5	5	TCTGCGCGCTCGCTCGCTCA
test	subjectC	sample1	chr20-4228035	125	5	5	TCTGCGCGCTCGCTCGCTCA
test	subjectC	sample1	chr21+12977673	125	5	5	TCTGCGCGCTCGCTCGCTCA
test	subjectC	sample1	chrX+13806388	125	5	5	TCTGCGCGCTCGCTCGCTCA
test	subjectC	sample1	chr3-66578782	125	5	5	TCTGCGCGCTCGCTCGCTCA
test	subjectC	sample1	chr16-15734203	125	5	5	TCTGCGCGCTCGCTCGCTCA
test	subjectC	sample1	chr5+178985301	125	5	5	TCTGCGCGCTCGCTCGCTCA
test	subjectC	sample1	chr10-114087879	125	5	5	TCTGCGCGCTCGCTCGCTCA
test	subjectC	sample1	chr20+57746489	125	5	5	TCTGCGCGCTCGCTCGCTCA
test	subjectC	sample1	chr16+63212350	125	5	5	TCTGCGCGCTCGCTCGCTCA
test	subjectC	sample1	chr2-190688478	125	5	5	TCTGCGCGCTCGCTCGCTCA
test	subjectC	sample1	chr18+25256007	125	5	5	TCTGCGCGCTCGCTCGCTCA
test	subjectC	sample1	chr20+19540863	125	5	5	TCTGCGCGCTCGCTCGCTCA
test	subjectC	sample1	chr20+7562632	125	5	5	TCTGCGCGCTCGCTCGCTCA
test	subjectC	sample1	chr11-69366067	125	5	5	TCTGCGCGCTCGCTCGCTCA
test	subjectC	sample1	chr19+27654398	125	5	5	TCTGCGCGCTCGCTCGCTCA
test	subjectC	sample1	chr11+114768086	125	5	5	TCTGCGCGCTCGCTCGCTCA
test	subjectC	sample1	chr3+136446134	125	5	5	TCTGCGCGCTCGCTCGCTCA
test	subjectC	sample1	chr8+1445499	125	5	5	TCTGCGCGCTCGCTCGCTCA
test	subjectC	sample1	chr22-11689045	125	5	5	TCTGCGCGCTCGCTCGCTCA
test	subjectC	sample1	chr12-122597425	125	5	5	TCTGCGCGCTCGCTCGCTCA
test	subjectC	sample1	chr13-42866047	125	5	5	TCTGCGCGCTCGCTCGCTCA
test	subjectC	sample1	chr3+115745820	125	5	5	TCTGCGCGCTCGCTCGCTCA
test	subjectC	sample1	chr22-35149590	125	5	5	TCTGCGCGCTCGCTCGCTCA
test	subjectC	sample1	chr20+29390387	125	5	5	TCTGCGCGCTCGCTCGCTCA
test	subjectC	sample1	chr5+33828707	125	5	5	TCTGCGCGCTCGCTCGCTCA
test	subjectC	sample1	chr15-75541054	125	5	5	TCTGCGCGCTCGCTCGCTCA
test	subjectC	sample1	chr10+69533344	125	5	5	TCTGCGCGCTCGCTCGCTCA
test	subjectC	sample1	chr10-9242811	125	5	5	TCTGCGCGCTCGCTCGCTCA
test	subjectC	sample1	chr15+91774329	125	5	5	TCTGCGCGCTCGCTCGCTCA
test	subjectC	sample1	chr16-10881892	125	5	5	TCTGCGCGCTCGCTCGCTCA
test	subjectC	sample1	chr19-18189373	125	5	5	TCTGCGCGCTCGCTCGCTCA
test	subjectC	sample1	chr2+116033536	125	5	5	TCTGCGCGCTCGCTCGCTCA
test	subjectC	sample1	chr15+61084588	125	5	5	TCTGCGCGCTCGCTCGCTCA
test	subjectC	sample1	chr9-87597910	125	5	5	TCTGCGCGCTCGCTCGCTCA
test	subjectC	sample1	chr14+85975691	125	5	5	TCTGCGCGCTCGCTCGCTCA
test	subjectC	sample1	chr1-194325740	125	5	5	TCTGCGCGCTCGCTCGCTCA
test	subjectC	sample1	chr11-73360848	125	5	5	TCTGCGCGCTCGCTCGCTCA
test	subjectC	sample1	chr12+56550080	125	5	5	TCTGCGCGCTCGCTCGCTCA
test	subjectC	sample1	chr3-101327395	125	5	5	TCTGCGCGCTCGCTCGCTCA
test	subjectC	sample1	chr6-170140219	125	5	5	TCTGCGCGCTCGCTCGCTCA
test	subjectC	sample1	chr12-74861030	125	5	5	TCTGCGCGCTCGCTCGCTCA
test	subjectC	sample1	chr3+1781160	125	5	5	TCTGCGCGCTCGCTCGCTCA
test	subjectC	sample1	chr19-46598313	125	5	5	TCTGCGCGCTCGCTCGCTCA
test	subjectC	sample1	chr22+34147448	125	5	5	TCTGCGCGCTCGCTCGCTCA
test	subjectC	sample1	chr21-34287567	125	5	5	TCTGCGCGCTCGCTCGCTCA
test	subjectC	sample1	chr18+22493734	125	5	5	TCTGCGCGCTCGCTCGCTCA
test	subjectC	sample1	chr16-2218015	125	5	5	TCTGCGCGCTCGCTCGCTCA
test	subjectC	sample1	chr6+102642498	125	5	5	TCTGCGCGCTCGCTCGCTCA
test	subjectC	sample1	chrX+26037784	125	5	5	TCTGCGCGCTCGCTCGCTCA
test	subjectC	sample1	chr21+45953246	125	5	5	TCTGCGCGCTCGCTCGCTCA
test	subjectC	sample1	chr1+4769119	125	5	5	TCTGCGCGCTCGCTCGCTCA
test	subjectC	sample1	chr1+93924386	125	5	5	TCTGCGCGCTCGCTCGCTCA
test	subjectC	sample1	chr10+85446458	125	5	5	TCTGCGCGCTCGCTCGCTCA
test	subjectC	sample1	chr12-3706194	125	5	5	TCTGCGCGCTCGCTCGCTCA
test	subjectC	sample1	chr4-45073082	125	5	5	TCTGCGCGCTCGCTCGCTCA
test	subjectC	sample1	chr4-180369703	125	5	5	TCTGCGCGCTCGCTCGCTCA
test	subjectC	sample1	chr8+133979730	125	5	5	TCTGCGCGCTCGCTCGCTCA
test	subjectC	sample1	chr11+128683933	125	5	5	TCTGCGCGCTCGCTCGCTCA
test	subjectC	sample1	chr7-95111560	125	5	5	TCTGCGCGCTCGCTCGCTCA
test	subjectC	sample1	chr11-17601773	125	5	5	TCTGCGCGCTCGCTCGCTCA
test	subjectC	sample1	chr6-100387915	125	5	5	TCTGCGCGCTCGCTCGCTCA
test	subjectC	sample1	chr11-1338083	125	5	5	TCTGCGCGCTCGCTCGCTCA
test	subjectC	sample1	chr15+79224011	125	5	5	TCTGCGCGCTCGCTCGCTCA
test	subjectC	sample1	chr16+28948931	125	5	5	TCTGCGCGCTCGCTCGCTCA
test	subjectC	sample1	chr20-26202695	125	5	5	TCTGCGCGCTCGCTCGCTCA
test	subjectC	sample1	chr9+42878013	125	5	5	TCTGCGCGCTCGCTCGCTCA
test	subjectC	sample1	chr5+4068809	125	5	5	TCTGCGCGCTCGCTCGCTCA
test	subjectC	sample1	chr21-15985244	125	5	5	TCTGCGCGCTCGCTCGCTCA
test	subjectC	sample1	chr18+47411537	125	5	5	TCTGCGCGCTCGCTCGCTCA
test	subjectC	sample1	chr9-43354108	125	5	5	TCTGCGCGCTCGCTCGCTCA
test	subjectC	sample1	chr10-69842701	125	5	5	TCTGCGCGCTCGCTCGCTCA
test	subjectC	sample1	chr9+88207234	125	5	5	TCTGCGCGCTCGCTCGCTCA
test	subjectC	sample1	chr14+42068748	125	5	5	TCTGCGCGCTCGCTCGCTCA
test	subjectC	sample1	chr20+37621769	125	5	5	TCTGCGCGCTCGCTCGCTCA
test	subjectC	sample1	chr5+123256157	125	5	5	TCTGCGCGCTCGCTCGCTCA
test	subjectC	sample1	chr2+143332933	125	5	5	TCTGCGCGCTCGCTCGCTCA
test	subjectC	sample1	chr7-158384814	125	5	5	TCTGCGCGCTCGCTCGCTCA
test	subjectC	sample1	chr14-55974930	125	5	5	TCTGCGCGCTCGCTCGCTCA
test	subjectC	sample1	chr15-67593237	125	5	5	TCTGCGCGCTCGCTCGCTCA
test	subjectC	sample1	chr6-41472285	125	5	5	TCTGCGCGCTCGCTCGCTCA
test	subjectC	sample1	chr7+33090062	125	5	5	TCTGCGCGCTCGCTCGCTCA
test	subjectC	sample1	chr4-106123037	125	5	5	TCTGCGCGCTCGCTCGCTCA
test	subjectC	sample1	chr22-50354489	125	5	5	TCTGCGCGCTCGCTCGCTCA
test	subjectC	sample1	chr5-117443172	125	5	5	TCTGCGCGCTCGCTCGCTCA
test	subjectC	sample1	chr2+170309120	125	5	5	TCTGCGCGCTCGCTCGCTCA
test	subjectC	sample1	chr20+50784907	125	5	5	TCTGCGCGCTCGCTCGCTCA
test	subjectC	sample1	chrX+48647992	125	5	5	TCTGCGCGCTCGCTCGCTCA
test	subjectC	sample1	chr22-39220243	125	5	5	TCTGCGCGCTCGCTCGCTCA
test	subjectC	sample1	chr18-58573468	125	5	5	TCTGCGCGCTCGCTCGCTCA
test	subjectC	sample1	chr3-136610646	125	5	5	TCTGCGCGCTCGCTCGCTCA
test	subjectC	sample1	chr15-32913046	125	5	5	TCTGCGCGCTCGCTCGCTCA
test	subjectC	sample1	chr12-112784930	125	5	5	TCTGCGCGCTCGCTCGCTCA
test	subjectC	sample1	chrX+146932797	125	5	5	TCTGCGCGCTCGCTCGCTCA
test	subjectC	sample1	chr15-31723531	125	5	5	TCTGCGCGCTCGCTCGCTCA
test	subjectC	sample1	chr17+71013228	125	5	5	TCTGCGCGCTCGCTCGCTCA
test	subjectC	sample1	chr12+77344173	125	5	5	TCTGCGCGCTCGCTCGCTCA
test	subjectC	sample1	chr22+43969856	125	5	5	TCTGCGCGCTCGCTCGCTCA
test	subjectC	sample1	chr19-52478592	125	5	5	TCTGCGCGCTCGCTCGCTCA
test	subjectC	sample1	chr18+6527850	125	5	5	TCTGCGCGCTCGCTCGCTCA
test	subjectC	sample1	chr21+24958786	125	5	5	TCTGCGCGCTCGCTCGCTCA
test	subjectC	sample1	chr5-177857721	125	5	5	TCTGCGCGCTCGCTCGCTCA
test	subjectC	sample1	chr17-9960416	125	5	5	TCTGCGCGCTCGCTCGCTCA
test	subjectC	sample1	chr4+83585311	125	5	5	TCTGCGCGCTCGCTCGCTCA
test	subjectC	sample1	chr22-26402130	125	5	5	TCTGCGCGCTCGCTCGCTCA
test	subjectC	sample1	chr17+33983345	125	5	5	TCTGCGCGCTCGCTCGCTCA
test	subjectC	sample1	chr13-28622596	125	5	5	TCTGCGCGCTCGCTCGCTCA
test	subjectC	sample1	chr22+42587880	125	5	5	TCTGCGCGCTCGCTCGCTCA
test	subjectC	sample1	chr3-12680865	125	5	5	TCTGCGCGCTCGCTCGCTCA
test	subjectC	sample1	chr20+47241208	125	5	5	TCTGCGCGCTCGCTCGCTCA
test	subjectC	sample1	chr16+79860997	125	5	5	TCTGCGCGCTCGCTCGCTCA
test	subjectC	sample1	chr4-108844034	125	5	5	TCTGCGCGCTCGCTCGCTCA
test	subjectC	sample1	chr5-63189083	125	5	5	TCTGCGCGCTCGCTCGCTCA
test	subjectC	sample1	chr5-136115740	125	5	5	TCTGCGCGCTCGCTCGCTCA
test	subjectC	sample1	chr15+42849869	125	5	5	TCTGCGCGCTCGCTCGCTCA
test	subjectC	sample1	chr11+42298367	125	5	5	TCTGCGCGCTCGCTCGCTCA
test	subjectC	sample1	chr1-38515591	125	5	5	TCTGCGCGCTCGCTCGCTCA
test	subjectC	sample1	chr13+65964738	125	5	5	TCTGCGCGCTCGCTCGCTCA
test	subjectC	sample1	chr18-68240841	125	5	5	TCTGCGCGCTCGCTCGCTCA
test	subjectC	sample1	chr19-45755757	125	5	5	TCTGCGCGCTCGCTCGCTCA
test	subjectC	sample1	chr14-81760074	125	5	5	TCTGCGCGCTCGCTCGCTCA
test	subjectC	sample1	chr10-97182542	125	5	5	TCTGCGCGCTCGCTCGCTCA
test	subjectC	sample1	chr9+122646719	125	5	5	TCTGCGCGCTCGCTCGCTCA
test	subjectC	sample1	chr18-54962059	125	5	5	TCTGCGCGCTCGCTCGCTCA
test	subjectC	sample1	chr2-32750122	125	5	5	TCTGCGCGCTCGCTCGCTCA
test	subjectC	sample1	chr19-22010350	125	5	5	TCTGCGCGCTCGCTCGCTCA
test	subjectC	sample1	chr15-81017975	125	5	5	TCTGCGCGCTCGCTCGCTCA
test	subjectC	sample1	chr14+101295964	125	5	5	TCTGCGCGCTCGCTCGCTCA
test	subjectC	sample1	chr19+20187834	125	5	5	TCTGCGCGCTCGCTCGCTCA
test	subjectC	sample1	chr19-46536416	125	5	5	TCTGCGCGCTCGCTCGCTCA
test	subjectC	sample1	chr16-61785235	125	5	5	TCTGCGCGCTCGCTCGCTCA
test	subjectC	sample1	chrX+111949542	125	5	5	TCTGCGCGCTCGCTCGCTCA
test	subjectC	sample1	chr16-77653054	125	5	5	TCTGCGCGCTCGCTCGCTCA
test	subjectC	sample1	chr7-80621202	125	5	5	TCTGCGCGCTCGCTCGCTCA
test	subjectC	sample1	chr1-51933262	125	5	5	TCTGCGCGCTCGCTCGCTCA
test	subjectC	sample1	chr22-17240221	125	5	5	TCTGCGCGCTCGCTCGCTCA
test	subjectC	sample1	chr9+2204567	125	5	5	TCTGCGCGCTCGCTCGCTCA
test	subjectC	sample1	chrX-18251969	125	5	5	TCTGCGCGCTCGCTCGCTCA
test	subjectC	sample1	chr5-179054359	125	5	5	TCTGCGCGCTCGCTCGCTCA
test	subjectC	sample1	chr5+172730437	125	5	5	TCTGCGCGCTCGCTCGCTCA
test	subjectC	sample1	chr7+60564348	125	5	5	TCTGCGCGCTCGCTCGCTCA
test	subjectC	sample1	chr8-32928597	125	5	5	TCTGCGCGCTCGCTCGCTCA
test	subjectC	sample1	chr10-102898008	125	5	5	TCTGCGCGCTCGCTCGCTCA
test	subjectC	sample1	chr15-71748745	125	5	5	TCTGCGCGCTCGCTCGCTCA
test	subjectC	sample1	chr18-61528723	125	5	5	TCTGCGCGCTCGCTCGCTCA
test	subjectC	sample1	chr13+45031265	125	5	5	TCTGCGCGCTCGCTCGCTCA
test	subjectC	sample1	chr8+100181610	125	5	5	TCTGCGCGCTCGCTCGCTCA
test	subjectC	sample1	chr16-65772567	125	5	5	TCTGCGCGCTCGCTCGCTCA
test	subjectC	sample1	chr15-96027872	125	5	5	TCTGCGCGCTCGCTCGCTCA
test	subjectC	sample1	chr16-37231391	125	5	5	TCTGCGCGCTCGCTCGCTCA
test	subjectC	sample1	chr15-18991352	125	5	5	TCTGCGCGCTCGCTCGCTCA
test	subjectC	sample1	chr8-73290035	125	5	5	TCTGCGCGCTCGCTCGCTCA
test	subjectC	sample1	chr2-200885753	125	5	5	TCTGCGCGCTCGCTCGCTCA
test	subjectC	sample1	chr8-99947011	125	5	5	TCTGCGCGCTCGCTCGCTCA
test	subjectC	sample1	chr19+17022023	125	5	5	TCTGCGCGCTCGCTCGCTCA
test	subjectC	sample1	chr2-137641417	125	5	5	TCTGCGCGCTCGCTCGCTCA
test	subjectC	sample1	chr16+85855718	125	5	5	TCTGCGCGCTCGCTCGCTCA
test	subjectC	sample1	chr2+133659485	125	5	5	TCTGCGCGCTCGCTCGCTCA
test	subjectC	sample1	chr2-217470139	125	5	5	TCTGCGCGCTCGCTCGCTCA
test	subjectC	sample1	chr9-127414953	125	5	5	TCTGCGCGCTCGCTCGCTCA
test	subjectC	sample1	chr17-25714376	125	5	5	TCTGCGCGCTCGCTCGCTCA
test	subjectC	sample1	chr10+30914618	125	5	5	TCTGCGCGCTCGCTCGCTCA
test	subjectC	sample1	chr18+35388555	125	5	5	TCTGCGCGCTCGCTCGCTCA
test	subjectC	sample1	chr20+38099847	125	5	5	TCTGCGCGCTCGCTCGCTCA
test	subjectC	sample1	chr3+194866076	125	5	5	TCTGCGCGCTCGCTCGCTCA
test	subjectC	sample1	chr19+53204403	125	5	5	TCTGCGCGCTCGCTCGCTCA
test	subjectC	sample1	chr11+100769240	125	5	5	TCTGCGCGCTCGCTCGCTCA
test	subjectC	sample1	chr21+42162630	125	5	5	TCTGCGCGCTCGCTCGCTCA
test	subjectC	sample1	chr19+35969842	125	5	5	TCTGCGCGCTCGCTCGCTCA
test	subjectC	sample1	chr5-173339490	125	5	5	TCTGCGCGCTCGCTCGCTCA
test	subjectC	sample1	chr6-40875258	125	5	5	TCTGCGCGCTCGCTCGCTCA
test	subjectC	sample1	chr20-1793238	125	5	5	TCTGCGCGCTCGCTCGCTCA
test	subjectC	sample1	chr14+98337258	125	5	5	TCTGCGCGCTCGCTCGCTCA
test	subjectC	sample1	chr13-113813709	125	5	5	TCTGCGCGCTCGCTCGCTCA
test	subjectC	sample1	chr3-72689073	125	5	5	TCTGCGCGCTCGCTCGCTCA
test	subjectC	sample1	chr3+8830240	125	5	5	TCTGCGCGCTCGCTCGCTCA
test	subjectC	sample1	chr5-31089341	125	5	5	TCTGCGCGCTCGCTCGCTCA
test	subjectC	sample1	chr20+43997837	125	5	5	TCTGCGCGCTCGCTCGCTCA
test	subjectC	sample1	chr10+29526070	125	5	5	TCTGCGCGCTCGCTCGCTCA
test	subjectC	sample1	chr11-101155603	125	5	5	TCTGCGCGCTCGCTCGCTCA
test	subjectC	sample1	chr4+51929323	125	5	5	TCTGCGCGCTCGCTCGCTCA
test	subjectC	sample1	chr3+146637517	125	5	5	TCTGCGCGCTCGCTCGCTCA
test	subjectC	sample1	chr1+3371973	125	5	5	TCTGCGCGCTCGCTCGCTCA
test	subjectC	sample1	chr10-33284215	125	5	5	TCTGCGCGCTCGCTCGCTCA
test	subjectC	sample1	chr19+40208409	125	5	5	TCTGCGCGCTCGCTCGCTCA
test	subjectC	sample1	chr8+41788760	125	5	5	TCTGCGCGCTCGCTCGCTCA
test	subjectC	sample1	chr17-51979940	125	5	5	TCTGCGCGCTCGCTCGCTCA
test	subjectC	sample1	chr18-52740036	125	5	5	TCTGCGCGCTCGCTCGCTCA
test	subjectC	sample1	chr13+55359850	125	5	5	TCTGCGCGCTCGCTCGCTCA
test	subjectC	sample1	chr12-29579979	125	5	5	TCTGCGCGCTCGCTCGCTCA
test	subjectC	sample1	chr6+9110223	125	5	5	TCTGCGCGCTCGCTCGCTCA
test	subjectC	sample1	chr12-92332663	125	5	5	TCTGCGCGCTCGCTCGCTCA
test	subjectC	sample1	chr10-68874672	125	5	5	TCTGCGCGCTCGCTCGCTCA
test	subjectC	sample1	chr7-35042918	125	5	5	TCTGCGCGCTCGCTCGCTCA
test	subjectC	sample1	chr14+77637760	125	5	5	TCTGCGCGCTCGCTCGCTCA
test	subjectC	sample1	chr19-49724712	125	5	5	TCTGCGCGCTCGCTCGCTCA
test	subjectC	sample1	chr14+65901272	125	5	5	TCTGCGCGCTCGCTCGCTCA
test	subjectC	sample1	chr9+79642436	125	5	5	TCTGCGCGCTCGCTCGCTCA
test	subjectC	sample1	chr21+29599786	125	5	5	TCTGCGCGCTCGCTCGCTCA
test	subjectC	sample1	chr18+39751104	125	5	5	TCTGCGCGCTCGCTCGCTCA
test	subjectC	sample1	chr20+44427249	125	5	5	TCTGCGCGCTCGCTCGCTCA
test	subjectC	sample1	chr2-4584673	125	5	5	TCTGCGCGCTCGCTCGCTCA
test	subjectC	sample1	chr13+24330050	125	5	5	TCTGCGCGCTCGCTCGCTCA
test	subjectC	sample1	chr18-68188408	125	5	5	TCTGCGCGCTCGCTCGCTCA
test	subjectC	sample1	chr7-28790260	125	5	5	TCTGCGCGCTCGCTCGCTCA
test	subjectC	sample1	chr2+192995304	125	5	5	TCTGCGCGCTCGCTCGCTCA
test	subjectC	sample1	chr7-140879571	125	5	5	TCTGCGCGCTCGCTCGCTCA
test	subjectC	sample1	chr5-154651921	125	5	5	TCTGCGCGCTCGCTCGCTCA
test	subjectC	sample1	chr9+72189372	125	5	5	TCTGCGCGCTCGCTCGCTCA
test	subjectC	sample1	chr6-152090653	125	5	5	TCTGCGCGCTCGCTCGCTCA
test	subjectC	sample1	chr1-49915841	125	5	5	TCTGCGCGCTCGCTCGCTCA
test	subjectC	sample1	chr15+61400989	125	5	5	TCTGCGCGCTCGCTCGCTCA
test	subjectC	sample1	chr17+24839830	125	5	5	TCTGCGCGCTCGCTCGCTCA
test	subjectC	sample1	chr4-43703286	125	5	5	TCTGCGCGCTCGCTCGCTCA
test	subjectC	sample1	chr16-68946162	125	5	5	TCTGCGCGCTCGCTCGCTCA
test	subjectC	sample1	chr13-32485579	125	5	5	TCTGCGCGCTCGCTCGCTCA
test	subjectC	sample1	chr5+132557776	125	5	5	TCTGCGCGCTCGCTCGCTCA
test	subjectC	sample1	chr10+93733194	125	5	5	TCTGCGCGCTCGCTCGCTCA
test	subjectC	sample1	chr10-6379669	125	5	5	TCTGCGCGCTCGCTCGCTCA
test	subjectC	sample1	chr7-29893942	125	5	5	TCTGCGCGCTCGCTCGCTCA
test	subjectC	sample1	chr14-36336237	125	5	5	TCTGCGCGCTCGCTCGCTCA
test	subjectC	sample1	chr3-68683896	125	5	5	TCTGCGCGCTCGCTCGCTCA
test	subjectC	sample1	chr6+32536594	125	5	5	TCTGCGCGCTCGCTCGCTCA
test	subjectC	sample1	chr22+10592466	125	5	5	TCTGCGCGCTCGCTCGCTCA
test	subjectC	sample1	chr1+71943803	125	5	5	TCTGCGCGCTCGCTCGCTCA
test	subjectC	sample1	chr15-101462985	125	5	5	TCTGCGCGCTCGCTCGCTCA
test	subjectC	sample1	chr16-27720220	125	5	5	TCTGCGCGCTCGCTCGCTCA
test	subjectC	sample1	chr5+62583774	125	5	5	TCTGCGCGCTCGCTCGCTCA
test	subjectC	sample1	chr22-22897975	125	5	5	TCTGCGCGCTCGCTCGCTCA
test	subjectC	sample1	chr13-105706739	125	5	5	TCTGCGCGCTCGCTCGCTCA
test	subjectC	sample1	chr3+184313437	125	5	5	TCTGCGCGCTCGCTCGCTCA
test	subjectC	sample1	chr2+14329154	125	5	5	TCTGCGCGCTCGCTCGCTCA
test	subjectC	sample1	chr21-15789439	125	5	5	TCTGCGCGCTCGCTCGCTCA
test	subjectC	sample1	chr11+35246880	125	5	5	TCTGCGCGCTCGCTCGCTCA
test	subjectC	sample1	chr5-90298872	125	5	5	TCTGCGCGCTCGCTCGCTCA
test	subjectC	sample1	chr1+22037734	125	5	5	TCTGCGCGCTCGCTCGCTCA
test	subjectC	sample1	chr20-60355121	125	5	5	TCTGCGCGCTCGCTCGCTCA
test	subjectC	sample1	chr15-53393126	125	5	5	TCTGCGCGCTCGCTCGCTCA
test	subjectC	sample1	chr10-57408100	125	5	5	TCTGCGCGCTCGCTCGCTCA
test	subjectC	sample1	chr19-53262531	125	5	5	TCTGCGCGCTCGCTCGCTCA
test	subjectC	sample1	chr2+223782749	125	5	5	TCTGCGCGCTCGCTCGCTCA
test	subjectC	sample1	chr18-77270625	125	5	5	TCTGCGCGCTCGCTCGCTCA
test	subjectC	sample1	chr11+84316512	125	5	5	TCTGCGCGCTCGCTCGCTCA
test	subjectC	sample1	chr8-100199821	125	5	5	TCTGCGCGCTCGCTCGCTCA
test	subjectC	sample1	chr18+27026386	125	5	5	TCTGCGCGCTCGCTCGCTCA
test	subjectC	sample1	chr18+28956736	125	5	5	TCTGCGCGCTCGCTCGCTCA
test	subjectC	sample1	chr17+12037160	125	5	5	TCTGCGCGCTCGCTCGCTCA
test	subjectC	sample1	chr2+172537261	125	5	5	TCTGCGCGCTCGCTCGCTCA
test	subjectC	sample1	chr3-88927749	125	5	5	TCTGCGCGCTCGCTCGCTCA
test	subjectC	sample1	chr19-45961636	125	5	5	TCTGCGCGCTCGCTCGCTCA
test	subjectC	sample1	chr4+37142778	125	5	5	TCTGCGCGCTCGCTCGCTCA
test	subjectC	sample1	chr3+121312273	125	5	5	TCTGCGCGCTCGCTCGCTCA
test	subjectC	sample1	chr2+212674369	125	5	5	TCTGCGCGCTCGCTCGCTCA
test	subjectC	sample1	chr6+107389258	125	5	5	TCTGCGCGCTCGCTCGCTCA
test	subjectC	sample1	chr6-57210693	125	5	5	TCTGCGCGCTCGCTCGCTCA
test	subjectC	sample1	chr7-65195667	125	5	5	TCTGCGCGCTCGCTCGCTCA
test	subjectC	sample1	chr20-8049534	125	5	5	TCTGCGCGCTCGCTCGCTCA
test	subjectC	sample1	chr12-124958648	125	5	5	TCTGCGCGCTCGCTCGCTCA
test	subjectC	sample1	chr8+2977531	125	5	5	TCTGCGCGCTCGCTCGCTCA
test	subjectC	sample1	chr18-31276903	125	5	5	TCTGCGCGCTCGCTCGCTCA
test	subjectC	sample1	chr4-56950927	125	5	5	TCTGCGCGCTCGCTCGCTCA
test	subjectC	sample1	chr10+104510157	125	5	5	TCTGCGCGCTCGCTCGCTCA
test	subjectC	sample1	chr4-181457381	125	5	5	TCTGCGCGCTCGCTCGCTCA
test	subjectC	sample1	chr18-48708027	125	5	5	TCTGCGCGCTCGCTCGCTCA
test	subjectC	sample1	chr5-73270836	125	5	5	TCTGCGCGCTCGCTCGCTCA
test	subjectC	sample1	chr3+148864052	125	5	5	TCTGCGCGCTCGCTCGCTCA
test	subjectC	sample1	chr15+62740351	125	5	5	TCTGCGCGCTCGCTCGCTCA
test	subjectC	sample1	chr3+32664193	125	5	5	TCTGCGCGCTCGCTCGCTCA
test	subjectC	sample1	chr10+103191218	125	5	5	TCTGCGCGCTCGCTCGCTCA
test	subjectC	sample1	chr13-81734389	125	5	5	TCTGCGCGCTCGCTCGCTCA
test	subjectC	sample1	chr13-23888337	125	5	5	TCTGCGCGCTCGCTCGCTCA
test	subjectC	sample1	chr16-59717402	125	5	5	TCTGCGCGCTCGCTCGCTCA
test	subjectC	sample1	chr15+81307804	125	5	5	TCTGCGCGCTCGCTCGCTCA
test	subjectC	sample1	chr8+77455986	125	5	5	TCTGCGCGCTCGCTCGCTCA
test	subjectC	sample1	chr6+51548256	125	5	5	TCTGCGCGCTCGCTCGCTCA
test	subjectC	sample1	chr20-14425207	125	5	5	TCTGCGCGCTCGCTCGCTCA
test	subjectC	sample1	chr14-32385046	125	5	5	TCTGCGCGCTCGCTCGCTCA
test	subjectC	sample1	chr5-73819564	125	5	5	TCTGCGCGCTCGCTCGCTCA
test	subjectC	sample1	chr5-22627819	125	5	5	TCTGCGCGCTCGCTCGCTCA
test	subjectC	sample1	chr16+63044156	125	5	5	TCTGCGCGCTCGCTCGCTCA
test	subjectC	sample1	chr4-46543361	125	5	5	TCTGCGCGCTCGCTCGCTCA
test	subjectC	sample1	chr14-79445120	125	5	5	TCTGCGCGCTCGCTCGCTCA
test	subjectC	sample1	chr7-23605540	125	5	5	TCTGCGCGCTCGCTCGCTCA
test	subjectC	sample1	chr3+6053877	125	5	5	TCTGCGCGCTCGCTCGCTCA
test	subjectC	sample1	chr19-42302897	125	5	5	TCTGCGCGCTCGCTCGCTCA
test	subjectC	sample1	chr3-19870805	125	5	5	TCTGCGCGCTCGCTCGCTCA
test	subjectC	sample1	chr3+90033373	125	5	5	TCTGCGCGCTCGCTCGCTCA
test	subjectC	sample1	chr12+21616984	125	5	5	TCTGCGCGCTCGCTCGCTCA
test	subjectC	sample1	chr5-176669622	125	5	5	TCTGCGCGCTCGCTCGCTCA
test	subjectC	sample1	chr21-32000206	125	5	5	TCTGCGCGCTCGCTCGCTCA
test	subjectC	sample1	chr16-12063452	125	5	5	TCTGCGCGCTCGCTCGCTCA
test	subjectC	sample1	chr9-83101042	125	5	5	TCTGCGCGCTCGCTCGCTCA
test	subjectC	sample1	chr9-79069727	125	5	5	TCTGCGCGCTCGCTCGCTCA
test	subjectC	sample1	chrX-72477934	125	5	5	TCTGCGCGCTCGCTCGCTCA
test	subjectC	sample1	chr1-107803472	125	5	5	TCTGCGCGCTCGCTCGCTCA
test	subjectC	sample1	chr10+76883607	125	5	5	TCTGCGCGCTCGCTCGCTCA
test	subjectC	sample1	chr18-17794000	125	5	5	TCTGCGCGCTCGCTCGCTCA
test	subjectC	sample1	chr9-36906426	125	5	5	TCTGCGCGCTCGCTCGCTCA
test	subjectC	sample1	chr13+67542297	125	5	5	TCTGCGCGCTCGCTCGCTCA
test	subjectC	sample1	chr21+36615839	125	5	5	TCTGCGCGCTCGCTCGCTCA
test	subjectC	sample1	chr1-62789155	125	5	5	TCTGCGCGCTCGCTCGCTCA
test	subjectC	sample1	chr8+141017085	125	5	5	TCTGCGCGCTCGCTCGCTCA
test	subjectC	sample1	chr13+93944369	125	5	5	TCTGCGCGCTCGCTCGCTCA
test	subjectC	sample1	chr14-55740092	125	5	5	TCTGCGCGCTCGCTCGCTCA
test	subjectC	sample1	chrX-26340218	125	5	5	TCTGCGCGCTCGCTCGCTCA
test	subjectC	sample1	chr16-65430351	125	5	5	TCTGCGCGCTCGCTCGCTCA
test	subjectC	sample1	chr7-156915469	125	5	5	TCTGCGCGCTCGCTCGCTCA
test	subjectC	sample1	chr10+82772063	125	5	5	TCTGCGCGCTCGCTCGCTCA
test	subjectC	sample1	chr22-13802323	125	5	5	TCTGCGCGCTCGCTCGCTCA
test	subjectC	sample1	chr6+50818466	125	5	5	TCTGCGCGCTCGCTCGCTCA
test	subjectC	sample1	chr22+35735707	125	5	5	TCTGCGCGCTCGCTCGCTCA
test	subjectC	sample1	chr19-18461010	125	5	5	TCTGCGCGCTCGCTCGCTCA
test	subjectC	sample1	chr9-138029700	125	5	5	TCTGCGCGCTCGCTCGCTCA
test	subjectC	sample1	chr16+84272288	125	5	5	TCTGCGCGCTCGCTCGCTCA
test	subjectC	sample1	chr5-142020841	125	5	5	TCTGCGCGCTCGCTCGCTCA
test	subjectC	sample1	chr6-1665044	125	5	5	TCTGCGCGCTCGCTCGCTCA
test	subjectC	sample1	chr1-233028457	125	5	5	TCTGCGCGCTCGCTCGCTCA
test	subjectC	sample1	chr9+123874574	125	5	5	TCTGCGCGCTCGCTCGCTCA
test	subjectC	sample1	chr15+18321672	125	5	5	TCTGCGCGCTCGCTCGCTCA
test	subjectC	sample1	chr18-68078688	125	5	5	TCTGCGCGCTCGCTCGCTCA
test	subjectC	sample1	chr15-38371333	125	5	5	TCTGCGCGCTCGCTCGCTCA
test	subjectC	sample1	chr9+76543642	125	5	5	TCTGCGCGCTCGCTCGCTCA
test	subjectC	sample1	chr12+100880923	125	5	5	TCTGCGCGCTCGCTCGCTCA
test	subjectC	sample1	chr18+36520336	125	5	5	TCTGCGCGCTCGCTCGCTCA
test	subjectC	sample1	chr18+69353887	125	5	5	TCTGCGCGCTCGCTCGCTCA
test	subjectC	sample1	chr22+31722001	125	5	5	TCTGCGCGCTCGCTCGCTCA
test	subjectC	sample1	chr3-41555725	125	5	5	TCTGCGCGCTCGCTCGCTCA
test	subjectC	sample1	chr13+47340118	125	5	5	TCTGCGCGCTCGCTCGCTCA
test	subjectC	sample1	chr11+97317584	125	5	5	TCTGCGCGCTCGCTCGCTCA
test	subjectC	sample1	chr22-33134661	125	5	5	TCTGCGCGCTCGCTCGCTCA
test	subjectC	sample1	chr19+13750579	125	5	5	TCTGCGCGCTCGCTCGCTCA
test	subjectC	sample1	chr5+107943578	125	5	5	TCTGCGCGCTCGCTCGCTCA
test	subjectC	sample1	chr16-89662773	125	5	5	TCTGCGCGCTCGCTCGCTCA
test	subjectC	sample1	chr13-85469477	125	5	5	TCTGCGCGCTCGCTCGCTCA
test	subjectC	sample1	chrX+34472827	125	5	5	TCTGCGCGCTCGCTCGCTCA
test	subjectC	sample1	chr13+109085731	125	5	5	TCTGCGCGCTCGCTCGCTCA
test	subjectC	sample1	chr18-63676903	125	5	5	TCTGCGCGCTCGCTCGCTCA
test	subjectC	sample1	chr6+157412662	125	5	5	TCTGCGCGCTCGCTCGCTCA
test	subjectC	sample1	chr6+69229624	125	5	5	TCTGCGCGCTCGCTCGCTCA
test	subjectC	sample1	chr21+27047220	125	5	5	TCTGCGCGCTCGCTCGCTCA
test	subjectC	sample1	chr18+6841558	125	5	5	TCTGCGCGCTCGCTCGCTCA
test	subjectC	sample1	chr20-9613313	125	5	5	TCTGCGCGCTCGCTCGCTCA
test	subjectC	sample1	chr2+47036942	125	5	5	TCTGCGCGCTCGCTCGCTCA
test	subjectC	sample1	chr18+78270519	125	5	5	TCTGCGCGCTCGCTCGCTCA
test	subjectC	sample1	chr19+10928427	125	5	5	TCTGCGCGCTCGCTCGCTCA
test	subjectC	sample1	chr9-43149858	125	5	5	TCTGCGCGCTCGCTCGCTCA
test	subjectC	sample1	chr14-61651349	125	5	5	TCTGCGCGCTCGCTCGCTCA
test	subjectC	sample1	chr8-5830380	125	5	5	TCTGCGCGCTCGCTCGCTCA
test	subjectC	sample1	chr21-17005420	125	5	5	TCTGCGCGCTCGCTCGCTCA
test	subjectC	sample1	chr14+58900513	125	5	5	TCTGCGCGCTCGCTCGCTCA
test	subjectC	sample1	chr7-139704664	125	5	5	TCTGCGCGCTCGCTCGCTCA
test	subjectC	sample1	chr10+106590200	125	5	5	TCTGCGCGCTCGCTCGCTCA
test	subjectC	sample1	chr16+83404125	125	5	5	TCTGCGCGCTCGCTCGCTCA
test	subjectC	sample1	chr14+76362979	125	5	5	TCTGCGCGCTCGCTCGCTCA
test	subjectC	sample1	chr22-35724527	125	5	5	TCTGCGCGCTCGCTCGCTCA
test	subjectC	sample1	chr7-133381809	125	5	5	TCTGCGCGCTCGCTCGCTCA
test	subjectC	sample1	chr3-195463839	125	5	5	TCTGCGCGCTCGCTCGCTCA
test	subjectC	sample1	chr16-35284826	125	5	5	TCTGCGCGCTCGCTCGCTCA
test	subjectC	sample1	chr13-25907536	125	5	5	TCTGCGCGCTCGCTCGCTCA
test	subjectC	sample1	chr4+46080295	125	5	5	TCTGCGCGCTCGCTCGCTCA
test	subjectC	sample1	chr2-5475700	125	5	5	TCTGCGCGCTCGCTCGCTCA
test	subjectC	sample1	chr12+59243167	125	5	5	TCTGCGCGCTCGCTCGCTCA
test	subjectC	sample1	chr3-131459363	125	5	5	TCTGCGCGCTCGCTCGCTCA
test	subjectC	sample1	chr20-20999808	125	5	5	TCTGCGCGCTCGCTCGCTCA
test	subjectC	sample1	chr7+32802186	125	5	5	TCTGCGCGCTCGCTCGCTCA
test	subjectC	sample1	chr1+118337936	125	5	5	TCTGCGCGCTCGCTCGCTCA
test	subjectC	sample1	chr17-156776	125	5	5	TCTGCGCGCTCGCTCGCTCA
test	subjectC	sample1	chr17-69470015	125	5	5	TCTGCGCGCTCGCTCGCTCA
test	subjectC	sample1	chr2-140679903	125	5	5	TCTGCGCGCTCGCTCGCTCA
test	subjectC	sample1	chr20+46860196	125	5	5	TCTGCGCGCTCGCTCGCTCA
test	subjectC	sample1	chr17+59033791	125	5	5	TCTGCGCGCTCGCTCGCTCA
test	subjectC	sample1	chr6-28488228	125	5	5	TCTGCGCGCTCGCTCGCTCA
test	subjectC	sample1	chr5-130352228	125	5	5	TCTGCGCGCTCGCTCGCTCA
test	subjectC	sample1	chr19-38317948	125	5	5	TCTGCGCGCTCGCTCGCTCA
test	subjectC	sample1	chr8-114597059	125	5	5	TCTGCGCGCTCGCTCGCTCA
test	subjectC	sample1	chr8-80372774	125	5	5	TCTGCGCGCTCGCTCGCTCA
test	subjectC	sample1	chr2-177711522	125	5	5	TCTGCGCGCTCGCTCGCTCA
test	subjectC	sample1	chr11-25118059	125	5	5	TCTGCGCGCTCGCTCGCTCA
test	subjectC	sample1	chr3-10022844	125	5	5	TCTGCGCGCTCGCTCGCTCA
test	subjectC	sample1	chr13+31685358	125	5	5	TCTGCGCGCTCGCTCGCTCA
test	subjectC	sample1	chr21+9248627	125	5	5	TCTGCGCGCTCGCTCGCTCA
test	subjectC	sample1	chr14+79858667	125	5	5	TCTGCGCGCTCGCTCGCTCA
test	subjectC	sample1	chr16-68077475	125	5	5	TCTGCGCGCTCGCTCGCTCA
test	subjectC	sample1	chr19-28009625	125	5	5	TCTGCGCGCTCGCTCGCTCA
test	subjectC	sample1	chr19+3468658	125	5	5	TCTGCGCGCTCGCTCGCTCA
test	subjectC	sample1	chr11-87723008	125	5	5	TCTGCGCGCTCGCTCGCTCA
test	subjectC	sample1	chr13+23234593	125	5	5	TCTGCGCGCTCGCTCGCTCA
test	subjectC	sample1	chr19-38524224	125	5	5	TCTGCGCGCTCGCTCGCTCA
test	subjectC	sample1	chr18-1450991	125	5	5	TCTGCGCGCTCGCTCGCTCA
test	subjectC	sample1	chr13-93371394	125	5	5	TCTGCGCGCTCGCTCGCTCA
test	subjectC	sample1	chr21+26092120	125	5	5	TCTGCGCGCTCGCTCGCTCA
test	subjectC	sample1	chr19-15090748	125	5	5	TCTGCGCGCTCGCTCGCTCA
test	subjectC	sample1	chr10-84144166	125	5	5	TCTGCGCGCTCGCTCGCTCA
test	subjectC	sample1	chr12+45747958	125	5	5	TCTGCGCGCTCGCTCGCTCA
test	subjectC	sample1	chr15+22254008	125	5	5	TCTGCGCGCTCGCTCGCTCA
test	subjectC	sample1	chr17-64058272	125	5	5	TCTGCGCGCTCGCTCGCTCA
test	subjectC	sample1	chr21-10355630	125	5	5	TCTGCGCGCTCGCTCGCTCA
test	subjectC	sample1	chr15+49476508	125	5	5	TCTGCGCGCTCGCTCGCTCA
test	subjectC	sample1	chr8+107412083	125	5	5	TCTGCGCGCTCGCTCGCTCA
test	subjectC	sample1	chr12-52229455	125	5	5	TCTGCGCGCTCGCTCGCTCA
test	subjectC	sample1	chrX-128594021	125	5	5	TCTGCGCGCTCGCTCGCTCA
test	subjectC	sample1	chr3+9189333	125	5	5	TCTGCGCGCTCGCTCGCTCA
test	subjectC	sample1	chrX-136620330	125	5	5	TCTGCGCGCTCGCTCGCTCA
test	subjectC	sample1	chr2-85248527	125	5	5	TCTGCGCGCTCGCTCGCTCA
test	subjectC	sample1	chr15+40998742	125	5	5	TCTGCGCGCTCGCTCGCTCA
test	subjectC	sample1	chr20+44554728	125	5	5	TCTGCGCGCTCGCTCGCTCA
test	subjectC	sample1	chr16+987496	125	5	5	TCTGCGCGCTCGCTCGCTCA
test	subjectC	sample1	chr10+25518758	125	5	5	TCTGCGCGCTCGCTCGCTCA
test	subjectC	sample1	chr6+61214333	125	5	5	TCTGCGCGCTCGCTCGCTCA
test	subjectC	sample1	chr13+64942795	125	5	5	TCTGCGCGCTCGCTCGCTCA
test	subjectC	sample1	chr3+14067278	125	5	5	TCTGCGCGCTCGCTCGCTCA
test	subjectC	sample1	chr13-104946392	125	5	5	TCTGCGCGCTCGCTCGCTCA
test	subjectC	sample1	chr6+22941347	125	5	5	TCTGCGCGCTCGCTCGCTCA
test	subjectC	sample1	chr3+79574737	125	5	5	TCTGCGCGCTCGCTCGCTCA
test	subjectC	sample1	chr15-41912807	125	5	5	TCTGCGCGCTCGCTCGCTCA
test	subjectC	sample1	chr3+3330546	125	5	5	TCTGCGCGCTCGCTCGCTCA
test	subjectC	sample1	chrX+51626347	125	5	5	TCTGCGCGCTCGCTCGCTCA
test	subjectC	sample1	chr17-38794244	125	5	5	TCTGCGCGCTCGCTCGCTCA
test	subjectC	sample1	chr1-8259260	125	5	5	TCTGCGCGCTCGCTCGCTCA
test	subjectC	sample1	chr22-49154981	125	5	5	TCTGCGCGCTCGCTCGCTCA
test	subjectC	sample1	chr19+4953601	125	5	5	TCTGCGCGCTCGCTCGCTCA
test	subjectC	sample2	chr4+27478917	125	5	5	TCTGCGCGCTCGCTCGCTCA
test	subjectC	sample2	chr5-115745399	125	5	5	TCTGCGCGCTCGCTCGCTCA
test	subjectC	sample2	chr8-128204590	125	5	5	TCTGCGCGCTCGCTCGCTCA
test	subjectC	sample2	chr4+47576659	125	5	5	TCTGCGCGCTCGCTCGCTCA
test	subjectC	sample2	chr5-151281903	125	5	5	TCTGCGCGCTCGCTCGCTCA
test	subjectC	sample2	chr15-87845911	125	5	5	TCTGCGCGCTCGCTCGCTCA
test	subjectC	sample2	chr8+62538061	125	5	5	TCTGCGCGCTCGCTCGCTCA
test	subjectC	sample2	chr15-26609092	125	5	5	TCTGCGCGCTCGCTCGCTCA
test	subjectC	sample2	chr1-58602838	125	5	5	TCTGCGCGCTCGCTCGCTCA
test	subjectC	sample2	chr10-87566553	125	5	5	TCTGCGCGCTCGCTCGCTCA
test	subjectC	sample2	chr12-88320635	125	5	5	TCTGCGCGCTCGCTCGCTCA
test	subjectC	sample2	chr1-180078091	125	5	5	TCTGCGCGCTCGCTCGCTCA
test	subjectC	sample2	chr12-52277063	125	5	5	TCTGCGCGCTCGCTCGCTCA
test	subjectC	sample2	chr2+64967291	125	5	5	TCTGCGCGCTCGCTCGCTCA
test	subjectC	sample2	chr4+27677737	125	5	5	TCTGCGCGCTCGCTCGCTCA
test	subjectC	sample2	chrX+83354514	125	5	5	TCTGCGCGCTCGCTCGCTCA
test	subjectC	sample2	chr21-31905189	125	5	5	TCTGCGCGCTCGCTCGCTCA
test	subjectC	sample2	chr7-34422006	125	5	5	TCTGCGCGCTCGCTCGCTCA
test	subjectC	sample2	chr18+41624998	125	5	5	TCTGCGCGCTCGCTCGCTCA
test	subjectC	sample2	chrX+32317222	125	5	5	TCTGCGCGCTCGCTCGCTCA
test	subjectC	sample2	chr12-27630317	125	5	5	TCTGCGCGCTCGCTCGCTCA
test	subjectC	sample2	chr9+134781132	125	5	5	TCTGCGCGCTCGCTCGCTCA
test	subjectC	sample2	chr3-5324629	125	5	5	TCTGCGCGCTCGCTCGCTCA
test	subjectC	sample2	chr8+60425875	125	5	5	TCTGCGCGCTCGCTCGCTCA
test	subjectC	sample2	chr18-34602195	125	5	5	TCTGCGCGCTCGCTCGCTCA
test	subjectC	sample2	chr16-4731051	125	5	5	TCTGCGCGCTCGCTCGCTCA
test	subjectC	sample2	chr18+40098894	125	5	5	TCTGCGCGCTCGCTCGCTCA
test	subjectC	sample2	chr3-100807964	125	5	5	TCTGCGCGCTCGCTCGCTCA
test	subjectC	sample2	chr14-105081087	125	5	5	TCTGCGCGCTCGCTCGCTCA
test	subjectC	sample2	chrX-128783464	125	5	5	TCTGCGCGCTCGCTCGCTCA
test	subjectC	sample2	chr2-115910245	125	5	5	TCTGCGCGCTCGCTCGCTCA
test	subjectC	sample2	chr22-40915754	125	5	5	TCTGCGCGCTCGCTCGCTCA
test	subjectC	sample2	chr16+494507	125	5	5	TCTGCGCGCTCGCTCGCTCA
test	subjectC	sample2	chr13+53479684	125	5	5	TCTGCGCGCTCGCTCGCTCA
test	subjectC	sample2	chr13+103912602	125	5	5	TCTGCGCGCTCGCTCGCTCA
test	subjectC	sample2	chr3+122037579	125	5	5	TCTGCGCGCTCGCTCGCTCA
test	subjectC	sample2	chr18-33524428	125	5	5	TCTGCGCGCTCGCTCGCTCA
test	subjectC	sample2	chr3+156436465	125	5	5	TCTGCGCGCTCGCTCGCTCA
test	subjectC	sample2	chr3+83432126	125	5	5	TCTGCGCGCTCGCTCGCTCA
test	subjectC	sample2	chr22-41799795	125	5	5	TCTGCGCGCTCGCTCGCTCA
test	subjectC	sample2	chr13-93419039	125	5	5	TCTGCGCGCTCGCTCGCTCA
test	subjectC	sample2	chr13-97667600	125	5	5	TCTGCGCGCTCGCTCGCTCA
test	subjectC	sample2	chr7-74895313	125	5	5	TCTGCGCGCTCGCTCGCTCA
test	subjectC	sample2	chr1+12758001	125	5	5	TCTGCGCGCTCGCTCGCTCA
test	subjectC	sample2	chr9-80414220	125	5	5	TCTGCGCGCTCGCTCGCTCA
test	subjectC	sample2	chr6-38374261	125	5	5	TCTGCGCGCTCGCTCGCTCA
test	subjectC	sample2	chr7-70379068	125	5	5	TCTGCGCGCTCGCTCGCTCA
test	subjectC	sample2	chr21-41718039	125	5	5	TCTGCGCGCTCGCTCGCTCA
test	subjectC	sample2	chr4+120365692	125	5	5	TCTGCGCGCTCGCTCGCTCA
test	subjectC	sample2	chrX+150381481	125	5	5	TCTGCGCGCTCGCTCGCTCA
test	subjectC	sample2	chr3-41011417	125	5	5	TCTGCGCGCTCGCTCGCTCA
test	subjectC	sample2	chr22+28476721	125	5	5	TCTGCGCGCTCGCTCGCTCA
test	subjectC	sample2	chr9+127639555	125	5	5	TCTGCGCGCTCGCTCGCTCA
test	subjectC	sample2	chr14-23303908	125	5	5	TCTGCGCGCTCGCTCGCTCA
test	subjectC	sample2	chr7-24407073	125	5	5	TCTGCGCGCTCGCTCGCTCA
test	subjectC	sample2	chr6+5220539	125	5	5	TCTGCGCGCTCGCTCGCTCA
test	subjectC	sample2	chr1-152068773	125	5	5	TCTGCGCGCTCGCTCGCTCA
test	subjectC	sample2	chr2-154586987	125	5	5	TCTGCGCGCTCGCTCGCTCA
test	subjectC	sample2	chr13+80502151	125	5	5	TCTGCGCGCTCGCTCGCTCA
test	subjectC	sample2	chr19+21159244	125	5	5	TCTGCGCGCTCGCTCGCTCA
test	subjectC	sample2	chrX+62989509	125	5	5	TCTGCGCGCTCGCTCGCTCA
test	subjectC	sample2	chr12+37410353	125	5	5	TCTGCGCGCTCGCTCGCTCA
test	subjectC	sample2	chr12+12531701	125	5	5	TCTGCGCGCTCGCTCGCTCA
test	subjectC	sample2	chr12+21078555	125	5	5	TCTGCGCGCTCGCTCGCTCA
test	subjectC	sample2	chr17-36883388	125	5	5	TCTGCGCGCTCGCTCGCTCA
test	subjectC	sample2	chr11-58913020	125	5	5	TCTGCGCGCTCGCTCGCTCA
test	subjectC	sample2	chr3-140927362	125	5	5	TCTGCGCGCTCGCTCGCTCA
test	subjectC	sample2	chr15-84997160	125	5	5	TCTGCGCGCTCGCTCGCTCA
test	subjectC	sample2	chr9-13903786	125	5	5	TCTGCGCGCTCGCTCGCTCA
test	subjectC	sample2	chr18-70745239	125	5	5	TCTGCGCGCTCGCTCGCTCA
test	subjectC	sample2	chr19-18527722	125	5	5	TCTGCGCGCTCGCTCGCTCA
test	subjectC	sample2	chr1-232950149	125	5	5	TCTGCGCGCTCGCTCGCTCA
test	subjectC	sample2	chr18-76360486	125	5	5	TCTGCGCGCTCGCTCGCTCA
test	subjectC	sample2	chr12+131574074	125	5	5	TCTGCGCGCTCGCTCGCTCA
test	subjectC	sample2	chr20+60141684	125	5	5	TCTGCGCGCTCGCTCGCTCA
test	subjectC	sample2	chr17+82911656	125	5	5	TCTGCGCGCTCGCTCGCTCA
test	subjectC	sample2	chr17-36300194	125	5	5	TCTGCGCGCTCGCTCGCTCA
test	subjectC	sample2	chr4+114435096	125	5	5	TCTGCGCGCTCGCTCGCTCA
test	subjectC	sample2	chr18+75481413	125	5	5	TCTGCGCGCTCGCTCGCTCA
test	subjectC	sample2	chr2+185236328	125	5	5	TCTGCGCGCTCGCTCGCTCA
test	subjectC	sample2	chr21+44557035	125	5	5	TCTGCGCGCTCGCTCGCTCA
test	subjectC	sample2	chr22+49474175	125	5	5	TCTGCGCGCTCGCTCGCTCA
test	subjectC	sample2	chr16+23632317	125	5	5	TCTGCGCGCTCGCTCGCTCA
test	subjectC	sample2	chr5-70244616	125	5	5	TCTGCGCGCTCGCTCGCTCA
test	subjectC	sample2	chr12-93130298	125	5	5	TCTGCGCGCTCGCTCGCTCA
test	subjectC	sample2	chr15-85643134	125	5	5	TCTGCGCGCTCGCTCGCTCA
test	subjectC	sample2	chr4-119403276	125	5	5	TCTGCGCGCTCGCTCGCTCA
test	subjectC	sample2	chr20+19553347	125	5	5	TCTGCGCGCTCGCTCGCTCA
test	subjectC	sample2	chr4+104041819	125	5	5	TCTGCGCGCTCGCTCGCTCA
test	subjectC	sample2	chr8-35584347	125	5	5	TCTGCGCGCTCGCTCGCTCA
test	subjectC	sample2	chr11+41336892	125	5	5	TCTGCGCGCTCGCTCGCTCA
test	subjectC	sample2	chr5+162889025	125	5	5	TCTGCGCGCTCGCTCGCTCA
test	subjectC	sample2	chr2-177884664	125	5	5	TCTGCGCGCTCGCTCGCTCA
test	subjectC	sample2	chr21+37705441	125	5	5	TCTGCGCGCTCGCTCGCTCA
test	subjectC	sample2	chr6+98722510	125	5	5	TCTGCGCGCTCGCTCGCTCA
test	subjectC	sample2	chr2-111074255	125	5	5	TCTGCGCGCTCGCTCGCTCA
test	subjectC	sample2	chr8-67449664	125	5	5	TCTGCGCGCTCGCTCGCTCA
test	subjectC	sample2	chr19+15933434	125	5	5	TCTGCGCGCTCGCTCGCTCA
test	subjectC	sample2	chr17-35684398	125	5	5	TCTGCGCGCTCGCTCGCTCA
test	subjectC	sample2	chr17-67573613	125	5	5	TCTGCGCGCTCGCTCGCTCA
test	subjectC	sample2	chr16-49698896	125	5	5	TCTGCGCGCTCGCTCGCTCA
test	subjectC	sample2	chr19+46758254	125	5	5	TCTGCGCGCTCGCTCGCTCA
test	subjectC	sample2	chr5+12496883	125	5	5	TCTGCGCGCTCGCTCGCTCA
test	subjectC	sample2	chr5+134630453	125	5	5	TCTGCGCGCTCGCTCGCTCA
test	subjectC	sample2	chr15+95955542	125	5	5	TCTGCGCGCTCGCTCGCTCA
test	subjectC	sample2	chr19-15948960	125	5	5	TCTGCGCGCTCGCTCGCTCA
test	subjectC	sample2	chr14+93001728	125	5	5	TCTGCGCGCTCGCTCGCTCA
test	subjectC	sample2	chr14-77470531	125	5	5	TCTGCGCGCTCGCTCGCTCA
test	subjectC	sample2	chr3+95031360	125	5	5	TCTGCGCGCTCGCTCGCTCA
test	subjectC	sample2	chr20+5900285	125	5	5	TCTGCGCGCTCGCTCGCTCA
test	subjectC	sample2	chr18-75883353	125	5	5	TCTGCGCGCTCGCTCGCTCA
test	subjectC	sample2	chr6+77856045	125	5	5	TCTGCGCGCTCGCTCGCTCA
test	subjectC	sample2	chr20+7069693	125	5	5	TCTGCGCGCTCGCTCGCTCA
test	subjectC	sample2	chr16+88123219	125	5	5	TCTGCGCGCTCGCTCGCTCA
test	subjectC	sample2	chr9-69843100	125	5	5	TCTGCGCGCTCGCTCGCTCA
test	subjectC	sample2	chr3+62534695	125	5	5	TCTGCGCGCTCGCTCGCTCA
test	subjectC	sample2	chr11+121223923	125	5	5	TCTGCGCGCTCGCTCGCTCA
test	subjectC	sample2	chr10+1666943	125	5	5	TCTGCGCGCTCGCTCGCTCA
test	subjectC	sample2	chrX+63261251	125	5	5	TCTGCGCGCTCGCTCGCTCA
test	subjectC	sample2	chr19-15308052	125	5	5	TCTGCGCGCTCGCTCGCTCA
test	subjectC	sample2	chr15-57396655	125	5	5	TCTGCGCGCTCGCTCGCTCA
test	subjectC	sample2	chr10-48777745	125	5	5	TCTGCGCGCTCGCTCGCTCA
test	subjectC	sample2	chr13+88238591	125	5	5	TCTGCGCGCTCGCTCGCTCA
test	subjectC	sample2	chrX-112605432	125	5	5	TCTGCGCGCTCGCTCGCTCA
test	subjectC	sample2	chr10-77636088	125	5	5	TCTGCGCGCTCGCTCGCTCA
test	subjectC	sample2	chr17+23494570	125	5	5	TCTGCGCGCTCGCTCGCTCA
test	subjectC	sample2	chr7+149270082	125	5	5	TCTGCGCGCTCGCTCGCTCA
test	subjectC	sample2	chr16+21407561	125	5	5	TCTGCGCGCTCGCTCGCTCA
test	subjectC	sample2	chr15+65359753	125	5	5	TCTGCGCGCTCGCTCGCTCA
test	subjectC	sample2	chr11+34603367	125	5	5	TCTGCGCGCTCGCTCGCTCA
test	subjectC	sample2	chr9-85321977	125	5	5	TCTGCGCGCTCGCTCGCTCA
test	subjectC	sample2	chr17-49945170	125	5	5	TCTGCGCGCTCGCTCGCTCA
test	subjectC	sample2	chr10+123288551	125	5	5	TCTGCGCGCTCGCTCGCTCA
test	subjectC	sample2	chr14+87367827	125	5	5	TCTGCGCGCTCGCTCGCTCA
test	subjectC	sample2	chr3-113594297	125	5	5	TCTGCGCGCTCGCTCGCTCA
test	subjectC	sample2	chr4-34424119	125	5	5	TCTGCGCGCTCGCTCGCTCA
test	subjectC	sample2	chr19+4031225	125	5	5	TCTGCGCGCTCGCTCGCTCA
test	subjectC	sample2	chr11-129954490	125	5	5	TCTGCGCGCTCGCTCGCTCA
test	subjectC	sample2	chr17-29912390	125	5	5	TCTGCGCGCTCGCTCGCTCA
test	subjectC	sample2	chr14-23526386	125	5	5	TCTGCGCGCTCGCTCGCTCA
test	subjectC	sample2	chr2+167921471	125	5	5	TCTGCGCGCTCGCTCGCTCA
test	subjectC	sample2	chr19-50094060	125	5	5	TCTGCGCGCTCGCTCGCTCA
test	subjectC	sample2	chr10+14571864	125	5	5	TCTGCGCGCTCGCTCGCTCA
test	subjectC	sample2	chr1+98046066	125	5	5	TCTGCGCGCTCGCTCGCTCA
test	subjectC	sample2	chr15+31467470	125	5	5	TCTGCGCGCTCGCTCGCTCA
test	subjectC	sample2	chr22-35531994	125	5	5	TCTGCGCGCTCGCTCGCTCA
test	subjectC	sample2	chr13-32443802	125	5	5	TCTGCGCGCTCGCTCGCTCA
test	subjectC	sample2	chr11+108974609	125	5	5	TCTGCGCGCTCGCTCGCTCA
test	subjectC	sample2	chr9-22809180	125	5	5	TCTGCGCGCTCGCTCGCTCA
test	subjectC	sample2	chr21-10555646	125	5	5	TCTGCGCGCTCGCTCGCTCA
test	subjectC	sample2	chrX+127729124	125	5	5	TCTGCGCGCTCGCTCGCTCA
test	subjectC	sample2	chr2-158316772	125	5	5	TCTGCGCGCTCGCTCGCTCA
test	subjectC	sample2	chr20+16178243	125	5	5	TCTGCGCGCTCGCTCGCTCA
test	subjectC	sample2	chr10+38030437	125	5	5	TCTGCGCGCTCGCTCGCTCA
test	subjectC	sample2	chr22-48011725	125	5	5	TCTGCGCGCTCGCTCGCTCA
test	subjectC	sample2	chr12-42652758	125	5	5	TCTGCGCGCTCGCTCGCTCA
test	subjectC	sample2	chr4+183233847	125	5	5	TCTGCGCGCTCGCTCGCTCA
test	subjectC	sample2	chr12+96972793	125	5	5	TCTGCGCGCTCGCTCGCTCA
test	subjectC	sample2	chr4-165412058	125	5	5	TCTGCGCGCTCGCTCGCTCA
test	subjectC	sample2	chr21+26674415	125	5	5	TCTGCGCGCTCGCTCGCTCA
test	subjectC	sample2	chr3+1109960	125	5	5	TCTGCGCGCTCGCTCGCTCA
test	subjectC	sample2	chr13-110717517	125	5	5	TCTGCGCGCTCGCTCGCTCA
test	subjectC	sample2	chr6-36431645	125	5	5	TCTGCGCGCTCGCTCGCTCA
test	subjectC	sample2	chr20-18651669	125	5	5	TCTGCGCGCTCGCTCGCTCA
test	subjectC	sample2	chr3-99217169	125	5	5	TCTGCGCGCTCGCTCGCTCA
test	subjectC	sample2	chr22-19135450	125	5	5	TCTGCGCGCTCGCTCGCTCA
test	subjectC	sample2	chr11+6910916	125	5	5	TCTGCGCGCTCGCTCGCTCA
test	subjectC	sample2	chr3+153497121	125	5	5	TCTGCGCGCTCGCTCGCTCA
test	subjectC	sample2	chr2-74979403	125	5	5	TCTGCGCGCTCGCTCGCTCA
test	subjectC	sample2	chr16+13260463	125	5	5	TCTGCGCGCTCGCTCGCTCA
test	subjectC	sample2	chr15-51768860	125	5	5	TCTGCGCGCTCGCTCGCTCA
test	subjectC	sample2	chr15+69511143	125	5	5	TCTGCGCGCTCGCTCGCTCA
test	subjectC	sample2	chr8-140008777	125	5	5	TCTGCGCGCTCGCTCGCTCA
test	subjectC	sample2	chr20-32669335	125	5	5	TCTGCGCGCTCGCTCGCTCA
test	subjectC	sample2	chr2+116375533	125	5	5	TCTGCGCGCTCGCTCGCTCA
test	subjectC	sample2	chr2+40319464	125	5	5	TCTGCGCGCTCGCTCGCTCA
test	subjectC	sample2	chr19-26621939	125	5	5	TCTGCGCGCTCGCTCGCTCA
test	subjectC	sample2	chr20-5439721	125	5	5	TCTGCGCGCTCGCTCGCTCA
test	subjectC	sample2	chr18+50730650	125	5	5	TCTGCGCGCTCGCTCGCTCA
test	subjectC	sample2	chr18-8937090	125	5	5	TCTGCGCGCTCGCTCGCTCA
test	subjectC	sample2	chr21-31470214	125	5	5	TCTGCGCGCTCGCTCGCTCA
test	subjectC	sample2	chr8-27606858	125	5	5	TCTGCGCGCTCGCTCGCTCA
test	subjectC	sample2	chr1-87555639	125	5	5	TCTGCGCGCTCGCTCGCTCA
test	subjectC	sample2	chr21+12874000	125	5	5	TCTGCGCGCTCGCTCGCTCA
test	subjectC	sample2	chr1+79107596	125	5	5	TCTGCGCGCTCGCTCGCTCA
test	subjectC	sample2	chr10+61875301	125	5	5	TCTGCGCGCTCGCTCGCTCA
test	subjectC	sample2	chr18-62214160	125	5	5	TCTGCGCGCTCGCTCGCTCA
test	subjectC	sample2	chr12-48281399	125	5	5	TCTGCGCGCTCGCTCGCTCA
test	subjectC	sample2	chr9-127480886	125	5	5	TCTGCGCGCTCGCTCGCTCA
test	subjectC	sample2	chr22-37733970	125	5	5	TCTGCGCGCTCGCTCGCTCA
test	subjectC	sample2	chr4+30137327	125	5	5	TCTGCGCGCTCGCTCGCTCA
test	subjectC	sample2	chr7-113854403	125	5	5	TCTGCGCGCTCGCTCGCTCA
test	subjectC	sample2	chr13-67180261	125	5	5	TCTGCGCGCTCGCTCGCTCA
test	subjectC	sample2	chr11-8200421	125	5	5	TCTGCGCGCTCGCTCGCTCA
test	subjectC	sample2	chr8+75721726	125	5	5	TCTGCGCGCTCGCTCGCTCA
test	subjectC	sample2	chr3+33403994	125	5	5	TCTGCGCGCTCGCTCGCTCA
test	subjectC	sample2	chr15-55946001	125	5	5	TCTGCGCGCTCGCTCGCTCA
test	subjectC	sample2	chr6-161671294	125	5	5	TCTGCGCGCTCGCTCGCTCA
test	subjectC	sample2	chr9+18772237	125	5	5	TCTGCGCGCTCGCTCGCTCA
test	subjectC	sample2	chr3+59266866	125	5	5	TCTGCGCGCTCGCTCGCTCA
test	subjectC	sample2	chr17-10397865	125	5	5	TCTGCGCGCTCGCTCGCTCA
test	subjectC	sample2	chr16-83627604	125	5	5	TCTGCGCGCTCGCTCGCTCA
test	subjectC	sample2	chr4+23343048	125	5	5	TCTGCGCGCTCGCTCGCTCA
test	subjectC	sample2	chr7-26607846	125	5	5	TCTGCGCGCTCGCTCGCTCA
test	subjectC	sample2	chr8-14113950	125	5	5	TCTGCGCGCTCGCTCGCTCA
test	subjectC	sample2	chr20-23848030	125	5	5	TCTGCGCGCTCGCTCGCTCA
test	subjectC	sample2	chr9+42120161	125	5	5	TCTGCGCGCTCGCTCGCTCA
test	subjectC	sample2	chr1+232033124	125	5	5	TCTGCGCGCTCGCTCGCTCA
test	subjectC	sample2	chr17-56006472	125	5	5	TCTGCGCGCTCGCTCGCTCA
test	subjectC	sample2	chr13-73989150	125	5	5	TCTGCGCGCTCGCTCGCTCA
test	subjectC	sample2	chr22+20602408	125	5	5	TCTGCGCGCTCGCTCGCTCA
test	subjectC	sample2	chr17-26813450	125	5	5	TCTGCGCGCTCGCTCGCTCA
test	subjectC	sample2	chr21-5525472	125	5	5	TCTGCGCGCTCGCTCGCTCA
test	subjectC	sample2	chr4+131558779	125	5	5	TCTGCGCGCTCGCTCGCTCA
test	subjectC	sample2	chr5-81833842	125	5	5	TCTGCGCGCTCGCTCGCTCA
test	subjectC	sample2	chr5-97170335	125	5	5	TCTGCGCGCTCGCTCGCTCA
test	subjectC	sample2	chr12-8605522	125	5	5	TCTGCGCGCTCGCTCGCTCA
test	subjectC	sample2	chr9-122590899	125	5	5	TCTGCGCGCTCGCTCGCTCA
test	subjectC	sample2	chr10-59299655	125	5	5	TCTGCGCGCTCGCTCGCTCA
test	subjectC	sample2	chr17-889548	125	5	5	TCTGCGCGCTCGCTCGCTCA
test	subjectC	sample2	chr12+41335471	125	5	5	TCTGCGCGCTCGCTCGCTCA
test	subjectC	sample2	chr19+8147906	125	5	5	TCTGCGCGCTCGCTCGCTCA
test	subjectC	sample2	chr3+133954371	125	5	5	TCTGCGCGCTCGCTCGCTCA
test	subjectC	sample2	chr13-89773500	125	5	5	TCTGCGCGCTCGCTCGCTCA
test	subjectC	sample2	chr22+50069300	125	5	5	TCTGCGCGCTCGCTCGCTCA
test	subjectC	sample2	chr6-137735268	125	5	5	TCTGCGCGCTCGCTCGCTCA
test	subjectC	sample2	chr13+100241085	125	5	5	TCTGCGCGCTCGCTCGCTCA
test	subjectC	sample2	chr8-5130832	125	5	5	TCTGCGCGCTCGCTCGCTCA
test	subjectC	sample2	chr8+52003141	125	5	5	TCTGCGCGCTCGCTCGCTCA
test	subjectC	sample2	chr22-34940029	125	5	5	TCTGCGCGCTCGCTCGCTCA
test	subjectC	sample2	chr9-82077922	125	5	5	TCTGCGCGCTCGCTCGCTCA
test	subjectC	sample2	chr13-52632353	125	5	5	TCTGCGCGCTCGCTCGCTCA
test	subjectC	sample2	chr21-29333064	125	5	5	TCTGCGCGCTCGCTCGCTCA
test	subjectC	sample2	chr1-145616017	125	5	5	TCTGCGCGCTCGCTCGCTCA
test	subjectC	sample2	chrX+30012620	125	5	5	TCTGCGCGCTCGCTCGCTCA
test	subjectC	sample2	chr9+113711084	125	5	5	TCTGCGCGCTCGCTCGCTCA
test	subjectC	sample2	chr16-19678864	125	5	5	TCTGCGCGCTCGCTCGCTCA
test	subjectC	sample2	chr6-8697639	125	5	5	TCTGCGCGCTCGCTCGCTCA
test	subjectC	sample2	chr21+11598852	125	5	5	TCTGCGCGCTCGCTCGCTCA
test	subjectC	sample2	chr18-22139748	125	5	5	TCTGCGCGCTCGCTCGCTCA
test	subjectC	sample2	chr22+22019979	125	5	5	TCTGCGCGCTCGCTCGCTCA
test	subjectC	sample2	chr10-100692168	125	5	5	TCTGCGCGCTCGCTCGCTCA
test	subjectC	sample2	chr5-56676053	125	5	5	TCTGCGCGCTCGCTCGCTCA
test	subjectC	sample2	chr15-23610667	125	5	5	TCTGCGCGCTCGCTCGCTCA
test	subjectC	sample2	chr3-67438241	125	5	5	TCTGCGCGCTCGCTCGCTCA
test	subjectC	sample2	chr5-84175472	125	5	5	TCTGCGCGCTCGCTCGCTCA
test	subjectC	sample2	chr2+232784565	125	5	5	TCTGCGCGCTCGCTCGCTCA
test	subjectC	sample2	chr21+8326205	125	5	5	TCTGCGCGCTCGCTCGCTCA
test	subjectC	sample2	chr3-128496626	125	5	5	TCTGCGCGCTCGCTCGCTCA
test	subjectC	sample2	chr22+30460779	125	5	5	TCTGCGCGCTCGCTCGCTCA
test	subjectC	sample2	chr19+31974316	125	5	5	TCTGCGCGCTCGCTCGCTCA
test	subjectC	sample2	chr14-105889963	125	5	5	TCTGCGCGCTCGCTCGCTCA
test	subjectC	sample2	chr19-41080487	125	5	5	TCTGCGCGCTCGCTCGCTCA
test	subjectC	sample2	chr15-59252290	125	5	5	TCTGCGCGCTCGCTCGCTCA
test	subjectC	sample2	chr12+37879263	125	5	5	TCTGCGCGCTCGCTCGCTCA
test	subjectC	sample2	chr20-59835087	125	5	5	TCTGCGCGCTCGCTCGCTCA
test	subjectC	sample2	chrX+2479840	125	5	5	TCTGCGCGCTCGCTCGCTCA
test	subjectC	sample2	chr10-54848668	125	5	5	TCTGCGCGCTCGCTCGCTCA
test	subjectC	sample2	chr13-54707396	125	5	5	TCTGCGCGCTCGCTCGCTCA
test	subjectC	sample2	chr14-96209394	125	5	5	TCTGCGCGCTCGCTCGCTCA
test	subjectC	sample2	chr22+28160574	125	5	5	TCTGCGCGCTCGCTCGCTCA
test	subjectC	sample2	chr18+64143702	125	5	5	TCTGCGCGCTCGCTCGCTCA
test	subjectC	sample2	chr9-31603165	125	5	5	TCTGCGCGCTCGCTCGCTCA
test	subjectC	sample2	chr13+43189471	125	5	5	TCTGCGCGCTCGCTCGCTCA
test	subjectC	sample2	chr12-126741653	125	5	5	TCTGCGCGCTCGCTCGCTCA
test	subjectC	sample2	chr16+49230124	125	5	5	TCTGCGCGCTCGCTCGCTCA
test	subjectC	sample2	chr1-25583520	125	5	5	TCTGCGCGCTCGCTCGCTCA
test	subjectC	sample2	chr22-32644279	125	5	5	TCTGCGCGCTCGCTCGCTCA
test	subjectC	sample2	chr21-15003616	125	5	5	TCTGCGCGCTCGCTCGCTCA
test	subjectC	sample2	chr17-70054615	125	5	5	TCTGCGCGCTCGCTCGCTCA
test	subjectC	sample2	chr11+87420993	125	5	5	TCTGCGCGCTCGCTCGCTCA
test	subjectC	sample2	chr14+50884377	125	5	5	TCTGCGCGCTCGCTCGCTCA
test	subjectC	sample2	chr4-119773837	125	5	5	TCTGCGCGCTCGCTCGCTCA
test	subjectC	sample2	chrX+141748248	125	5	5	TCTGCGCGCTCGCTCGCTCA
test	subjectC	sample2	chr22-23940946	125	5	5	TCTGCGCGCTCGCTCGCTCA
test	subjectC	sample2	chr11-38114582	125	5	5	TCTGCGCGCTCGCTCGCTCA
test	subjectC	sample2	chr21+15071906	125	5	5	TCTGCGCGCTCGCTCGCTCA
test	subjectC	sample2	chr12-28110873	125	5	5	TCTGCGCGCTCGCTCGCTCA
test	subjectC	sample2	chr21+29320906	125	5	5	TCTGCGCGCTCGCTCGCTCA
test	subjectC	sample2	chr7+144815138	125	5	5	TCTGCGCGCTCGCTCGCTCA
test	subjectC	sample2	chr13-107035823	125	5	5	TCTGCGCGCTCGCTCGCTCA
test	subjectC	sample2	chr17-75259565	125	5	5	TCTGCGCGCTCGCTCGCTCA
test	subjectC	sample2	chr10-9765790	125	5	5	TCTGCGCGCTCGCTCGCTCA
test	subjectC	sample2	chr13-83936330	125	5	5	TCTGCGCGCTCGCTCGCTCA
test	subjectC	sample2	chr13-54746781	125	5	5	TCTGCGCGCTCGCTCGCTCA
test	subjectC	sample2	chr21+33049522	125	5	5	TCTGCGCGCTCGCTCGCTCA
test	subjectC	sample2	chr21+29060903	125	5	5	TCTGCGCGCTCGCTCGCTCA
test	subjectC	sample2	chr2-170149001	125	5	5	TCTGCGCGCTCGCTCGCTCA
test	subjectC	sample2	chr18-25896032	125	5	5	TCTGCGCGCTCGCTCGCTCA
test	subjectC	sample2	chr1-174648894	125	5	5	TCTGCGCGCTCGCTCGCTCA
test	subjectC	sample2	chr18+65018690	125	5	5	TCTGCGCGCTCGCTCGCTCA
test	subjectC	sample2	chr11+51857300	125	5	5	TCTGCGCGCTCGCTCGCTCA
test	subjectC	sample2	chr2+199998974	125	5	5	TCTGCGCGCTCGCTCGCTCA
test	subjectC	sample2	chr16+87356930	125	5	5	TCTGCGCGCTCGCTCGCTCA
test	subjectC	sample2	chr3+131214626	125	5	5	TCTGCGCGCTCGCTCGCTCA
test	subjectC	sample2	chr20-38162262	125	5	5	TCTGCGCGCTCGCTCGCTCA
test	subjectC	sample2	chr14-100422843	125	5	5	TCTGCGCGCTCGCTCGCTCA
test	subjectC	sample2	chr19-41669785	125	5	5	TCTGCGCGCTCGCTCGCTCA
test	subjectC	sample2	chr1-118824489	125	5	5	TCTGCGCGCTCGCTCGCTCA
test	subjectC	sample2	chr8-22321909	125	5	5	TCTGCGCGCTCGCTCGCTCA
test	subjectC	sample2	chr4+16485205	125	5	5	TCTGCGCGCTCGCTCGCTCA
test	subjectC	sample2	chr18-51440211	125	5	5	TCTGCGCGCTCGCTCGCTCA
test	subjectC	sample2	chr20+57936438	125	5	5	TCTGCGCGCTCGCTCGCTCA
test	subjectC	sample2	chr2+177451999	125	5	5	TCTGCGCGCTCGCTCGCTCA
test	subjectC	sample2	chr11+106863840	125	5	5	TCTGCGCGCTCGCTCGCTCA
test	subjectC	sample2	chr16-36251742	125	5	5	TCTGCGCGCTCGCTCGCTCA
test	subjectC	sample2	chr17+51069195	125	5	5	TCTGCGCGCTCGCTCGCTCA
test	subjectC	sample2	chr10-95391144	125	5	5	TCTGCGCGCTCGCTCGCTCA
test	subjectC	sample2	chr20-82723	125	5	5	TCTGCGCGCTCGCTCGCTCA
test	subjectC	sample2	chr1+79595009	125	5	5	TCTGCGCGCTCGCTCGCTCA
test	subjectC	sample2	chr2-15757388	125	5	5	TCTGCGCGCTCGCTCGCTCA
test	subjectC	sample2	chr2+223442446	125	5	5	TCTGCGCGCTCGCTCGCTCA
test	subjectC	sample2	chr3+64446273	125	5	5	TCTGCGCGCTCGCTCGCTCA
test	subjectC	sample2	chr7+26657140	125	5	5	TCTGCGCGCTCGCTCGCTCA
test	subjectC	sample2	chr21+17782727	125	5	5	TCTGCGCGCTCGCTCGCTCA
test	subjectC	sample2	chr4-21507893	125	5	5	TCTGCGCGCTCGCTCGCTCA
test	subjectC	sample2	chr5+125641872	125	5	5	TCTGCGCGCTCGCTCGCTCA
test	subjectC	sample2	chr5-70600951	125	5	5	TCTGCGCGCTCGCTCGCTCA
test	subjectC	sample2	chr11-62521021	125	5	5	TCTGCGCGCTCGCTCGCTCA
test	subjectC	sample2	chr22-14697611	125	5	5	TCTGCGCGCTCGCTCGCTCA
test	subjectC	sample2	chr8-88073200	125	5	5	TCTGCGCGCTCGCTCGCTCA
test	subjectC	sample2	chr14-43523008	125	5	5	TCTGCGCGCTCGCTCGCTCA
test	subjectC	sample2	chr17+72317749	125	5	5	TCTGCGCGCTCGCTCGCTCA
test	subjectC	sample2	chr8+55114616	125	5	5	TCTGCGCGCTCGCTCGCTCA
test	subjectC	sample2	chr12+33355217	125	5	5	TCTGCGCGCTCGCTCGCTCA
test	subjectC	sample2	chr7+68281642	125	5	5	TCTGCGCGCTCGCTCGCTCA
test	subjectC	sample2	chr16-76117095	125	5	5	TCTGCGCGCTCGCTCGCTCA
test	subjectC	sample2	chr15-68925660	125	5	5	TCTGCGCGCTCGCTCGCTCA
test	subjectC	sample2	chrX+113746268	125	5	5	TCTGCGCGCTCGCTCGCTCA
test	subjectC	sample2	chr10+21054643	125	5	5	TCTGCGCGCTCGCTCGCTCA
test	subjectC	sample2	chr4+134770033	125	5	5	TCTGCGCGCTCGCTCGCTCA
test	subjectC	sample2	chrX+35208685	125	5	5	TCTGCGCGCTCGCTCGCTCA
test	subjectC	sample2	chr11+114007810	125	5	5	TCTGCGCGCTCGCTCGCTCA
test	subjectC	sample2	chr15+55165006	125	5	5	TCTGCGCGCTCGCTCGCTCA
test	subjectC	sample2	chr21+16353970	125	5	5	TCTGCGCGCTCGCTCGCTCA
test	subjectC	sample2	chr3-116972116	125	5	5	TCTGCGCGCTCGCTCGCTCA
test	subjectC	sample2	chr15-26267568	125	5	5	TCTGCGCGCTCGCTCGCTCA
test	subjectC	sample2	chr7+97915874	125	5	5	TCTGCGCGCTCGCTCGCTCA
test	subjectC	sample2	chr11-72262743	125	5	5	TCTGCGCGCTCGCTCGCTCA
test	subjectC	sample2	chr13-52901972	125	5	5	TCTGCGCGCTCGCTCGCTCA
test	subjectC	sample2	chrX+79322924	125	5	5	TCTGCGCGCTCGCTCGCTCA
test	subjectC	sample2	chr14-66276891	125	5	5	TCTGCGCGCTCGCTCGCTCA
test	subjectC	sample2	chr4-103661548	125	5	5	TCTGCGCGCTCGCTCGCTCA
test	subjectC	sample2	chr19-16692840	125	5	5	TCTGCGCGCTCGCTCGCTCA
test	subjectC	sample2	chr13-62849080	125	5	5	TCTGCGCGCTCGCTCGCTCA
test	subjectC	sample2	chr21-36323976	125	5	5	TCTGCGCGCTCGCTCGCTCA
test	subjectC	sample2	chrX+95887859	125	5	5	TCTGCGCGCTCGCTCGCTCA
test	subjectC	sample2	chr4-168491139	125	5	5	TCTGCGCGCTCGCTCGCTCA
test	subjectC	sample2	chr4+88237432	125	5	5	TCTGCGCGCTCGCTCGCTCA
test	subjectC	sample2	chr5-38044248	125	5	5	TCTGCGCGCTCGCTCGCTCA
test	subjectC	sample2	chr2+163537933	125	5	5	TCTGCGCGCTCGCTCGCTCA
test	subjectC	sample2	chr9+133645805	125	5	5	TCTGCGCGCTCGCTCGCTCA
test	subjectC	sample2	chr9-117274176	125	5	5	TCTGCGCGCTCGCTCGCTCA
test	subjectC	sample2	chr3+74942786	125	5	5	TCTGCGCGCTCGCTCGCTCA
test	subjectC	sample2	chr12+68372094	125	5	5	TCTGCGCGCTCGCTCGCTCA
test	subjectC	sample2	chr14+22412785	125	5	5	TCTGCGCGCTCGCTCGCTCA
test	subjectC	sample2	chr8-85539406	125	5	5	TCTGCGCGCTCGCTCGCTCA
test	subjectC	sample2	chr22+26966876	125	5	5	TCTGCGCGCTCGCTCGCTCA
test	subjectC	sample2	chr14+95735722	125	5	5	TCTGCGCGCTCGCTCGCTCA
test	subjectC	sample2	chr10+100914451	125	5	5	TCTGCGCGCTCGCTCGCTCA
test	subjectC	sample2	chr4+90499860	125	5	5	TCTGCGCGCTCGCTCGCTCA
test	subjectC	sample2	chr20+44348161	125	5	5	TCTGCGCGCTCGCTCGCTCA
test	subjectC	sample2	chr12-126889038	125	5	5	TCTGCGCGCTCGCTCGCTCA
test	subjectC	sample2	chr11-48430303	125	5	5	TCTGCGCGCTCGCTCGCTCA
test	subjectC	sample2	chr4+45234641	125	5	5	TCTGCGCGCTCGCTCGCTCA
test	subjectC	sample2	chr4-8371913	125	5	5	TCTGCGCGCTCGCTCGCTCA
test	subjectC	sample2	chr7+115365101	125	5	5	TCTGCGCGCTCGCTCGCTCA
test	subjectC	sample2	chr4+159869676	125	5	5	TCTGCGCGCTCGCTCGCTCA
test	subjectC	sample2	chr5-20506044	125	5	5	TCTGCGCGCTCGCTCGCTCA
test	subjectC	sample2	chr22-36747473	125	5	5	TCTGCGCGCTCGCTCGCTCA
test	subjectC	sample2	chr1+114183214	125	5	5	TCTGCGCGCTCGCTCGCTCA
test	subjectC	sample2	chr10+95756750	125	5	5	TCTGCGCGCTCGCTCGCTCA
test	subjectC	sample2	chr11+82011198	125	5	5	TCTGCGCGCTCGCTCGCTCA
test	subjectC	sample2	chr7+92060908	125	5	5	TCTGCGCGCTCGCTCGCTCA
test	subjectC	sample2	chr16-60338195	125	5	5	TCTGCGCGCTCGCTCGCTCA
test	subjectC	sample2	chr18-21679183	125	5	5	TCTGCGCGCTCGCTCGCTCA
test	subjectC	sample2	chr20-1523240	125	5	5	TCTGCGCGCTCGCTCGCTCA
test	subjectC	sample2	chr4-71994122	125	5	5	TCTGCGCGCTCGCTCGCTCA
test	subjectC	sample2	chr2-225786630	125	5	5	TCTGCGCGCTCGCTCGCTCA
test	subjectC	sample2	chr4+92848516	125	5	5	TCTGCGCGCTCGCTCGCTCA
test	subjectC	sample2	chr3+103601688	125	5	5	TCTGCGCGCTCGCTCGCTCA
test	subjectC	sample2	chr22+17756532	125	5	5	TCTGCGCGCTCGCTCGCTCA
test	subjectC	sample2	chr10-78965153	125	5	5	TCTGCGCGCTCGCTCGCTCA
test	subjectC	sample2	chr15-65347978	125	5	5	TCTGCGCGCTCGCTCGCTCA
test	subjectC	sample2	chr21-43837545	125	5	5	TCTGCGCGCTCGCTCGCTCA
test	subjectC	sample2	chr9+14552615	125	5	5	TCTGCGCGCTCGCTCGCTCA
test	subjectC	sample2	chr19-29061238	125	5	5	TCTGCGCGCTCGCTCGCTCA
test	subjectC	sample2	chr2-210884583	125	5	5	TCTGCGCGCTCGCTCGCTCA
test	subjectC	sample2	chr12+29125939	125	5	5	TCTGCGCGCTCGCTCGCTCA
test	subjectC	sample2	chrX+81183993	125	5	5	TCTGCGCGCTCGCTCGCTCA
test	subjectC	sample2	chrX-79399120	125	5	5	TCTGCGCGCTCGCTCGCTCA
test	subjectC	sample2	chr5+72130885	125	5	5	TCTGCGCGCTCGCTCGCTCA
test	subjectC	sample2	chr20+36838984	125	5	5	TCTGCGCGCTCGCTCGCTCA
test	subjectC	sample2	chr21-15145980	125	5	5	TCTGCGCGCTCGCTCGCTCA
test	subjectC	sample2	chr21-29273488	125	5	5	TCTGCGCGCTCGCTCGCTCA
test	subjectC	sample2	chr14-42809494	125	5	5	TCTGCGCGCTCGCTCGCTCA
test	subjectC	sample2	chr17+21736974	125	5	5	TCTGCGCGCTCGCTCGCTCA
test	subjectC	sample2	chr3-132196589	125	5	5	TCTGCGCGCTCGCTCGCTCA
test	subjectC	sample2	chr15+25518848	125	5	5	TCTGCGCGCTCGCTCGCTCA
test	subjectC	sample2	chr17-10414070	125	5	5	TCTGCGCGCTCGCTCGCTCA
test	subjectC	sample2	chr4-128554270	125	5	5	TCTGCGCGCTCGCTCGCTCA
test	subjectC	sample2	chr14+103052113	125	5	5	TCTGCGCGCTCGCTCGCTCA
test	subjectC	sample2	chr19+42330650	125	5	5	TCTGCGCGCTCGCTCGCTCA
test	subjectC	sample2	chr18+38282426	125	5	5	TCTGCGCGCTCGCTCGCTCA
test	subjectC	sample2	chr17+36772122	125	5	5	TCTGCGCGCTCGCTCGCTCA
test	subjectC	sample2	chr17-47138317	125	5	5	TCTGCGCGCTCGCTCGCTCA
test	subjectC	sample2	chr19-51822452	125	5	5	TCTGCGCGCTCGCTCGCTCA
test	subjectC	sample2	chr3+161881978	125	5	5	TCTGCGCGCTCGCTCGCTCA
test	subjectC	sample2	chr18-52768378	125	5	5	TCTGCGCGCTCGCTCGCTCA
test	subjectC	sample2	chr20+55357981	125	5	5	TCTGCGCGCTCGCTCGCTCA
test	subjectC	sample2	chr21-25370681	125	5	5	TCTGCGCGCTCGCTCGCTCA
test	subjectC	sample2	chr21-33553514	125	5	5	TCTGCGCGCTCGCTCGCTCA
test	subjectC	sample2	chr6+111315197	125	5	5	TCTGCGCGCTCGCTCGCTCA
test	subjectC	sample2	chr7-79706433	125	5	5	TCTGCGCGCTCGCTCGCTCA
test	subjectC	sample2	chr12-11347635	125	5	5	TCTGCGCGCTCGCTCGCTCA
test	subjectC	sample2	chr4+167423839	125	5	5	TCTGCGCGCTCGCTCGCTCA
test	subjectC	sample2	chr10-36535428	125	5	5	TCTGCGCGCTCGCTCGCTCA
test	subjectC	sample2	chr13+97395410	125	5	5	TCTGCGCGCTCGCTCGCTCA
test	subjectC	sample2	chr18-17670007	125	5	5	TCTGCGCGCTCGCTCGCTCA
test	subjectC	sample2	chr6-142019135	125	5	5	TCTGCGCGCTCGCTCGCTCA
test	subjectC	sample2	chr3-75396273	125	5	5	TCTGCGCGCTCGCTCGCTCA
test	subjectC	sample2	chr7+76913061	125	5	5	TCTGCGCGCTCGCTCGCTCA
test	subjectC	sample2	chr10-12759995	125	5	5	TCTGCGCGCTCGCTCGCTCA
test	subjectC	sample2	chr5+7601874	125	5	5	TCTGCGCGCTCGCTCGCTCA
test	subjectC	sample2	chr16+17208900	125	5	5	TCTGCGCGCTCGCTCGCTCA
test	subjectC	sample2	chr19-1851201	125	5	5	TCTGCGCGCTCGCTCGCTCA
test	subjectC	sample2	chr17+51751298	125	5	5	TCTGCGCGCTCGCTCGCTCA
test	subjectC	sample2	chrX+148772938	125	5	5	TCTGCGCGCTCGCTCGCTCA
test	subjectC	sample2	chr9+83895005	125	5	5	TCTGCGCGCTCGCTCGCTCA
test	subjectC	sample2	chr2+53454052	125	5	5	TCTGCGCGCTCGCTCGCTCA
test	subjectC	sample2	chr6-119280977	125	5	5	TCTGCGCGCTCGCTCGCTCA
test	subjectC	sample2	chr17-18022909	125	5	5	TCTGCGCGCTCGCTCGCTCA
test	subjectC	sample2	chr17+71216921	125	5	5	TCTGCGCGCTCGCTCGCTCA
test	subjectC	sample2	chr7+103112850	125	5	5	TCTGCGCGCTCGCTCGCTCA
test	subjectC	sample2	chr12+128105881	125	5	5	TCTGCGCGCTCGCTCGCTCA
test	subjectC	sample2	chr11-110931685	125	5	5	TCTGCGCGCTCGCTCGCTCA
test	subjectC	sample2	chr11-42307534	125	5	5	TCTGCGCGCTCGCTCGCTCA
test	subjectC	sample2	chr17+64577082	125	5	5	TCTGCGCGCTCGCTCGCTCA
test	subjectC	sample2	chr10-73686514	125	5	5	TCTGCGCGCTCGCTCGCTCA
test	subjectC	sample2	chr18+33718268	125	5	5	TCTGCGCGCTCGCTCGCTCA
test	subjectC	sample2	chr12+18021398	125	5	5	TCTGCGCGCTCGCTCGCTCA
test	subjectC	sample2	chr13-76190212	125	5	5	TCTGCGCGCTCGCTCGCTCA
test	subjectC	sample2	chr3+24715275	125	5	5	TCTGCGCGCTCGCTCGCTCA
test	subjectC	sample2	chr19-2046166	125	5	5	TCTGCGCGCTCGCTCGCTCA
test	subjectC	sample2	chr5+127912201	125	5	5	TCTGCGCGCTCGCTCGCTCA
test	subjectC	sample2	chr13+25824645	125	5	5	TCTGCGCGCTCGCTCGCTCA
test	subjectC	sample2	chr17-14889578	125	5	5	TCTGCGCGCTCGCTCGCTCA
test	subjectC	sample2	chr12+127961684	125	5	5	TCTGCGCGCTCGCTCGCTCA
test	subjectC	sample2	chr7-126814779	125	5	5	TCTGCGCGCTCGCTCGCTCA
test	subjectC	sample2	chrX-128627157	125	5	5	TCTGCGCGCTCGCTCGCTCA
test	subjectC	sample2	chr20-4610128	125	5	5	TCTGCGCGCTCGCTCGCTCA
test	subjectC	sample2	chr16-16891094	125	5	5	TCTGCGCGCTCGCTCGCTCA
test	subjectC	sample2	chr22-27067836	125	5	5	TCTGCGCGCTCGCTCGCTCA
test	subjectC	sample2	chr8+25207166	125	5	5	TCTGCGCGCTCGCTCGCTCA
test	subjectC	sample2	chrX-152574817	125	5	5	TCTGCGCGCTCGCTCGCTCA
test	subjectC	sample2	chrX+113352247	125	5	5	TCTGCGCGCTCGCTCGCTCA
test	subjectC	sample2	chr11-45537356	125	5	5	TCTGCGCGCTCGCTCGCTCA
test	subjectC	sample2	chr4+43886861	125	5	5	TCTGCGCGCTCGCTCGCTCA
test	subjectC	sample2	chr12+85666077	125	5	5	TCTGCGCGCTCGCTCGCTCA
test	subjectC	sample2	chr9-85865292	125	5	5	TCTGCGCGCTCGCTCGCTCA
test	subjectC	sample2	chr13-51715011	125	5	5	TCTGCGCGCTCGCTCGCTCA
test	subjectC	sample2	chr13+113481669	125	5	5	TCTGCGCGCTCGCTCGCTCA
test	subjectC	sample2	chr20+15485827	125	5	5	TCTGCGCGCTCGCTCGCTCA
test	subjectC	sample2	chr20-21958969	125	5	5	TCTGCGCGCTCGCTCGCTCA
test	subjectC	sample2	chr9+26582528	125	5	5	TCTGCGCGCTCGCTCGCTCA
test	subjectC	sample2	chr8-102086770	125	5	5	TCTGCGCGCTCGCTCGCTCA
test	subjectC	sample2	chr9+25622397	125	5	5	TCTGCGCGCTCGCTCGCTCA
test	subjectC	sample2	chr4-44549192	125	5	5	TCTGCGCGCTCGCTCGCTCA
test	subjectC	sample2	chr15-99429093	125	5	5	TCTGCGCGCTCGCTCGCTCA
test	subjectC	sample2	chr6-29904013	125	5	5	TCTGCGCGCTCGCTCGCTCA
test	subjectC	sample2	chr4-152052375	125	5	5	TCTGCGCGCTCGCTCGCTCA
test	subjectC	sample2	chrX+124105847	125	5	5	TCTGCGCGCTCGCTCGCTCA
test	subjectC	sample2	chr20+2100275	125	5	5	TCTGCGCGCTCGCTCGCTCA
test	subjectC	sample2	chr13+50086828	125	5	5	TCTGCGCGCTCGCTCGCTCA
test	subjectC	sample2	chr21-30950120	125	5	5	TCTGCGCGCTCGCTCGCTCA
test	subjectC	sample2	chr5+105307638	125	5	5	TCTGCGCGCTCGCTCGCTCA
test	subjectC	sample2	chr7+142900382	125	5	5	TCTGCGCGCTCGCTCGCTCA
test	subjectC	sample2	chr3+113131493	125	5	5	TCTGCGCGCTCGCTCGCTCA
test	subjectC	sample2	chr19+47209809	125	5	5	TCTGCGCGCTCGCTCGCTCA
test	subjectC	sample2	chr9-13964436	125	5	5	TCTGCGCGCTCGCTCGCTCA
test	subjectC	sample2	chr20-42999297	125	5	5	TCTGCGCGCTCGCTCGCTCA
test	subjectC	sample2	chr7+96059726	125	5	5	TCTGCGCGCTCGCTCGCTCA
test	subjectC	sample2	chr1-21639371	125	5	5	TCTGCGCGCTCGCTCGCTCA
test	subjectC	sample2	chr2-156635533	125	5	5	TCTGCGCGCTCGCTCGCTCA
test	subjectC	sample2	chr21+8645716	125	5	5	TCTGCGCGCTCGCTCGCTCA
test	subjectC	sample2	chr14+19144878	125	5	5	TCTGCGCGCTCGCTCGCTCA
test	subjectC	sample2	chr4+171023679	125	5	5	TCTGCGCGCTCGCTCGCTCA
test	subjectC	sample2	chr2-212307518	125	5	5	TCTGCGCGCTCGCTCGCTCA
test	subjectC	sample2	chr7+55278827	125	5	5	TCTGCGCGCTCGCTCGCTCA
test	subjectC	sample2	chr21-13993067	125	5	5	TCTGCGCGCTCGCTCGCTCA
test	subjectC	sample2	chr10+94777215	125	5	5	TCTGCGCGCTCGCTCGCTCA
test	subjectC	sample2	chr20+49284758	125	5	5	TCTGCGCGCTCGCTCGCTCA
test	subjectC	sample2	chr18+4835580	125	5	5	TCTGCGCGCTCGCTCGCTCA
test	subjectC	sample2	chr17-82596479	125	5	5	TCTGCGCGCTCGCTCGCTCA
test	subjectC	sample2	chr5+146065119	125	5	5	TCTGCGCGCTCGCTCGCTCA
test	subjectC	sample2	chr20-50150444	125	5	5	TCTGCGCGCTCGCTCGCTCA
test	subjectC	sample2	chr17-68814303	125	5	5	TCTGCGCGCTCGCTCGCTCA
test	subjectC	sample2	chr20+18556692	125	5	5	TCTGCGCGCTCGCTCGCTCA
test	subjectC	sample2	chr17+48785087	125	5	5	TCTGCGCGCTCGCTCGCTCA
test	subjectC	sample2	chr15+59086715	125	5	5	TCTGCGCGCTCGCTCGCTCA
test	subjectC	sample2	chr8+79279549	125	5	5	TCTGCGCGCTCGCTCGCTCA
test	subjectC	sample2	chr6+65617133	125	5	5	TCTGCGCGCTCGCTCGCTCA
test	subjectC	sample2	chr13-41494743	125	5	5	TCTGCGCGCTCGCTCGCTCA
test	subjectC	sample2	chr13-94701462	125	5	5	TCTGCGCGCTCGCTCGCTCA
test	subjectC	sample2	chr3-172854763	125	5	5	TCTGCGCGCTCGCTCGCTCA
test	subjectC	sample2	chr15+55665013	125	5	5	TCTGCGCGCTCGCTCGCTCA
test	subjectC	sample2	chr13+75146302	125	5	5	TCTGCGCGCTCGCTCGCTCA
test	subjectC	sample2	chr19+470834	125	5	5	TCTGCGCGCTCGCTCGCTCA
test	subjectC	sample2	chr15-59762346	125	5	5	TCTGCGCGCTCGCTCGCTCA
test	subjectC	sample2	chr21+18916833	125	5	5	TCTGCGCGCTCGCTCGCTCA
test	subjectC	sample2	chr4+61394752	125	5	5	TCTGCGCGCTCGCTCGCTCA
test	subjectC	sample2	chr22+11795448	125	5	5	TCTGCGCGCTCGCTCGCTCA
test	subjectC	sample2	chr15-52031516	125	5	5	TCTGCGCGCTCGCTCGCTCA
test	subjectC	sample2	chr5+35231885	125	5	5	TCTGCGCGCTCGCTCGCTCA
test	subjectC	sample2	chr21+32603735	125	5	5	TCTGCGCGCTCGCTCGCTCA
test	subjectC	sample2	chr20-49419172	125	5	5	TCTGCGCGCTCGCTCGCTCA
test	subjectC	sample2	chr19+5885478	125	5	5	TCTGCGCGCTCGCTCGCTCA
test	subjectC	sample2	chr2-172130240	125	5	5	TCTGCGCGCTCGCTCGCTCA
test	subjectC	sample2	chr21+15331692	125	5	5	TCTGCGCGCTCGCTCGCTCA
test	subjectC	sample2	chr12+103231288	125	5	5	TCTGCGCGCTCGCTCGCTCA
test	subjectC	sample2	chr16+85224247	125	5	5	TCTGCGCGCTCGCTCGCTCA
test	subjectC	sample2	chr16-89452855	125	5	5	TCTGCGCGCTCGCTCGCTCA
test	subjectC	sample2	chr16-25014803	125	5	5	TCTGCGCGCTCGCTCGCTCA
test	subjectC	sample2	chr6-57296627	125	5	5	TCTGCGCGCTCGCTCGCTCA
test	subjectC	sample2	chr7-75414259	125	5	5	TCTGCGCGCTCGCTCGCTCA
test	subjectC	sample2	chr14+22910227	125	5	5	TCTGCGCGCTCGCTCGCTCA
test	subjectC	sample2	chrX-5963616	125	5	5	TCTGCGCGCTCGCTCGCTCA
test	subjectC	sample2	chr9+7221130	125	5	5	TCTGCGCGCTCGCTCGCTCA
test	subjectC	sample2	chr4-117287986	125	5	5	TCTGCGCGCTCGCTCGCTCA
test	subjectC	sample2	chr13-44691292	125	5	5	TCTGCGCGCTCGCTCGCTCA
test	subjectC	sample2	chr7-66071102	125	5	5	TCTGCGCGCTCGCTCGCTCA
test	subjectC	sample2	chr11+118443689	125	5	5	TCTGCGCGCTCGCTCGCTCA
test	subjectC	sample2	chr7-106725738	125	5	5	TCTGCGCGCTCGCTCGCTCA
test	subjectC	sample2	chr5+569798	125	5	5	TCTGCGCGCTCGCTCGCTCA
test	subjectC	sample2	chr5-99674858	125	5	5	TCTGCGCGCTCGCTCGCTCA
test	subjectC	sample2	chr21+45618674	125	5	5	TCTGCGCGCTCGCTCGCTCA
test	subjectC	sample2	chr4+76666284	125	5	5	TCTGCGCGCTCGCTCGCTCA
test	subjectC	sample2	chr18-13018433	125	5	5	TCTGCGCGCTCGCTCGCTCA
test	subjectC	sample2	chr13-83710768	125	5	5	TCTGCGCGCTCGCTCGCTCA
test	subjectC	sample2	chr8+37825381	125	5	5	TCTGCGCGCTCGCTCGCTCA
test	subjectC	sample2	chr22+33748341	125	5	5	TCTGCGCGCTCGCTCGCTCA
test	subjectC	sample2	chr16-80031316	125	5	5	TCTGCGCGCTCGCTCGCTCA
test	subjectC	sample2	chr19-6925922	125	5	5	TCTGCGCGCTCGCTCGCTCA
test	subjectC	sample2	chr19-25102703	125	5	5	TCTGCGCGCTCGCTCGCTCA
test	subjectC	sample2	chr17-52869757	125	5	5	TCTGCGCGCTCGCTCGCTCA
test	subjectC	sample2	chr3+35826553	125	5	5	TCTGCGCGCTCGCTCGCTCA
test	subjectC	sample2	chr12-98876635	125	5	5	TCTGCGCGCTCGCTCGCTCA
test	subjectC	sample2	chr5+55796029	125	5	5	TCTGCGCGCTCGCTCGCTCA
test	subjectC	sample2	chr13+57169692	125	5	5	TCTGCGCGCTCGCTCGCTCA
test	subjectC	sample2	chr16+34472672	125	5	5	TCTGCGCGCTCGCTCGCTCA
test	subjectC	sample2	chr18-71391323	125	5	5	TCTGCGCGCTCGCTCGCTCA
test	subjectC	sample2	chrX-78697055	125	5	5	TCTGCGCGCTCGCTCGCTCA
test	subjectC	sample2	chr21-17000929	125	5	5	TCTGCGCGCTCGCTCGCTCA
test	subjectC	sample2	chr17+48649854	125	5	5	TCTGCGCGCTCGCTCGCTCA
test	subjectC	sample2	chr5+22192908	125	5	5	TCTGCGCGCTCGCTCGCTCA
test	subjectC	sample2	chr21-17287092	125	5	5	TCTGCGCGCTCGCTCGCTCA
test	subjectC	sample2	chr5-116847190	125	5	5	TCTGCGCGCTCGCTCGCTCA
test	subjectC	sample2	chr8-46422788	125	5	5	TCTGCGCGCTCGCTCGCTCA
test	subjectC	sample2	chr9-88726352	125	5	5	TCTGCGCGCTCGCTCGCTCA
test	subjectC	sample2	chr17-57845836	125	5	5	TCTGCGCGCTCGCTCGCTCA
test	subjectC	sample2	chr16+23170225	125	5	5	TCTGCGCGCTCGCTCGCTCA
test	subjectC	sample2	chr11+107981279	125	5	5	TCTGCGCGCTCGCTCGCTCA
test	subjectC	sample2	chr1+178912801	125	5	5	TCTGCGCGCTCGCTCGCTCA
test	subjectC	sample2	chr17-16242237	125	5	5	TCTGCGCGCTCGCTCGCTCA
test	subjectC	sample2	chr14+80743807	125	5	5	TCTGCGCGCTCGCTCGCTCA
test	subjectC	sample2	chr15-18623237	125	5	5	TCTGCGCGCTCGCTCGCTCA
test	subjectC	sample2	chr19+39557794	125	5	5	TCTGCGCGCTCGCTCGCTCA
test	subjectC	sample2	chr22+44320629	125	5	5	TCTGCGCGCTCGCTCGCTCA
test	subjectC	sample2	chr3+132334839	125	5	5	TCTGCGCGCTCGCTCGCTCA
test	subjectC	sample2	chr8+19417645	125	5	5	TCTGCGCGCTCGCTCGCTCA
test	subjectC	sample2	chrX-144871035	125	5	5	TCTGCGCGCTCGCTCGCTCA
test	subjectC	sample2	chr2-225875486	125	5	5	TCTGCGCGCTCGCTCGCTCA
test	subjectC	sample2	chr12+96003136	125	5	5	TCTGCGCGCTCGCTCGCTCA
test	subjectC	sample2	chr8-32364462	125	5	5	TCTGCGCGCTCGCTCGCTCA
test	subjectC	sample2	chrX-129763225	125	5	5	TCTGCGCGCTCGCTCGCTCA
test	subjectC	sample2	chr2-224469201	125	5	5	TCTGCGCGCTCGCTCGCTCA
test	subjectC	sample2	chr16-20806194	125	5	5	TCTGCGCGCTCGCTCGCTCA
test	subjectC	sample2	chr6-170539210	125	5	5	TCTGCGCGCTCGCTCGCTCA
test	subjectC	sample2	chr16-63998698	125	5	5	TCTGCGCGCTCGCTCGCTCA
test	subjectC	sample2	chr19+36045061	125	5	5	TCTGCGCGCTCGCTCGCTCA
test	subjectC	sample2	chr6-24060207	125	5	5	TCTGCGCGCTCGCTCGCTCA
test	subjectC	sample2	chr18+6854036	125	5	5	TCTGCGCGCTCGCTCGCTCA
test	subjectC	sample2	chr9+99513711	125	5	5	TCTGCGCGCTCGCTCGCTCA
test	subjectC	sample2	chr1-54328831	125	5	5	TCTGCGCGCTCGCTCGCTCA
test	subjectC	sample2	chr20+36548026	125	5	5	TCTGCGCGCTCGCTCGCTCA
test	subjectC	sample2	chr22+29638597	125	5	5	TCTGCGCGCTCGCTCGCTCA
test	subjectC	sample2	chr14-55125147	125	5	5	TCTGCGCGCTCGCTCGCTCA
test	subjectC	sample2	chr4-64535904	125	5	5	TCTGCGCGCTCGCTCGCTCA
test	subjectC	sample2	chr14-91246361	125	5	5	TCTGCGCGCTCGCTCGCTCA
test	subjectC	sample2	chr18+19168118	125	5	5	TCTGCGCGCTCGCTCGCTCA
test	subjectC	sample2	chr3-4846556	125	5	5	TCTGCGCGCTCGCTCGCTCA
test	subjectC	sample2	chr14+56144399	125	5	5	TCTGCGCGCTCGCTCGCTCA
test	subjectC	sample2	chr9+88907555	125	5	5	TCTGCGCGCTCGCTCGCTCA
test	subjectC	sample2	chr8-65683553	125	5	5	TCTGCGCGCTCGCTCGCTCA
test	subjectC	sample2	chr16+55069337	125	5	5	TCTGCGCGCTCGCTCGCTCA
test	subjectC	sample2	chr8+62727586	125	5	5	TCTGCGCGCTCGCTCGCTCA
test	subjectC	sample2	chr8+112151865	125	5	5	TCTGCGCGCTCGCTCGCTCA
test	subjectC	sample2	chr6-11376386	125	5	5	TCTGCGCGCTCGCTCGCTCA
test	subjectC	sample2	chr19-53128099	125	5	5	TCTGCGCGCTCGCTCGCTCA
test	subjectC	sample2	chr20+23646157	125	5	5	TCTGCGCGCTCGCTCGCTCA
test	subjectC	sample2	chr12+92952152	125	5	5	TCTGCGCGCTCGCTCGCTCA
test	subjectC	sample2	chr20-817220	125	5	5	TCTGCGCGCTCGCTCGCTCA
test	subjectC	sample2	chr6-158840215	125	5	5	TCTGCGCGCTCGCTCGCTCA
test	subjectC	sample2	chr1+154099257	125	5	5	TCTGCGCGCTCGCTCGCTCA
test	subjectC	sample2	chr15+73475541	125	5	5	TCTGCGCGCTCGCTCGCTCA
test	subjectC	sample2	chr2-22092733	125	5	5	TCTGCGCGCTCGCTCGCTCA
test	subjectC	sample2	chr5-43180952	125	5	5	TCTGCGCGCTCGCTCGCTCA
test	subjectC	sample2	chr10-129443517	125	5	5	TCTGCGCGCTCGCTCGCTCA
test	subjectC	sample2	chr18-51837793	125	5	5	TCTGCGCGCTCGCTCGCTCA
test	subjectC	sample2	chr15+97139810	125	5	5	TCTGCGCGCTCGCTCGCTCA
test	subjectC	sample2	chr18+22782782	125	5	5	TCTGCGCGCTCGCTCGCTCA
test	subjectC	sample2	chr5+96483461	125	5	5	TCTGCGCGCTCGCTCGCTCA
test	subjectC	sample2	chr13+51988370	125	5	5	TCTGCGCGCTCGCTCGCTCA
test	subjectC	sample2	chr3-62968156	125	5	5	TCTGCGCGCTCGCTCGCTCA
test	subjectC	sample2	chr9+23230949	125	5	5	TCTGCGCGCTCGCTCGCTCA
test	subjectC	sample2	chr1+156764419	125	5	5	TCTGCGCGCTCGCTCGCTCA
test	subjectC	sample2	chr4+76230711	125	5	5	TCTGCGCGCTCGCTCGCTCA
test	subjectC	sample2	chr14-96361969	125	5	5	TCTGCGCGCTCGCTCGCTCA
test	subjectC	sample2	chr1+18788196	125	5	5	TCTGCGCGCTCGCTCGCTCA
test	subjectC	sample2	chr18+659477	125	5	5	TCTGCGCGCTCGCTCGCTCA
test	subjectC	sample2	chr12+47826935	125	5	5	TCTGCGCGCTCGCTCGCTCA
test	subjectC	sample2	chr15-25272589	125	5	5	TCTGCGCGCTCGCTCGCTCA
test	subjectC	sample2	chr9-24739464	125	5	5	TCTGCGCGCTCGCTCGCTCA
test	subjectC	sample2	chr20-4072499	125	5	5	TCTGCGCGCTCGCTCGCTCA
test	subjectC	sample2	chr16-63554986	125	5	5	TCTGCGCGCTCGCTCGCTCA
test	subjectC	sample2	chr1+204677822	125	5	5	TCTGCGCGCTCGCTCGCTCA
test	subjectC	sample2	chr13-99452700	125	5	5	TCTGCGCGCTCGCTCGCTCA
test	subjectC	sample2	chrX-35562921	125	5	5	TCTGCGCGCTCGCTCGCTCA
test	subjectC	sample2	chr20+6590229	125	5	5	TCTGCGCGCTCGCTCGCTCA
test	subjectC	sample2	chr14-56190913	125	5	5	TCTGCGCGCTCGCTCGCTCA
test	subjectC	sample2	chr14-62967285	125	5	5	TCTGCGCGCTCGCTCGCTCA
test	subjectC	sample2	chr3+169095696	125	5	5	TCTGCGCGCTCGCTCGCTCA
test	subjectC	sample2	chr9+128341667	125	5	5	TCTGCGCGCTCGCTCGCTCA
test	subjectC	sample2	chr16-86335663	125	5	5	TCTGCGCGCTCGCTCGCTCA
test	subjectC	sample2	chr10+77497045	125	5	5	TCTGCGCGCTCGCTCGCTCA
test	subjectC	sample2	chr17-728698	125	5	5	TCTGCGCGCTCGCTCGCTCA
test	subjectC	sample2	chr15-57035473	125	5	5	TCTGCGCGCTCGCTCGCTCA
test	subjectC	sample2	chr10+18335189	125	5	5	TCTGCGCGCTCGCTCGCTCA
test	subjectC	sample2	chr10-2079817	125	5	5	TCTGCGCGCTCGCTCGCTCA
test	subjectC	sample2	chr6-40046150	125	5	5	TCTGCGCGCTCGCTCGCTCA
test	subjectC	sample2	chrX+111059612	125	5	5	TCTGCGCGCTCGCTCGCTCA
test	subjectC	sample2	chr19+57640362	125	5	5	TCTGCGCGCTCGCTCGCTCA
test	subjectC	sample2	chr13+89569474	125	5	5	TCTGCGCGCTCGCTCGCTCA
test	subjectC	sample2	chr16+33841692	125	5	5	TCTGCGCGCTCGCTCGCTCA
test	subjectC	sample2	chr22+36385644	125	5	5	TCTGCGCGCTCGCTCGCTCA
test	subjectC	sample2	chr5-67563989	125	5	5	TCTGCGCGCTCGCTCGCTCA
test	subjectC	sample2	chr12-38630024	125	5	5	TCTGCGCGCTCGCTCGCTCA
test	subjectC	sample2	chr6+77732159	125	5	5	TCTGCGCGCTCGCTCGCTCA
test	subjectC	sample2	chr10-85178602	125	5	5	TCTGCGCGCTCGCTCGCTCA
test	subjectC	sample2	chr20-59799095	125	5	5	TCTGCGCGCTCGCTCGCTCA
test	subjectC	sample2	chr2-200324991	125	5	5	TCTGCGCGCTCGCTCGCTCA
test	subjectC	sample2	chr13+24789826	125	5	5	TCTGCGCGCTCGCTCGCTCA
test	subjectC	sample2	chr11-58988498	125	5	5	TCTGCGCGCTCGCTCGCTCA
test	subjectC	sample2	chr18-74304760	125	5	5	TCTGCGCGCTCGCTCGCTCA
test	subjectC	sample2	chr1+4631631	125	5	5	TCTGCGCGCTCGCTCGCTCA
test	subjectC	sample2	chr10+42290513	125	5	5	TCTGCGCGCTCGCTCGCTCA
test	subjectC	sample2	chrX-53891942	125	5	5	TCTGCGCGCTCGCTCGCTCA
test	subjectC	sample2	chr20-23154399	125	5	5	TCTGCGCGCTCGCTCGCTCA
test	subjectC	sample2	chr21+13071202	125	5	5	TCTGCGCGCTCGCTCGCTCA
test	subjectC	sample2	chr7+121230994	125	5	5	TCTGCGCGCTCGCTCGCTCA
test	subjectC	sample2	chr10+70728167	125	5	5	TCTGCGCGCTCGCTCGCTCA
test	subjectC	sample2	chr1-3303282	125	5	5	TCTGCGCGCTCGCTCGCTCA
test	subjectC	sample2	chr21-26854691	125	5	5	TCTGCGCGCTCGCTCGCTCA
test	subjectC	sample2	chr17-47196958	125	5	5	TCTGCGCGCTCGCTCGCTCA
test	subjectC	sample2	chr3+92302491	125	5	5	TCTGCGCGCTCGCTCGCTCA
test	subjectC	sample2	chr4-81026862	125	5	5	TCTGCGCGCTCGCTCGCTCA
test	subjectC	sample2	chr6-15293993	125	5	5	TCTGCGCGCTCGCTCGCTCA
test	subjectC	sample2	chr22+14979407	125	5	5	TCTGCGCGCTCGCTCGCTCA
test	subjectC	sample2	chr20-55200957	125	5	5	TCTGCGCGCTCGCTCGCTCA
test	subjectC	sample2	chr8-69929303	125	5	5	TCTGCGCGCTCGCTCGCTCA
test	subjectC	sample2	chr4-186167721	125	5	5	TCTGCGCGCTCGCTCGCTCA
test	subjectC	sample2	chr11-49094465	125	5	5	TCTGCGCGCTCGCTCGCTCA
test	subjectC	sample2	chr14-44305596	125	5	5	TCTGCGCGCTCGCTCGCTCA
test	subjectC	sample2	chr6-76120444	125	5	5	TCTGCGCGCTCGCTCGCTCA
test	subjectC	sample2	chr10-20818191	125	5	5	TCTGCGCGCTCGCTCGCTCA
test	subjectC	sample2	chr11-84739283	125	5	5	TCTGCGCGCTCGCTCGCTCA
test	subjectC	sample2	chr8-53626030	125	5	5	TCTGCGCGCTCGCTCGCTCA
test	subjectC	sample2	chr11-115183786	125	5	5	TCTGCGCGCTCGCTCGCTCA
test	subjectC	sample2	chr2+209249907	125	5	5	TCTGCGCGCTCGCTCGCTCA
test	subjectC	sample2	chr14-79883442	125	5	5	TCTGCGCGCTCGCTCGCTCA
test	subjectC	sample2	chr10+120307388	125	5	5	TCTGCGCGCTCGCTCGCTCA
test	subjectC	sample2	chr5+126957598	125	5	5	TCTGCGCGCTCGCTCGCTCA
test	subjectC	sample2	chr14+32471245	125	5	5	TCTGCGCGCTCGCTCGCTCA
test	subjectC	sample2	chr6-48061588	125	5	5	TCTGCGCGCTCGCTCGCTCA
test	subjectC	sample2	chr8+96342610	125	5	5	TCTGCGCGCTCGCTCGCTCA
test	subjectC	sample2	chr2-167493909	125	5	5	TCTGCGCGCTCGCTCGCTCA
test	subjectC	sample2	chr7+133387197	125	5	5	TCTGCGCGCTCGCTCGCTCA
test	subjectC	sample2	chr21-13919680	125	5	5	TCTGCGCGCTCGCTCGCTCA
test	subjectC	sample2	chr3+195149850	125	5	5	TCTGCGCGCTCGCTCGCTCA
test	subjectC	sample2	chr1+81788770	125	5	5	TCTGCGCGCTCGCTCGCTCA
test	subjectC	sample2	chr11-95365728	125	5	5	TCTGCGCGCTCGCTCGCTCA
test	subjectC	sample2	chr7-7353001	125	5	5	TCTGCGCGCTCGCTCGCTCA
test	subjectC	sample2	chr5+131676710	125	5	5	TCTGCGCGCTCGCTCGCTCA
test	subjectC	sample2	chr16+65172605	125	5	5	TCTGCGCGCTCGCTCGCTCA
test	subjectC	sample2	chr19-9903801	125	5	5	TCTGCGCGCTCGCTCGCTCA
test	subjectC	sample2	chr9-62602679	125	5	5	TCTGCGCGCTCGCTCGCTCA
test	subjectC	sample2	chr16-67847228	125	5	5	TCTGCGCGCTCGCTCGCTCA
test	subjectC	sample2	chr11-92462782	125	5	5	TCTGCGCGCTCGCTCGCTCA
test	subjectC	sample2	chr13-50979236	125	5	5	TCTGCGCGCTCGCTCGCTCA
test	subjectC	sample2	chr17-59252304	125	5	5	TCTGCGCGCTCGCTCGCTCA
test	subjectC	sample2	chrX-8164954	125	5	5	TCTGCGCGCTCGCTCGCTCA
test	subjectC	sample2	chr3+137337572	125	5	5	TCTGCGCGCTCGCTCGCTCA
test	subjectC	sample2	chr3+87340239	125	5	5	TCTGCGCGCTCGCTCGCTCA
test	subjectC	sample2	chr19-16941071	125	5	5	TCTGCGCGCTCGCTCGCTCA
test	subjectC	sample2	chr17+28553773	125	5	5	TCTGCGCGCTCGCTCGCTCA
test	subjectC	sample2	chr11+40845478	125	5	5	TCTGCGCGCTCGCTCGCTCA
test	subjectC	sample2	chr19+13517465	125	5	5	TCTGCGCGCTCGCTCGCTCA
test	subjectC	sample2	chr22+46086684	125	5	5	TCTGCGCGCTCGCTCGCTCA
test	subjectC	sample2	chr21-34436437	125	5	5	TCTGCGCGCTCGCTCGCTCA
test	subjectC	sample2	chr6-93417216	125	5	5	TCTGCGCGCTCGCTCGCTCA
test	subjectC	sample2	chr9+66814924	125	5	5	TCTGCGCGCTCGCTCGCTCA
test	subjectC	sample2	chr1-228874528	125	5	5	TCTGCGCGCTCGCTCGCTCA
test	subjectC	sample2	chr17-56367817	125	5	5	TCTGCGCGCTCGCTCGCTCA
test	subjectC	sample2	chr13-62571786	125	5	5	TCTGCGCGCTCGCTCGCTCA
test	subjectC	sample2	chr13-97105679	125	5	5	TCTGCGCGCTCGCTCGCTCA
test	subjectC	sample2	chr11+30823115	125	5	5	TCTGCGCGCTCGCTCGCTCA
test	subjectC	sample2	chr1+245980647	125	5	5	TCTGCGCGCTCGCTCGCTCA
test	subjectC	sample2	chr20+40805727	125	5	5	TCTGCGCGCTCGCTCGCTCA
test	subjectC	sample2	chr19-51108841	125	5	5	TCTGCGCGCTCGCTCGCTCA
test	subjectC	sample2	chr5-285118	125	5	5	TCTGCGCGCTCGCTCGCTCA
test	subjectC	sample2	chrX-103948113	125	5	5	TCTGCGCGCTCGCTCGCTCA
test	subjectC	sample2	chr9-38904099	125	5	5	TCTGCGCGCTCGCTCGCTCA
test	subjectC	sample2	chr9-85638378	125	5	5	TCTGCGCGCTCGCTCGCTCA
test	subjectC	sample2	chr5+68817502	125	5	5	TCTGCGCGCTCGCTCGCTCA
test	subjectC	sample2	chr14+83420222	125	5	5	TCTGCGCGCTCGCTCGCTCA
test	subjectC	sample2	chrX+36664409	125	5	5	TCTGCGCGCTCGCTCGCTCA
test	subjectC	sample2	chr12+106446760	125	5	5	TCTGCGCGCTCGCTCGCTCA
test	subjectC	sample2	chr17-77732662	125	5	5	TCTGCGCGCTCGCTCGCTCA
test	subjectC	sample2	chr11-75479315	125	5	5	TCTGCGCGCTCGCTCGCTCA
test	subjectC	sample2	chr10-79710693	125	5	5	TCTGCGCGCTCGCTCGCTCA
test	subjectC	sample2	chr11-63073531	125	5	5	TCTGCGCGCTCGCTCGCTCA
test	subjectC	sample2	chr16-58387582	125	5	5	TCTGCGCGCTCGCTCGCTCA
test	subjectC	sample2	chr2-12441629	125	5	5	TCTGCGCGCTCGCTCGCTCA
test	subjectC	sample2	chr9+126277699	125	5	5	TCTGCGCGCTCGCTCGCTCA
test	subjectC	sample2	chr7+82591672	125	5	5	TCTGCGCGCTCGCTCGCTCA
test	subjectC	sample2	chr12+68155053	125	5	5	TCTGCGCGCTCGCTCGCTCA
test	subjectC	sample2	chr8+139368047	125	5	5	TCTGCGCGCTCGCTCGCTCA
test	subjectC	sample2	chrX+62930937	125	5	5	TCTGCGCGCTCGCTCGCTCA
test	subjectC	sample2	chr11-12571657	125	5	5	TCTGCGCGCTCGCTCGCTCA
test	subjectC	sample2	chr14-60483821	125	5	5	TCTGCGCGCTCGCTCGCTCA
test	subjectC	sample2	chr4-65071578	125	5	5	TCTGCGCGCTCGCTCGCTCA
test	subjectC	sample2	chrX+102309071	125	5	5	TCTGCGCGCTCGCTCGCTCA
test	subjectC	sample2	chr11+31098163	125	5	5	TCTGCGCGCTCGCTCGCTCA
test	subjectC	sample2	chr22+18044477	125	5	5	TCTGCGCGCTCGCTCGCTCA
test	subjectC	sample2	chr4+3386269	125	5	5	TCTGCGCGCTCGCTCGCTCA
test	subjectC	sample2	chr2+23592417	125	5	5	TCTGCGCGCTCGCTCGCTCA
test	subjectC	sample2	chr15+79457789	125	5	5	TCTGCGCGCTCGCTCGCTCA
test	subjectC	sample2	chr10+16536678	125	5	5	TCTGCGCGCTCGCTCGCTCA
test	subjectC	sample2	chr14-86465792	125	5	5	TCTGCGCGCTCGCTCGCTCA
test	subjectC	sample2	chr15+53224725	125	5	5	TCTGCGCGCTCGCTCGCTCA
test	subjectC	sample2	chrX+10928256	125	5	5	TCTGCGCGCTCGCTCGCTCA
test	subjectC	sample2	chr10-115523781	125	5	5	TCTGCGCGCTCGCTCGCTCA
test	subjectC	sample2	chr1+49526443	125	5	5	TCTGCGCGCTCGCTCGCTCA
test	subjectC	sample2	chr10-84388722	125	5	5	TCTGCGCGCTCGCTCGCTCA
test	subjectC	sample2	chr16-23630889	125	5	5	TCTGCGCGCTCGCTCGCTCA
test	subjectC	sample2	chr21-18644083	125	5	5	TCTGCGCGCTCGCTCGCTCA
test	subjectC	sample2	chr5-125676978	125	5	5	TCTGCGCGCTCGCTCGCTCA
test	subjectC	sample2	chr8-101799187	125	5	5	TCTGCGCGCTCGCTCGCTCA
test	subjectC	sample2	chr20+32492921	125	5	5	TCTGCGCGCTCGCTCGCTCA
test	subjectC	sample2	chr20+1612795	125	5	5	TCTGCGCGCTCGCTCGCTCA
test	subjectC	sample2	chr14-55530684	125	5	5	TCTGCGCGCTCGCTCGCTCA
test	subjectC	sample2	chr21-36445846	125	5	5	TCTGCGCGCTCGCTCGCTCA
test	subjectC	sample2	chr10-89118412	125	5	5	TCTGCGCGCTCGCTCGCTCA
test	subjectC	sample2	chr16+55573818	125	5	5	TCTGCGCGCTCGCTCGCTCA
test	subjectC	sample2	chr1-236055948	125	5	5	TCTGCGCGCTCGCTCGCTCA
test	subjectC	sample2	chr22+15908162	125	5	5	TCTGCGCGCTCGCTCGCTCA
test	subjectC	sample2	chr15-25253106	125	5	5	TCTGCGCGCTCGCTCGCTCA
test	subjectC	sample2	chr14-55488227	125	5	5	TCTGCGCGCTCGCTCGCTCA
test	subjectC	sample2	chr4+106715040	125	5	5	TCTGCGCGCTCGCTCGCTCA
test	subjectC	sample2	chr17+79442126	125	5	5	TCTGCGCGCTCGCTCGCTCA
test	subjectC	sample2	chr9+24054751	125	5	5	TCTGCGCGCTCGCTCGCTCA
test	subjectC	sample2	chr4-168740950	125	5	5	TCTGCGCGCTCGCTCGCTCA
test	subjectC	sample2	chr4-102247589	125	5	5	TCTGCGCGCTCGCTCGCTCA
test	subjectC	sample2	chr21+5578266	125	5	5	TCTGCGCGCTCGCTCGCTCA
test	subjectC	sample2	chr21+42178560	125	5	5	TCTGCGCGCTCGCTCGCTCA
test	subjectC	sample2	chr21-36338442	125	5	5	TCTGCGCGCTCGCTCGCTCA
test	subjectC	sample2	chr9+37477008	125	5	5	TCTGCGCGCTCGCTCGCTCA
test	subjectC	sample2	chr10-90448830	125	5	5	TCTGCGCGCTCGCTCGCTCA
test	subjectC	sample2	chr16-19293281	125	5	5	TCTGCGCGCTCGCTCGCTCA
test	subjectC	sample2	chr9+123135252	125	5	5	TCTGCGCGCTCGCTCGCTCA
test	subjectC	sample2	chr6-53821776	125	5	5	TCTGCGCGCTCGCTCGCTCA
test	subjectC	sample2	chr18+30459601	125	5	5	TCTGCGCGCTCGCTCGCTCA
test	subjectC	sample2	chr21-42676319	125	5	5	TCTGCGCGCTCGCTCGCTCA
test	subjectC	sample2	chr13-104132560	125	5	5	TCTGCGCGCTCGCTCGCTCA
test	subjectC	sample2	chr10-129051174	125	5	5	TCTGCGCGCTCGCTCGCTCA
test	subjectC	sample2	chr18+59994007	125	5	5	TCTGCGCGCTCGCTCGCTCA
test	subjectC	sample2	chr7-37457582	125	5	5	TCTGCGCGCTCGCTCGCTCA
test	subjectC	sample2	chr16+55753713	125	5	5	TCTGCGCGCTCGCTCGCTCA
test	subjectC	sample2	chr14-56957079	125	5	5	TCTGCGCGCTCGCTCGCTCA
test	subjectC	sample2	chr6+28312093	125	5	5	TCTGCGCGCTCGCTCGCTCA
test	subjectC	sample2	chr14-73142301	125	5	5	TCTGCGCGCTCGCTCGCTCA
test	subjectC	sample2	chr21+26021944	125	5	5	TCTGCGCGCTCGCTCGCTCA
test	subjectC	sample2	chr10+109083264	125	5	5	TCTGCGCGCTCGCTCGCTCA
test	subjectC	sample2	chrX-59513193	125	5	5	TCTGCGCGCTCGCTCGCTCA
test	subjectC	sample2	chr9-12719187	125	5	5	TCTGCGCGCTCGCTCGCTCA
test	subjectC	sample2	chrX+143137505	125	5	5	TCTGCGCGCTCGCTCGCTCA
test	subjectC	sample2	chr11+81026682	125	5	5	TCTGCGCGCTCGCTCGCTCA
test	subjectC	sample2	chr16+10531307	125	5	5	TCTGCGCGCTCGCTCGCTCA
test	subjectC	sample2	chr14+16259855	125	5	5	TCTGCGCGCTCGCTCGCTCA
test	subjectC	sample2	chr20-3202264	125	5	5	TCTGCGCGCTCGCTCGCTCA
test	subjectC	sample2	chr13-88827738	125	5	5	TCTGCGCGCTCGCTCGCTCA
test	subjectC	sample2	chr1+233884545	125	5	5	TCTGCGCGCTCGCTCGCTCA
test	subjectC	sample2	chr18+26632501	125	5	5	TCTGCGCGCTCGCTCGCTCA
test	subjectC	sample2	chr3-155945661	125	5	5	TCTGCGCGCTCGCTCGCTCA
test	subjectC	sample2	chr21-40856781	125	5	5	TCTGCGCGCTCGCTCGCTCA
test	subjectC	sample2	chr12+62815566	125	5	5	TCTGCGCGCTCGCTCGCTCA
test	subjectC	sample2	chr11-15314217	125	5	5	TCTGCGCGCTCGCTCGCTCA
test	subjectC	sample2	chr15-75662854	125	5	5	TCTGCGCGCTCGCTCGCTCA
test	subjectC	sample2	chr1-80865797	125	5	5	TCTGCGCGCTCGCTCGCTCA
test	subjectC	sample2	chr17+58740927	125	5	5	TCTGCGCGCTCGCTCGCTCA
test	subjectC	sample2	chr10-54708098	125	5	5	TCTGCGCGCTCGCTCGCTCA
test	subjectC	sample2	chr9-5974912	125	5	5	TCTGCGCGCTCGCTCGCTCA
test	subjectC	sample2	chr22+48634546	125	5	5	TCTGCGCGCTCGCTCGCTCA
test	subjectC	sample2	chrX+37713455	125	5	5	TCTGCGCGCTCGCTCGCTCA
test	subjectC	sample2	chr14-66163888	125	5	5	TCTGCGCGCTCGCTCGCTCA
test	subjectC	sample2	chrX-139601815	125	5	5	TCTGCGCGCTCGCTCGCTCA
test	subjectC	sample2	chr16-23315911	125	5	5	TCTGCGCGCTCGCTCGCTCA
test	subjectC	sample2	chr7+81435478	125	5	5	TCTGCGCGCTCGCTCGCTCA
test	subjectC	sample2	chr13-87843262	125	5	5	TCTGCGCGCTCGCTCGCTCA
test	subjectC	sample2	chr11-99545849	125	5	5	TCTGCGCGCTCGCTCGCTCA
test	subjectC	sample2	chr19+32814543	125	5	5	TCTGCGCGCTCGCTCGCTCA
test	subjectC	sample2	chr7+30929256	125	5	5	TCTGCGCGCTCGCTCGCTCA
test	subjectC	sample2	chr15+77923954	125	5	5	TCTGCGCGCTCGCTCGCTCA
test	subjectC	sample2	chr22+14757888	125	5	5	TCTGCGCGCTCGCTCGCTCA
test	subjectC	sample2	chr15+98857765	125	5	5	TCTGCGCGCTCGCTCGCTCA
test	subjectC	sample2	chr3-88285787	125	5	5	TCTGCGCGCTCGCTCGCTCA
test	subjectC	sample2	chr18+19995875	125	5	5	TCTGCGCGCTCGCTCGCTCA
test	subjectC	sample2	chr11+59400950	125	5	5	TCTGCGCGCTCGCTCGCTCA
test	subjectC	sample2	chr8+10441006	125	5	5	TCTGCGCGCTCGCTCGCTCA
test	subjectC	sample2	chr21-10503580	125	5	5	TCTGCGCGCTCGCTCGCTCA
test	subjectC	sample2	chr9-5470115	125	5	5	TCTGCGCGCTCGCTCGCTCA
test	subjectC	sample2	chr10-118076472	125	5	5	TCTGCGCGCTCGCTCGCTCA
test	subjectC	sample2	chr21-32270526	125	5	5	TCTGCGCGCTCGCTCGCTCA
test	subjectC	sample2	chr19-25844259	125	5	5	TCTGCGCGCTCGCTCGCTCA
test	subjectC	sample2	chr2-55598234	125	5	5	TCTGCGCGCTCGCTCGCTCA
test	subjectC	sample2	chr7-154881960	125	5	5	TCTGCGCGCTCGCTCGCTCA
test	subjectC	sample2	chr8-41087182	125	5	5	TCTGCGCGCTCGCTCGCTCA
test	subjectC	sample2	chr13-73779289	125	5	5	TCTGCGCGCTCGCTCGCTCA
test	subjectC	sample2	chr9-34799811	125	5	5	TCTGCGCGCTCGCTCGCTCA
test	subjectC	sample2	chr2-192305674	125	5	5	TCTGCGCGCTCGCTCGCTCA
test	subjectC	sample2	chrX+37521970	125	5	5	TCTGCGCGCTCGCTCGCTCA
test	subjectC	sample2	chr2+78824078	125	5	5	TCTGCGCGCTCGCTCGCTCA
test	subjectC	sample2	chr13-38175550	125	5	5	TCTGCGCGCTCGCTCGCTCA
test	subjectC	sample2	chrX+57118419	125	5	5	TCTGCGCGCTCGCTCGCTCA
test	subjectC	sample2	chr3+53882077	125	5	5	TCTGCGCGCTCGCTCGCTCA
test	subjectC	sample2	chr12-117347888	125	5	5	TCTGCGCGCTCGCTCGCTCA
test	subjectC	sample2	chr20+41009404	125	5	5	TCTGCGCGCTCGCTCGCTCA
test	subjectC	sample2	chr16-24251283	125	5	5	TCTGCGCGCTCGCTCGCTCA
test	subjectC	sample2	chr15+66702484	125	5	5	TCTGCGCGCTCGCTCGCTCA
test	subjectC	sample2	chr7+127934677	125	5	5	TCTGCGCGCTCGCTCGCTCA
test	subjectC	sample2	chrX-131160200	125	5	5	TCTGCGCGCTCGCTCGCTCA
test	subjectC	sample2	chr5+88366682	125	5	5	TCTGCGCGCTCGCTCGCTCA
test	subjectC	sample2	chr8-73291070	125	5	5	TCTGCGCGCTCGCTCGCTCA
test	subjectC	sample2	chr22+42016793	125	5	5	TCTGCGCGCTCGCTCGCTCA
test	subjectC	sample2	chr20-57257401	125	5	5	TCTGCGCGCTCGCTCGCTCA
test	subjectC	sample2	chr18-34671080	125	5	5	TCTGCGCGCTCGCTCGCTCA
test	subjectC	sample2	chr1-123354354	125	5	5	TCTGCGCGCTCGCTCGCTCA
test	subjectC	sample2	chr11+42708727	125	5	5	TCTGCGCGCTCGCTCGCTCA
test	subjectC	sample2	chr5-16690376	125	5	5	TCTGCGCGCTCGCTCGCTCA
test	subjectC	sample2	chr1+67017029	125	5	5	TCTGCGCGCTCGCTCGCTCA
test	subjectC	sample2	chr16+74570056	125	5	5	TCTGCGCGCTCGCTCGCTCA
test	subjectC	sample2	chr16-25844734	125	5	5	TCTGCGCGCTCGCTCGCTCA
test	subjectC	sample2	chr16-72228196	125	5	5	TCTGCGCGCTCGCTCGCTCA
test	subjectC	sample2	chr9+98561341	125	5	5	TCTGCGCGCTCGCTCGCTCA
test	subjectC	sample2	chr10-60952115	125	5	5	TCTGCGCGCTCGCTCGCTCA
test	subjectC	sample2	chr4-145150814	125	5	5	TCTGCGCGCTCGCTCGCTCA
test	subjectC	sample2	chr5-45403951	125	5	5	TCTGCGCGCTCGCTCGCTCA
test	subjectC	sample2	chr6+42226540	125	5	5	TCTGCGCGCTCGCTCGCTCA
test	subjectC	sample2	chr14+28482899	125	5	5	TCTGCGCGCTCGCTCGCTCA
test	subjectC	sample2	chr10+105900967	125	5	5	TCTGCGCGCTCGCTCGCTCA
test	subjectC	sample2	chr5+103542601	125	5	5	TCTGCGCGCTCGCTCGCTCA
test	subjectC	sample2	chr21-31225052	125	5	5	TCTGCGCGCTCGCTCGCTCA
test	subjectC	sample2	chr16-52770932	125	5	5	TCTGCGCGCTCGCTCGCTCA
test	subjectC	sample2	chr21+28419890	125	5	5	TCTGCGCGCTCGCTCGCTCA
test	subjectC	sample2	chr6-87319426	125	5	5	TCTGCGCGCTCGCTCGCTCA
test	subjectC	sample2	chr14+24885168	125	5	5	TCTGCGCGCTCGCTCGCTCA
test	subjectC	sample2	chr17-2103352	125	5	5	TCTGCGCGCTCGCTCGCTCA
test	subjectC	sample2	chr15-93335358	125	5	5	TCTGCGCGCTCGCTCGCTCA
test	subjectC	sample2	chr22+16710540	125	5	5	TCTGCGCGCTCGCTCGCTCA
test	subjectC	sample2	chr11-16059094	125	5	5	TCTGCGCGCTCGCTCGCTCA
test	subjectC	sample2	chrX+19249501	125	5	5	TCTGCGCGCTCGCTCGCTCA
test	subjectC	sample2	chr8-22878236	125	5	5	TCTGCGCGCTCGCTCGCTCA
test	subjectC	sample2	chr2+192303002	125	5	5	TCTGCGCGCTCGCTCGCTCA
test	subjectC	sample2	chr9-84740612	125	5	5	TCTGCGCGCTCGCTCGCTCA
test	subjectC	sample2	chr15+43279335	125	5	5	TCTGCGCGCTCGCTCGCTCA
test	subjectC	sample2	chr6-86519577	125	5	5	TCTGCGCGCTCGCTCGCTCA
test	subjectC	sample2	chr1-150598984	125	5	5	TCTGCGCGCTCGCTCGCTCA
test	subjectC	sample2	chr5+13973754	125	5	5	TCTGCGCGCTCGCTCGCTCA
test	subjectC	sample2	chr15+81159029	125	5	5	TCTGCGCGCTCGCTCGCTCA
test	subjectC	sample2	chr17+67001341	125	5	5	TCTGCGCGCTCGCTCGCTCA
test	subjectC	sample2	chr22-13554803	125	5	5	TCTGCGCGCTCGCTCGCTCA
test	subjectC	sample2	chr18+40331795	125	5	5	TCTGCGCGCTCGCTCGCTCA
test	subjectC	sample2	chr17-16274473	125	5	5	TCTGCGCGCTCGCTCGCTCA
test	subjectC	sample2	chr11-113270467	125	5	5	TCTGCGCGCTCGCTCGCTCA
test	subjectC	sample2	chr11-55581345	125	5	5	TCTGCGCGCTCGCTCGCTCA
test	subjectC	sample2	chr13+85135193	125	5	5	TCTGCGCGCTCGCTCGCTCA
test	subjectC	sample2	chr21-41930587	125	5	5	TCTGCGCGCTCGCTCGCTCA
test	subjectC	sample2	chrX-15707945	125	5	5	TCTGCGCGCTCGCTCGCTCA
test	subjectC	sample2	chr17+24898377	125	5	5	TCTGCGCGCTCGCTCGCTCA
test	subjectC	sample2	chr8-73946539	125	5	5	TCTGCGCGCTCGCTCGCTCA
test	subjectC	sample2	chr2-8176125	125	5	5	TCTGCGCGCTCGCTCGCTCA
test	subjectC	sample2	chr17+47966917	125	5	5	TCTGCGCGCTCGCTCGCTCA
test	subjectC	sample2	chr1+6399859	125	5	5	TCTGCGCGCTCGCTCGCTCA
test	subjectC	sample2	chr18-15694866	125	5	5	TCTGCGCGCTCGCTCGCTCA
test	subjectC	sample2	chr8-65231241	125	5	5	TCTGCGCGCTCGCTCGCTCA
test	subjectC	sample2	chr10+86445391	125	5	5	TCTGCGCGCTCGCTCGCTCA
test	subjectC	sample2	chrX+149313216	125	5	5	TCTGCGCGCTCGCTCGCTCA
test	subjectC	sample2	chr3+42500039	125	5	5	TCTGCGCGCTCGCTCGCTCA
test	subjectC	sample2	chr19-20004010	125	5	5	TCTGCGCGCTCGCTCGCTCA
test	subjectC	sample2	chr4+146444957	125	5	5	TCTGCGCGCTCGCTCGCTCA
test	subjectC	sample2	chr1-237066560	125	5	5	TCTGCGCGCTCGCTCGCTCA
test	subjectC	sample2	chr11+98049471	125	5	5	TCTGCGCGCTCGCTCGCTCA
test	subjectC	sample2	chr21-22473989	125	5	5	TCTGCGCGCTCGCTCGCTCA
test	subjectC	sample2	chr3-3475852	125	5	5	TCTGCGCGCTCGCTCGCTCA
test	subjectC	sample2	chr12-81978816	125	5	5	TCTGCGCGCTCGCTCGCTCA
test	subjectC	sample2	chr2+239127897	125	5	5	TCTGCGCGCTCGCTCGCTCA
test	subjectC	sample2	chr13+113390225	125	5	5	TCTGCGCGCTCGCTCGCTCA
test	subjectC	sample2	chr19+30003057	125	5	5	TCTGCGCGCTCGCTCGCTCA
test	subjectC	sample2	chr1-104859607	125	5	5	TCTGCGCGCTCGCTCGCTCA
test	subjectC	sample2	chr16+33940786	125	5	5	TCTGCGCGCTCGCTCGCTCA
test	subjectC	sample2	chr11-73022221	125	5	5	TCTGCGCGCTCGCTCGCTCA
test	subjectC	sample2	chr5-164434135	125	5	5	TCTGCGCGCTCGCTCGCTCA
test	subjectC	sample2	chr8-16500847	125	5	5	TCTGCGCGCTCGCTCGCTCA
test	subjectC	sample2	chr22-24203057	125	5	5	TCTGCGCGCTCGCTCGCTCA
test	subjectC	sample2	chr14-51231030	125	5	5	TCTGCGCGCTCGCTCGCTCA
test	subjectC	sample2	chr17-16390179	125	5	5	TCTGCGCGCTCGCTCGCTCA
test	subjectC	sample2	chr10-35911135	125	5	5	TCTGCGCGCTCGCTCGCTCA
test	subjectC	sample2	chr17-30383004	125	5	5	TCTGCGCGCTCGCTCGCTCA
test	subjectC	sample2	chr20-31800904	125	5	5	TCTGCGCGCTCGCTCGCTCA
test	subjectC	sample2	chr22+26321110	125	5	5	TCTGCGCGCTCGCTCGCTCA
test	subjectC	sample2	chr21+38231824	125	5	5	TCTGCGCGCTCGCTCGCTCA
test	subjectC	sample2	chr15+73783864	125	5	5	TCTGCGCGCTCGCTCGCTCA
test	subjectC	sample2	chr9+124749793	125	5	5	TCTGCGCGCTCGCTCGCTCA
test	subjectC	sample2	chr7-133031672	125	5	5	TCTGCGCGCTCGCTCGCTCA
test	subjectC	sample2	chr19-45458272	125	5	5	TCTGCGCGCTCGCTCGCTCA
test	subjectC	sample2	chr5-42371157	125	5	5	TCTGCGCGCTCGCTCGCTCA
test	subjectC	sample2	chr22-46978360	125	5	5	TCTGCGCGCTCGCTCGCTCA
test	subjectC	sample2	chr13+83368414	125	5	5	TCTGCGCGCTCGCTCGCTCA
test	subjectC	sample2	chr2+239251996	125	5	5	TCTGCGCGCTCGCTCGCTCA
test	subjectC	sample2	chr14-79260922	125	5	5	TCTGCGCGCTCGCTCGCTCA
test	subjectC	sample2	chr3-117117516	125	5	5	TCTGCGCGCTCGCTCGCTCA
test	subjectC	sample2	chr16-53572074	125	5	5	TCTGCGCGCTCGCTCGCTCA
test	subjectC	sample2	chr20-8342717	125	5	5	TCTGCGCGCTCGCTCGCTCA
test	subjectC	sample2	chr8+121631668	125	5	5	TCTGCGCGCTCGCTCGCTCA
test	subjectC	sample2	chr8-88845848	125	5	5	TCTGCGCGCTCGCTCGCTCA
test	subjectC	sample2	chr14+51864227	125	5	5	TCTGCGCGCTCGCTCGCTCA
test	subjectC	sample2	chr10-35473924	125	5	5	TCTGCGCGCTCGCTCGCTCA
test	subjectC	sample2	chr8-107401101	125	5	5	TCTGCGCGCTCGCTCGCTCA
test	subjectC	sample2	chr9-3982908	125	5	5	TCTGCGCGCTCGCTCGCTCA
test	subjectC	sample2	chr6+146177226	125	5	5	TCTGCGCGCTCGCTCGCTCA
test	subjectC	sample2	chr7+81747704	125	5	5	TCTGCGCGCTCGCTCGCTCA
test	subjectC	sample2	chr4-12468003	125	5	5	TCTGCGCGCTCGCTCGCTCA
test	subjectC	sample2	chr2+238735406	125	5	5	TCTGCGCGCTCGCTCGCTCA
test	subjectC	sample2	chr8+49933093	125	5	5	TCTGCGCGCTCGCTCGCTCA
test	subjectC	sample2	chr19-21589971	125	5	5	TCTGCGCGCTCGCTCGCTCA
test	subjectC	sample2	chr19-53798458	125	5	5	TCTGCGCGCTCGCTCGCTCA
test	subjectC	sample2	chr20+53146910	125	5	5	TCTGCGCGCTCGCTCGCTCA
test	subjectC	sample2	chr2+70516119	125	5	5	TCTGCGCGCTCGCTCGCTCA
test	subjectC	sample2	chr22-26512536	125	5	5	TCTGCGCGCTCGCTCGCTCA
test	subjectC	sample2	chr3+146921253	125	5	5	TCTGCGCGCTCGCTCGCTCA
test	subjectC	sample2	chr9-42213837	125	5	5	TCTGCGCGCTCGCTCGCTCA
test	subjectC	sample2	chr17+72891854	125	5	5	TCTGCGCGCTCGCTCGCTCA
test	subjectC	sample2	chr5-55889832	125	5	5	TCTGCGCGCTCGCTCGCTCA
test	subjectC	sample2	chr8-71538645	125	5	5	TCTGCGCGCTCGCTCGCTCA
test	subjectC	sample2	chr18-19983280	125	5	5	TCTGCGCGCTCGCTCGCTCA
test	subjectC	sample2	chr10+55835917	125	5	5	TCTGCGCGCTCGCTCGCTCA
test	subjectC	sample2	chr6+125514750	125	5	5	TCTGCGCGCTCGCTCGCTCA
test	subjectC	sample2	chr18-4817582	125	5	5	TCTGCGCGCTCGCTCGCTCA
test	subjectC	sample2	chr19+2132833	125	5	5	TCTGCGCGCTCGCTCGCTCA
test	subjectC	sample2	chr15-67920220	125	5	5	TCTGCGCGCTCGCTCGCTCA
test	subjectC	sample2	chr7+35342712	125	5	5	TCTGCGCGCTCGCTCGCTCA
test	subjectC	sample2	chr15+92370295	125	5	5	TCTGCGCGCTCGCTCGCTCA
test	subjectC	sample2	chr21-7679090	125	5	5	TCTGCGCGCTCGCTCGCTCA
test	subjectC	sample2	chr13+68783331	125	5	5	TCTGCGCGCTCGCTCGCTCA
test	subjectC	sample2	chr4-66065811	125	5	5	TCTGCGCGCTCGCTCGCTCA
test	subjectC	sample2	chr16-30835550	125	5	5	TCTGCGCGCTCGCTCGCTCA
test	subjectC	sample2	chr10-126968698	125	5	5	TCTGCGCGCTCGCTCGCTCA
test	subjectC	sample2	chrX+90371511	125	5	5	TCTGCGCGCTCGCTCGCTCA
test	subjectC	sample2	chr3-2623353	125	5	5	TCTGCGCGCTCGCTCGCTCA
test	subjectC	sample2	chr16+63185819	125	5	5	TCTGCGCGCTCGCTCGCTCA
test	subjectC	sample2	chr5+102900575	125	5	5	TCTGCGCGCTCGCTCGCTCA
test	subjectC	sample2	chr3+165087350	125	5	5	TCTGCGCGCTCGCTCGCTCA
test	subjectC	sample2	chr16-67787573	125	5	5	TCTGCGCGCTCGCTCGCTCA
test	subjectC	sample2	chr22+29710685	125	5	5	TCTGCGCGCTCGCTCGCTCA
test	subjectC	sample2	chr11-218000	125	5	5	TCTGCGCGCTCGCTCGCTCA
test	subjectC	sample2	chr2+93701816	125	5	5	TCTGCGCGCTCGCTCGCTCA
test	subjectC	sample2	chr5+63308682	125	5	5	TCTGCGCGCTCGCTCGCTCA
test	subjectC	sample2	chr16+35882933	125	5	5	TCTGCGCGCTCGCTCGCTCA
test	subjectC	sample2	chr22+42491906	125	5	5	TCTGCGCGCTCGCTCGCTCA
test	subjectC	sample2	chr21-46153528	125	5	5	TCTGCGCGCTCGCTCGCTCA
test	subjectC	sample2	chr2+14718994	125	5	5	TCTGCGCGCTCGCTCGCTCA
test	subjectC	sample2	chr4-80648344	125	5	5	TCTGCGCGCTCGCTCGCTCA
test	subjectC	sample2	chrX+122959577	125	5	5	TCTGCGCGCTCGCTCGCTCA
test	subjectC	sample2	chr11-81865874	125	5	5	TCTGCGCGCTCGCTCGCTCA
test	subjectC	sample2	chr6-99904705	125	5	5	TCTGCGCGCTCGCTCGCTCA
test	subjectC	sample2	chr1+178670539	125	5	5	TCTGCGCGCTCGCTCGCTCA
test	subjectC	sample2	chr22-15275374	125	5	5	TCTGCGCGCTCGCTCGCTCA
test	subjectC	sample2	chr22+15324673	125	5	5	TCTGCGCGCTCGCTCGCTCA
test	subjectC	sample2	chr2-226582603	125	5	5	TCTGCGCGCTCGCTCGCTCA
test	subjectC	sample2	chr16+4875197	125	5	5	TCTGCGCGCTCGCTCGCTCA
test	subjectC	sample2	chr10+25955148	125	5	5	TCTGCGCGCTCGCTCGCTCA
test	subjectC	sample2	chrX+144307484	125	5	5	TCTGCGCGCTCGCTCGCTCA
test	subjectC	sample2	chr3-145989048	125	5	5	TCTGCGCGCTCGCTCGCTCA
test	subjectC	sample2	chr12-98188432	125	5	5	TCTGCGCGCTCGCTCGCTCA
test	subjectC	sample2	chr22+22116876	125	5	5	TCTGCGCGCTCGCTCGCTCA
test	subjectC	sample2	chr1+53924297	125	5	5	TCTGCGCGCTCGCTCGCTCA
test	subjectC	sample2	chr5-60179128	125	5	5	TCTGCGCGCTCGCTCGCTCA
test	subjectC	sample2	chr6+166173271	125	5	5	TCTGCGCGCTCGCTCGCTCA
test	subjectC	sample2	chr4+158761528	125	5	5	TCTGCGCGCTCGCTCGCTCA
test	subjectC	sample2	chr14+69980879	125	5	5	TCTGCGCGCTCGCTCGCTCA
test	subjectC	sample2	chr10+83627772	125	5	5	TCTGCGCGCTCGCTCGCTCA
test	subjectC	sample2	chr1+115131116	125	5	5	TCTGCGCGCTCGCTCGCTCA
test	subjectC	sample2	chr15+21303541	125	5	5	TCTGCGCGCTCGCTCGCTCA
test	subjectC	sample2	chr10+45166704	125	5	5	TCTGCGCGCTCGCTCGCTCA
test	subjectC	sample2	chr9+11007674	125	5	5	TCTGCGCGCTCGCTCGCTCA
test	subjectC	sample2	chr16+64730743	125	5	5	TCTGCGCGCTCGCTCGCTCA
test	subjectC	sample2	chr9-5780415	125	5	5	TCTGCGCGCTCGCTCGCTCA
test	subjectC	sample2	chr19-41269758	125	5	5	TCTGCGCGCTCGCTCGCTCA
test	subjectC	sample2	chrX-56112644	125	5	5	TCTGCGCGCTCGCTCGCTCA
test	subjectC	sample2	chr19-18040970	125	5	5	TCTGCGCGCTCGCTCGCTCA
test	subjectC	sample2	chr17-62036651	125	5	5	TCTGCGCGCTCGCTCGCTCA
test	subjectC	sample2	chr7+149959017	125	5	5	TCTGCGCGCTCGCTCGCTCA
test	subjectC	sample2	chr7+114838135	125	5	5	TCTGCGCGCTCGCTCGCTCA
test	subjectC	sample2	chr22-39406187	125	5	5	TCTGCGCGCTCGCTCGCTCA
test	subjectC	sample2	chr1+47200002	125	5	5	TCTGCGCGCTCGCTCGCTCA
test	subjectC	sample2	chr15+62980074	125	5	5	TCTGCGCGCTCGCTCGCTCA
test	subjectC	sample2	chr14-96326550	125	5	5	TCTGCGCGCTCGCTCGCTCA
test	subjectC	sample2	chr6-79305914	125	5	5	TCTGCGCGCTCGCTCGCTCA
test	subjectC	sample2	chr9+107379501	125	5	5	TCTGCGCGCTCGCTCGCTCA
test	subjectC	sample2	chr9+123062008	125	5	5	TCTGCGCGCTCGCTCGCTCA
test	subjectC	sample2	chr5-8929775	125	5	5	TCTGCGCGCTCGCTCGCTCA
test	subjectC	sample2	chr16+38006546	125	5	5	TCTGCGCGCTCGCTCGCTCA
test	subjectC	sample2	chr6-33790258	125	5	5	TCTGCGCGCTCGCTCGCTCA
test	subjectC	sample2	chr2+228569871	125	5	5	TCTGCGCGCTCGCTCGCTCA
test	subjectC	sample2	chr3+44386756	125	5	5	TCTGCGCGCTCGCTCGCTCA
test	subjectC	sample2	chr11+43860216	125	5	5	TCTGCGCGCTCGCTCGCTCA
test	subjectC	sample2	chr10-66010936	125	5	5	TCTGCGCGCTCGCTCGCTCA
test	subjectC	sample2	chr14-65082789	125	5	5	TCTGCGCGCTCGCTCGCTCA
test	subjectC	sample2	chr2-188961323	125	5	5	TCTGCGCGCTCGCTCGCTCA
test	subjectC	sample2	chr5-24763962	125	5	5	TCTGCGCGCTCGCTCGCTCA
test	subjectC	sample2	chr17+65300895	125	5	5	TCTGCGCGCTCGCTCGCTCA
test	subjectC	sample2	chr19-18145983	125	5	5	TCTGCGCGCTCGCTCGCTCA
test	subjectC	sample2	chr1+167462382	125	5	5	TCTGCGCGCTCGCTCGCTCA
test	subjectC	sample2	chr2+128580273	125	5	5	TCTGCGCGCTCGCTCGCTCA
test	subjectC	sample2	chr14+59374835	125	5	5	TCTGCGCGCTCGCTCGCTCA
test	subjectC	sample2	chr5-147978206	125	5	5	TCTGCGCGCTCGCTCGCTCA
test	subjectC	sample2	chr13-32533493	125	5	5	TCTGCGCGCTCGCTCGCTCA
test	subjectC	sample2	chr15-34246520	125	5	5	TCTGCGCGCTCGCTCGCTCA
test	subjectC	sample2	chr22+23990810	125	5	5	TCTGCGCGCTCGCTCGCTCA
test	subjectC	sample2	chr22-21663467	125	5	5	TCTGCGCGCTCGCTCGCTCA
test	subjectC	sample2	chr4-115581389	125	5	5	TCTGCGCGCTCGCTCGCTCA
test	subjectC	sample2	chr13+88323551	125	5	5	TCTGCGCGCTCGCTCGCTCA
test	subjectC	sample2	chr22+27529984	125	5	5	TCTGCGCGCTCGCTCGCTCA
test	subjectC	sample2	chr4+108461669	125	5	5	TCTGCGCGCTCGCTCGCTCA
test	subjectC	sample2	chr14-57022200	125	5	5	TCTGCGCGCTCGCTCGCTCA
test	subjectC	sample2	chr5-46744633	125	5	5	TCTGCGCGCTCGCTCGCTCA
test	subjectC	sample2	chr17-23833094	125	5	5	TCTGCGCGCTCGCTCGCTCA
test	subjectC	sample2	chr12-106317898	125	5	5	TCTGCGCGCTCGCTCGCTCA
test	subjectC	sample2	chr17-57677168	125	5	5	TCTGCGCGCTCGCTCGCTCA
test	subjectC	sample2	chr19-35964954	125	5	5	TCTGCGCGCTCGCTCGCTCA
test	subjectC	sample2	chr21-41406029	125	5	5	TCTGCGCGCTCGCTCGCTCA
test	subjectC	sample2	chr21+41652295	125	5	5	TCTGCGCGCTCGCTCGCTCA
test	subjectC	sample2	chr3-74174183	125	5	5	TCTGCGCGCTCGCTCGCTCA
test	subjectC	sample2	chr8-21665277	125	5	5	TCTGCGCGCTCGCTCGCTCA
test	subjectC	sample2	chr22+49450301	125	5	5	TCTGCGCGCTCGCTCGCTCA
test	subjectC	sample2	chr17+32656769	125	5	5	TCTGCGCGCTCGCTCGCTCA
test	subjectC	sample2	chr22+41388613	125	5	5	TCTGCGCGCTCGCTCGCTCA
test	subjectC	sample2	chr1-229885081	125	5	5	TCTGCGCGCTCGCTCGCTCA
test	subjectC	sample2	chr11-104915347	125	5	5	TCTGCGCGCTCGCTCGCTCA
test	subjectC	sample2	chr11+33944815	125	5	5	TCTGCGCGCTCGCTCGCTCA
test	subjectC	sample2	chr19+7727189	125	5	5	TCTGCGCGCTCGCTCGCTCA
test	subjectC	sample2	chr4-182867160	125	5	5	TCTGCGCGCTCGCTCGCTCA
test	subjectC	sample2	chr9-28614411	125	5	5	TCTGCGCGCTCGCTCGCTCA
test	subjectC	sample2	chr1+224537487	125	5	5	TCTGCGCGCTCGCTCGCTCA
test	subjectC	sample2	chr6-125964481	125	5	5	TCTGCGCGCTCGCTCGCTCA
test	subjectC	sample2	chr3+122751921	125	5	5	TCTGCGCGCTCGCTCGCTCA
test	subjectC	sample2	chr12+99594252	125	5	5	TCTGCGCGCTCGCTCGCTCA
test	subjectC	sample2	chr22-17829110	125	5	5	TCTGCGCGCTCGCTCGCTCA
test	subjectC	sample2	chr10+65834731	125	5	5	TCTGCGCGCTCGCTCGCTCA
test	subjectC	sample2	chr15+37636757	125	5	5	TCTGCGCGCTCGCTCGCTCA
test	subjectC	sample2	chr3-98295000	125	5	5	TCTGCGCGCTCGCTCGCTCA
test	subjectC	sample2	chr7-104991313	125	5	5	TCTGCGCGCTCGCTCGCTCA
test	subjectC	sample2	chr21+31843623	125	5	5	TCTGCGCGCTCGCTCGCTCA
test	subjectC	sample2	chr5+93679582	125	5	5	TCTGCGCGCTCGCTCGCTCA
test	subjectC	sample2	chr7-50159933	125	5	5	TCTGCGCGCTCGCTCGCTCA
test	subjectC	sample2	chr17-14677960	125	5	5	TCTGCGCGCTCGCTCGCTCA
test	subjectC	sample2	chr6-22541939	125	5	5	TCTGCGCGCTCGCTCGCTCA
test	subjectC	sample2	chr7-33827933	125	5	5	TCTGCGCGCTCGCTCGCTCA
test	subjectC	sample2	chr7-158648611	125	5	5	TCTGCGCGCTCGCTCGCTCA
test	subjectC	sample2	chr17+10493116	125	5	5	TCTGCGCGCTCGCTCGCTCA
test	subjectC	sample2	chr22-10673314	125	5	5	TCTGCGCGCTCGCTCGCTCA
test	subjectC	sample2	chr7-125727179	125	5	5	TCTGCGCGCTCGCTCGCTCA
test	subjectC	sample2	chr22+46213755	125	5	5	TCTGCGCGCTCGCTCGCTCA
test	subjectC	sample2	chr2+226994862	125	5	5	TCTGCGCGCTCGCTCGCTCA
test	subjectC	sample2	chr4-147014224	125	5	5	TCTGCGCGCTCGCTCGCTCA
test	subjectC	sample2	chr7-129358537	125	5	5	TCTGCGCGCTCGCTCGCTCA
test	subjectC	sample2	chr5-130627500	125	5	5	TCTGCGCGCTCGCTCGCTCA
test	subjectC	sample2	chr9-110309936	125	5	5	TCTGCGCGCTCGCTCGCTCA
test	subjectC	sample2	chr10-26654305	125	5	5	TCTGCGCGCTCGCTCGCTCA
test	subjectC	sample2	chr16-16983306	125	5	5	TCTGCGCGCTCGCTCGCTCA
test	subjectC	sample2	chr12+58320527	125	5	5	TCTGCGCGCTCGCTCGCTCA
test	subjectC	sample2	chr6+12710598	125	5	5	TCTGCGCGCTCGCTCGCTCA
test	subjectC	sample2	chr20-11980580	125	5	5	TCTGCGCGCTCGCTCGCTCA
test	subjectC	sample2	chr7+63254332	125	5	5	TCTGCGCGCTCGCTCGCTCA
test	subjectC	sample2	chr13+107570189	125	5	5	TCTGCGCGCTCGCTCGCTCA
test	subjectC	sample2	chr2+137057319	125	5	5	TCTGCGCGCTCGCTCGCTCA
test	subjectC	sample2	chr21+9853058	125	5	5	TCTGCGCGCTCGCTCGCTCA
test	subjectC	sample2	chr12-112217565	125	5	5	TCTGCGCGCTCGCTCGCTCA
test	subjectC	sample2	chr22+17170494	125	5	5	TCTGCGCGCTCGCTCGCTCA
test	subjectC	sample2	chr4+109517191	125	5	5	TCTGCGCGCTCGCTCGCTCA
test	subjectC	sample2	chr22+30142306	125	5	5	TCTGCGCGCTCGCTCGCTCA
test	subjectC	sample3	chr4-34631560	125	5	5	TCTGCGCGCTCGCTCGCTCA
test	subjectC	sample3	chr12+85627547	125	5	5	TCTGCGCGCTCGCTCGCTCA
test	subjectC	sample3	chr15-38100180	125	5	5	TCTGCGCGCTCGCTCGCTCA
test	subjectC	sample3	chr7-155583470	125	5	5	TCTGCGCGCTCGCTCGCTCA
test	subjectC	sample3	chr14+35364850	125	5	5	TCTGCGCGCTCGCTCGCTCA
test	subjectC	sample3	chr1-26111253	125	5	5	TCTGCGCGCTCGCTCGCTCA
test	subjectC	sample3	chr9-106309370	125	5	5	TCTGCGCGCTCGCTCGCTCA
test	subjectC	sample3	chr20+38377846	125	5	5	TCTGCGCGCTCGCTCGCTCA
test	subjectC	sample3	chr12+19900970	125	5	5	TCTGCGCGCTCGCTCGCTCA
test	subjectC	sample3	chr14+73180191	125	5	5	TCTGCGCGCTCGCTCGCTCA
test	subjectC	sample3	chrX+144996408	125	5	5	TCTGCGCGCTCGCTCGCTCA
test	subjectC	sample3	chr19+29437799	125	5	5	TCTGCGCGCTCGCTCGCTCA
test	subjectC	sample3	chr19-4508445	125	5	5	TCTGCGCGCTCGCTCGCTCA
test	subjectC	sample3	chr13-57748237	125	5	5	TCTGCGCGCTCGCTCGCTCA
test	subjectC	sample3	chr18+44045297	125	5	5	TCTGCGCGCTCGCTCGCTCA
test	subjectC	sample3	chr18+48898873	125	5	5	TCTGCGCGCTCGCTCGCTCA
test	subjectC	sample3	chr18+17228781	125	5	5	TCTGCGCGCTCGCTCGCTCA
test	subjectC	sample3	chr11+132218961	125	5	5	TCTGCGCGCTCGCTCGCTCA
test	subjectC	sample3	chr6-139889299	125	5	5	TCTGCGCGCTCGCTCGCTCA
test	subjectC	sample3	chr20-35574552	125	5	5	TCTGCGCGCTCGCTCGCTCA
test	subjectC	sample3	chr8+123353492	125	5	5	TCTGCGCGCTCGCTCGCTCA
test	subjectC	sample3	chr7-105456173	125	5	5	TCTGCGCGCTCGCTCGCTCA
test	subjectC	sample3	chr2-189572818	125	5	5	TCTGCGCGCTCGCTCGCTCA
test	subjectC	sample3	chr2+12524353	125	5	5	TCTGCGCGCTCGCTCGCTCA
test	subjectC	sample3	chr8-36667108	125	5	5	TCTGCGCGCTCGCTCGCTCA
test	subjectC	sample3	chr21+11314878	125	5	5	TCTGCGCGCTCGCTCGCTCA
test	subjectC	sample3	chr18-42521596	125	5	5	TCTGCGCGCTCGCTCGCTCA
test	subjectC	sample3	chr4+28562333	125	5	5	TCTGCGCGCTCGCTCGCTCA
test	subjectC	sample3	chr14-22079905	125	5	5	TCTGCGCGCTCGCTCGCTCA
test	subjectC	sample3	chr13+54262403	125	5	5	TCTGCGCGCTCGCTCGCTCA
test	subjectC	sample3	chr13-88265556	125	5	5	TCTGCGCGCTCGCTCGCTCA
test	subjectC	sample3	chr3-102099615	125	5	5	TCTGCGCGCTCGCTCGCTCA
test	subjectC	sample3	chr4-151174638	125	5	5	TCTGCGCGCTCGCTCGCTCA
test	subjectC	sample3	chr2-4148849	125	5	5	TCTGCGCGCTCGCTCGCTCA
test	subjectC	sample3	chr12+122025265	125	5	5	TCTGCGCGCTCGCTCGCTCA
test	subjectC	sample3	chr3-188986859	125	5	5	TCTGCGCGCTCGCTCGCTCA
test	subjectC	sample3	chr15-85138260	125	5	5	TCTGCGCGCTCGCTCGCTCA
test	subjectC	sample3	chr20+15923155	125	5	5	TCTGCGCGCTCGCTCGCTCA
test	subjectC	sample3	chr18+42976201	125	5	5	TCTGCGCGCTCGCTCGCTCA
test	subjectC	sample3	chr19-29753856	125	5	5	TCTGCGCGCTCGCTCGCTCA
test	subjectC	sample3	chr14+93807651	125	5	5	TCTGCGCGCTCGCTCGCTCA
test	subjectC	sample3	chr4-154549131	125	5	5	TCTGCGCGCTCGCTCGCTCA
test	subjectC	sample3	chr6-134294755	125	5	5	TCTGCGCGCTCGCTCGCTCA
test	subjectC	sample3	chr14-16496756	125	5	5	TCTGCGCGCTCGCTCGCTCA
test	subjectC	sample3	chr1+82500010	125	5	5	TCTGCGCGCTCGCTCGCTCA
test	subjectC	sample3	chr4-100790622	125	5	5	TCTGCGCGCTCGCTCGCTCA
test	subjectC	sample3	chr19-26337604	125	5	5	TCTGCGCGCTCGCTCGCTCA
test	subjectC	sample3	chr6+122135793	125	5	5	TCTGCGCGCTCGCTCGCTCA
test	subjectC	sample3	chr7-158386661	125	5	5	TCTGCGCGCTCGCTCGCTCA
test	subjectC	sample3	chr16+1776588	125	5	5	TCTGCGCGCTCGCTCGCTCA
test	subjectC	sample3	chr5-131350811	125	5	5	TCTGCGCGCTCGCTCGCTCA
test	subjectC	sample3	chr18+73059707	125	5	5	TCTGCGCGCTCGCTCGCTCA
test	subjectC	sample3	chr17+830862	125	5	5	TCTGCGCGCTCGCTCGCTCA
test	subjectC	sample3	chr6-16378751	125	5	5	TCTGCGCGCTCGCTCGCTCA
test	subjectC	sample3	chr6+75986720	125	5	5	TCTGCGCGCTCGCTCGCTCA
test	subjectC	sample3	chr17-56409012	125	5	5	TCTGCGCGCTCGCTCGCTCA
test	subjectC	sample3	chr10-44581949	125	5	5	TCTGCGCGCTCGCTCGCTCA
test	subjectC	sample3	chr1-12824226	125	5	5	TCTGCGCGCTCGCTCGCTCA
test	subjectC	sample3	chr15+18611444	125	5	5	TCTGCGCGCTCGCTCGCTCA
test	subjectC	sample3	chr7+84614650	125	5	5	TCTGCGCGCTCGCTCGCTCA
test	subjectC	sample3	chr4-175547864	125	5	5	TCTGCGCGCTCGCTCGCTCA
test	subjectC	sample3	chr13+100148204	125	5	5	TCTGCGCGCTCGCTCGCTCA
test	subjectC	sample3	chr8-39875067	125	5	5	TCTGCGCGCTCGCTCGCTCA
test	subjectC	sample3	chrX+99239505	125	5	5	TCTGCGCGCTCGCTCGCTCA
test	subjectC	sample3	chr5-70832520	125	5	5	TCTGCGCGCTCGCTCGCTCA
test	subjectC	sample3	chr9-28110800	125	5	5	TCTGCGCGCTCGCTCGCTCA
test	subjectC	sample3	chr16+49301024	125	5	5	TCTGCGCGCTCGCTCGCTCA
test	subjectC	sample3	chr20-32965306	125	5	5	TCTGCGCGCTCGCTCGCTCA
test	subjectC	sample3	chr10-26972217	125	5	5	TCTGCGCGCTCGCTCGCTCA
test	subjectC	sample3	chrX+28636071	125	5	5	TCTGCGCGCTCGCTCGCTCA
test	subjectC	sample3	chr9+95071110	125	5	5	TCTGCGCGCTCGCTCGCTCA
test	subjectC	sample3	chr17-34258923	125	5	5	TCTGCGCGCTCGCTCGCTCA
test	subjectC	sample3	chr17+20409378	125	5	5	TCTGCGCGCTCGCTCGCTCA
test	subjectC	sample3	chr12-87864184	125	5	5	TCTGCGCGCTCGCTCGCTCA
test	subjectC	sample3	chr22+27343038	125	5	5	TCTGCGCGCTCGCTCGCTCA
test	subjectC	sample3	chr14+78136830	125	5	5	TCTGCGCGCTCGCTCGCTCA
test	subjectC	sample3	chr16+82554835	125	5	5	TCTGCGCGCTCGCTCGCTCA
test	subjectC	sample3	chr19+18162900	125	5	5	TCTGCGCGCTCGCTCGCTCA
test	subjectC	sample3	chr2+74351731	125	5	5	TCTGCGCGCTCGCTCGCTCA
test	subjectC	sample3	chr17-6735885	125	5	5	TCTGCGCGCTCGCTCGCTCA
test	subjectC	sample3	chr9-130695089	125	5	5	TCTGCGCGCTCGCTCGCTCA
test	subjectC	sample3	chr14-19458285	125	5	5	TCTGCGCGCTCGCTCGCTCA
test	subjectC	sample3	chr12-61966115	125	5	5	TCTGCGCGCTCGCTCGCTCA
test	subjectC	sample3	chr13+63714070	125	5	5	TCTGCGCGCTCGCTCGCTCA
test	subjectC	sample3	chr15-71076947	125	5	5	TCTGCGCGCTCGCTCGCTCA
test	subjectC	sample3	chr14+72883723	125	5	5	TCTGCGCGCTCGCTCGCTCA
test	subjectC	sample3	chrX+31000378	125	5	5	TCTGCGCGCTCGCTCGCTCA
test	subjectC	sample3	chr12-112309715	125	5	5	TCTGCGCGCTCGCTCGCTCA
test	subjectC	sample3	chr5-145219920	125	5	5	TCTGCGCGCTCGCTCGCTCA
test	subjectC	sample3	chr17+62538004	125	5	5	TCTGCGCGCTCGCTCGCTCA
test	subjectC	sample3	chr22-25671734	125	5	5	TCTGCGCGCTCGCTCGCTCA
test	subjectC	sample3	chr4+71544047	125	5	5	TCTGCGCGCTCGCTCGCTCA
test	subjectC	sample3	chr21+34397465	125	5	5	TCTGCGCGCTCGCTCGCTCA
test	subjectC	sample3	chr15+78060967	125	5	5	TCTGCGCGCTCGCTCGCTCA
test	subjectC	sample3	chr10-35941466	125	5	5	TCTGCGCGCTCGCTCGCTCA
test	subjectC	sample3	chr15+86908668	125	5	5	TCTGCGCGCTCGCTCGCTCA
test	subjectC	sample3	chr15+67142419	125	5	5	TCTGCGCGCTCGCTCGCTCA
test	subjectC	sample3	chr14+63170713	125	5	5	TCTGCGCGCTCGCTCGCTCA
test	subjectC	sample3	chr4-100289072	125	5	5	TCTGCGCGCTCGCTCGCTCA
test	subjectC	sample3	chr16-946719	125	5	5	TCTGCGCGCTCGCTCGCTCA
test	subjectC	sample3	chr5+144481136	125	5	5	TCTGCGCGCTCGCTCGCTCA
test	subjectC	sample3	chr10-15072183	125	5	5	TCTGCGCGCTCGCTCGCTCA
test	subjectC	sample3	chr5+63274165	125	5	5	TCTGCGCGCTCGCTCGCTCA
test	subjectC	sample3	chr8-45365753	125	5	5	TCTGCGCGCTCGCTCGCTCA
test	subjectC	sample3	chr7+4670514	125	5	5	TCTGCGCGCTCGCTCGCTCA
test	subjectC	sample3	chr22+33991855	125	5	5	TCTGCGCGCTCGCTCGCTCA
test	subjectC	sample3	chr9+118540739	125	5	5	TCTGCGCGCTCGCTCGCTCA
test	subjectC	sample3	chr15+85208061	125	5	5	TCTGCGCGCTCGCTCGCTCA
test	subjectC	sample3	chr8+123782882	125	5	5	TCTGCGCGCTCGCTCGCTCA
test	subjectC	sample3	chr16-86086118	125	5	5	TCTGCGCGCTCGCTCGCTCA
test	subjectC	sample3	chr18-68638656	125	5	5	TCTGCGCGCTCGCTCGCTCA
test	subjectC	sample3	chr1-115506803	125	5	5	TCTGCGCGCTCGCTCGCTCA
test	subjectC	sample3	chr3+50710457	125	5	5	TCTGCGCGCTCGCTCGCTCA
test	subjectC	sample3	chr15+100597640	125	5	5	TCTGCGCGCTCGCTCGCTCA
test	subjectC	sample3	chr17+37486453	125	5	5	TCTGCGCGCTCGCTCGCTCA
test	subjectC	sample3	chr18+67063052	125	5	5	TCTGCGCGCTCGCTCGCTCA
test	subjectC	sample3	chr20+18138490	125	5	5	TCTGCGCGCTCGCTCGCTCA
test	subjectC	sample3	chr4-40295105	125	5	5	TCTGCGCGCTCGCTCGCTCA
test	subjectC	sample3	chr22+46857278	125	5	5	TCTGCGCGCTCGCTCGCTCA
test	subjectC	sample3	chr2+162330259	125	5	5	TCTGCGCGCTCGCTCGCTCA
test	subjectC	sample3	chr18+48580869	125	5	5	TCTGCGCGCTCGCTCGCTCA
test	subjectC	sample3	chr11-13348817	125	5	5	TCTGCGCGCTCGCTCGCTCA
test	subjectC	sample3	chr11+87238986	125	5	5	TCTGCGCGCTCGCTCGCTCA
test	subjectC	sample3	chr7-47736621	125	5	5	TCTGCGCGCTCGCTCGCTCA
test	subjectC	sample3	chr6-160913614	125	5	5	TCTGCGCGCTCGCTCGCTCA
test	subjectC	sample3	chr10+132627408	125	5	5	TCTGCGCGCTCGCTCGCTCA
test	subjectC	sample3	chr18+78385659	125	5	5	TCTGCGCGCTCGCTCGCTCA
test	subjectC	sample3	chr16-15677699	125	5	5	TCTGCGCGCTCGCTCGCTCA
test	subjectC	sample3	chr9+23849243	125	5	5	TCTGCGCGCTCGCTCGCTCA
test	subjectC	sample3	chr22-37951385	125	5	5	TCTGCGCGCTCGCTCGCTCA
test	subjectC	sample3	chr20-57303653	125	5	5	TCTGCGCGCTCGCTCGCTCA
test	subjectC	sample3	chrX+1538823	125	5	5	TCTGCGCGCTCGCTCGCTCA
test	subjectC	sample3	chr15-53775319	125	5	5	TCTGCGCGCTCGCTCGCTCA
test	subjectC	sample3	chr1-186077402	125	5	5	TCTGCGCGCTCGCTCGCTCA
test	subjectC	sample3	chr9+107413084	125	5	5	TCTGCGCGCTCGCTCGCTCA
test	subjectC	sample3	chr15-80560631	125	5	5	TCTGCGCGCTCGCTCGCTCA
test	subjectC	sample3	chr8-56813820	125	5	5	TCTGCGCGCTCGCTCGCTCA
test	subjectC	sample3	chr6+88605473	125	5	5	TCTGCGCGCTCGCTCGCTCA
test	subjectC	sample3	chr12+47322808	125	5	5	TCTGCGCGCTCGCTCGCTCA
test	subjectC	sample3	chr15+41482507	125	5	5	TCTGCGCGCTCGCTCGCTCA
test	subjectC	sample3	chr22-15791765	125	5	5	TCTGCGCGCTCGCTCGCTCA
test	subjectC	sample3	chr12-75648117	125	5	5	TCTGCGCGCTCGCTCGCTCA
test	subjectC	sample3	chr15+81277401	125	5	5	TCTGCGCGCTCGCTCGCTCA
test	subjectC	sample3	chr3+129439063	125	5	5	TCTGCGCGCTCGCTCGCTCA
test	subjectC	sample3	chr4+18697113	125	5	5	TCTGCGCGCTCGCTCGCTCA
test	subjectC	sample3	chr13-65528051	125	5	5	TCTGCGCGCTCGCTCGCTCA
test	subjectC	sample3	chr12+91326010	125	5	5	TCTGCGCGCTCGCTCGCTCA
test	subjectC	sample3	chr14+102783905	125	5	5	TCTGCGCGCTCGCTCGCTCA
test	subjectC	sample3	chr18+79134213	125	5	5	TCTGCGCGCTCGCTCGCTCA
test	subjectC	sample3	chr1-17034594	125	5	5	TCTGCGCGCTCGCTCGCTCA
test	subjectC	sample3	chr21+44413954	125	5	5	TCTGCGCGCTCGCTCGCTCA
test	subjectC	sample3	chr22+26225559	125	5	5	TCTGCGCGCTCGCTCGCTCA
test	subjectC	sample3	chrX+33878420	125	5	5	TCTGCGCGCTCGCTCGCTCA
test	subjectC	sample3	chr6-9893810	125	5	5	TCTGCGCGCTCGCTCGCTCA
test	subjectC	sample3	chr17+5222730	125	5	5	TCTGCGCGCTCGCTCGCTCA
test	subjectC	sample3	chr8-40364478	125	5	5	TCTGCGCGCTCGCTCGCTCA
test	subjectC	sample3	chr20+3183874	125	5	5	TCTGCGCGCTCGCTCGCTCA
test	subjectC	sample3	chr19+43812805	125	5	5	TCTGCGCGCTCGCTCGCTCA
test	subjectC	sample3	chr11-101846285	125	5	5	TCTGCGCGCTCGCTCGCTCA
test	subjectC	sample3	chr2+31137168	125	5	5	TCTGCGCGCTCGCTCGCTCA
test	subjectC	sample3	chr15-30620987	125	5	5	TCTGCGCGCTCGCTCGCTCA
test	subjectC	sample3	chr15-81601809	125	5	5	TCTGCGCGCTCGCTCGCTCA
test	subjectC	sample3	chr21+16372267	125	5	5	TCTGCGCGCTCGCTCGCTCA
test	subjectC	sample3	chr20+6732456	125	5	5	TCTGCGCGCTCGCTCGCTCA
test	subjectC	sample3	chr19+13026440	125	5	5	TCTGCGCGCTCGCTCGCTCA
test	subjectC	sample3	chr18-11346701	125	5	5	TCTGCGCGCTCGCTCGCTCA
test	subjectC	sample3	chr16-46732049	125	5	5	TCTGCGCGCTCGCTCGCTCA
test	subjectC	sample3	chr21+29878026	125	5	5	TCTGCGCGCTCGCTCGCTCA
test	subjectC	sample3	chr6-152110488	125	5	5	TCTGCGCGCTCGCTCGCTCA
test	subjectC	sample3	chr2+179412255	125	5	5	TCTGCGCGCTCGCTCGCTCA
test	subjectC	sample3	chr15-77889751	125	5	5	TCTGCGCGCTCGCTCGCTCA
test	subjectC	sample3	chr16+84922744	125	5	5	TCTGCGCGCTCGCTCGCTCA
test	subjectC	sample3	chr6+123342498	125	5	5	TCTGCGCGCTCGCTCGCTCA
test	subjectC	sample3	chr8+24554505	125	5	5	TCTGCGCGCTCGCTCGCTCA
test	subjectC	sample3	chr7+67628770	125	5	5	TCTGCGCGCTCGCTCGCTCA
test	subjectC	sample3	chr14+57822243	125	5	5	TCTGCGCGCTCGCTCGCTCA
test	subjectC	sample3	chr6-8248799	125	5	5	TCTGCGCGCTCGCTCGCTCA
test	subjectC	sample3	chr4-155960102	125	5	5	TCTGCGCGCTCGCTCGCTCA
test	subjectC	sample3	chr7-97040600	125	5	5	TCTGCGCGCTCGCTCGCTCA
test	subjectC	sample3	chr9-127308884	125	5	5	TCTGCGCGCTCGCTCGCTCA
test	subjectC	sample3	chr16-86484570	125	5	5	TCTGCGCGCTCGCTCGCTCA
test	subjectC	sample3	chr17-39399165	125	5	5	TCTGCGCGCTCGCTCGCTCA
test	subjectC	sample3	chr3-103657184	125	5	5	TCTGCGCGCTCGCTCGCTCA
test	subjectC	sample3	chr13-46875000	125	5	5	TCTGCGCGCTCGCTCGCTCA
test	subjectC	sample3	chr4+159041748	125	5	5	TCTGCGCGCTCGCTCGCTCA
test	subjectC	sample3	chr7+110958271	125	5	5	TCTGCGCGCTCGCTCGCTCA
test	subjectC	sample3	chr13+98192170	125	5	5	TCTGCGCGCTCGCTCGCTCA
test	subjectC	sample3	chr5+14757636	125	5	5	TCTGCGCGCTCGCTCGCTCA
test	subjectC	sample3	chr22+28188431	125	5	5	TCTGCGCGCTCGCTCGCTCA
test	subjectC	sample3	chr7+137419629	125	5	5	TCTGCGCGCTCGCTCGCTCA
test	subjectC	sample3	chr11+90255448	125	5	5	TCTGCGCGCTCGCTCGCTCA
test	subjectC	sample3	chr11-28749765	125	5	5	TCTGCGCGCTCGCTCGCTCA
test	subjectC	sample3	chr17+40561971	125	5	5	TCTGCGCGCTCGCTCGCTCA
test	subjectC	sample3	chr19+846652	125	5	5	TCTGCGCGCTCGCTCGCTCA
test	subjectC	sample3	chr21-16166480	125	5	5	TCTGCGCGCTCGCTCGCTCA
test	subjectC	sample3	chr16-37910535	125	5	5	TCTGCGCGCTCGCTCGCTCA
test	subjectC	sample3	chr19+3266389	125	5	5	TCTGCGCGCTCGCTCGCTCA
test	subjectC	sample3	chr18-409737	125	5	5	TCTGCGCGCTCGCTCGCTCA
test	subjectC	sample3	chr13+74234508	125	5	5	TCTGCGCGCTCGCTCGCTCA
test	subjectC	sample3	chr17-62542049	125	5	5	TCTGCGCGCTCGCTCGCTCA
test	subjectC	sample3	chr10-77461340	125	5	5	TCTGCGCGCTCGCTCGCTCA
test	subjectC	sample3	chr20-5049597	125	5	5	TCTGCGCGCTCGCTCGCTCA
test	subjectC	sample3	chr8+33879868	125	5	5	TCTGCGCGCTCGCTCGCTCA
test	subjectC	sample3	chr20-63049936	125	5	5	TCTGCGCGCTCGCTCGCTCA
test	subjectC	sample3	chr5-97830463	125	5	5	TCTGCGCGCTCGCTCGCTCA
test	subjectC	sample3	chr16+27637104	125	5	5	TCTGCGCGCTCGCTCGCTCA
test	subjectC	sample3	chr18-12625981	125	5	5	TCTGCGCGCTCGCTCGCTCA
test	subjectC	sample3	chr11+46002841	125	5	5	TCTGCGCGCTCGCTCGCTCA
test	subjectC	sample3	chr17+80532742	125	5	5	TCTGCGCGCTCGCTCGCTCA
test	subjectC	sample3	chr17-61257968	125	5	5	TCTGCGCGCTCGCTCGCTCA
test	subjectC	sample3	chr11+113108272	125	5	5	TCTGCGCGCTCGCTCGCTCA
test	subjectC	sample3	chr11+2980769	125	5	5	TCTGCGCGCTCGCTCGCTCA
test	subjectC	sample3	chr2-143313793	125	5	5	TCTGCGCGCTCGCTCGCTCA
test	subjectC	sample3	chr13+95571960	125	5	5	TCTGCGCGCTCGCTCGCTCA
test	subjectC	sample3	chr12-61709660	125	5	5	TCTGCGCGCTCGCTCGCTCA
test	subjectC	sample3	chr5-24034204	125	5	5	TCTGCGCGCTCGCTCGCTCA
test	subjectC	sample3	chr16+37265796	125	5	5	TCTGCGCGCTCGCTCGCTCA
test	subjectC	sample3	chrX+153494892	125	5	5	TCTGCGCGCTCGCTCGCTCA
test	subjectC	sample3	chr20+20445196	125	5	5	TCTGCGCGCTCGCTCGCTCA
test	subjectC	sample3	chr8+84245915	125	5	5	TCTGCGCGCTCGCTCGCTCA
test	subjectC	sample3	chr21-36552379	125	5	5	TCTGCGCGCTCGCTCGCTCA
test	subjectC	sample3	chr13-51713596	125	5	5	TCTGCGCGCTCGCTCGCTCA
test	subjectC	sample3	chr9+36909533	125	5	5	TCTGCGCGCTCGCTCGCTCA
test	subjectC	sample3	chr19-32137860	125	5	5	TCTGCGCGCTCGCTCGCTCA
test	subjectC	sample3	chr3-27700036	125	5	5	TCTGCGCGCTCGCTCGCTCA
test	subjectC	sample3	chr4+65628458	125	5	5	TCTGCGCGCTCGCTCGCTCA
test	subjectC	sample3	chrX+94158215	125	5	5	TCTGCGCGCTCGCTCGCTCA
test	subjectC	sample3	chr10-103198670	125	5	5	TCTGCGCGCTCGCTCGCTCA
test	subjectC	sample3	chrX+123763998	125	5	5	TCTGCGCGCTCGCTCGCTCA
test	subjectC	sample3	chr12-101209176	125	5	5	TCTGCGCGCTCGCTCGCTCA
test	subjectC	sample3	chr2-186525692	125	5	5	TCTGCGCGCTCGCTCGCTCA
test	subjectC	sample3	chr2+137268519	125	5	5	TCTGCGCGCTCGCTCGCTCA
test	subjectC	sample3	chr7+133191613	125	5	5	TCTGCGCGCTCGCTCGCTCA
test	subjectC	sample3	chr8-107974737	125	5	5	TCTGCGCGCTCGCTCGCTCA
test	subjectC	sample3	chrX-127187210	125	5	5	TCTGCGCGCTCGCTCGCTCA
test	subjectC	sample3	chr9-39478070	125	5	5	TCTGCGCGCTCGCTCGCTCA
test	subjectC	sample3	chr3-167111373	125	5	5	TCTGCGCGCTCGCTCGCTCA
test	subjectC	sample3	chr7+127607025	125	5	5	TCTGCGCGCTCGCTCGCTCA
test	subjectC	sample3	chr9+119003655	125	5	5	TCTGCGCGCTCGCTCGCTCA
test	subjectC	sample3	chr6+32951466	125	5	5	TCTGCGCGCTCGCTCGCTCA
test	subjectC	sample3	chr7+138987779	125	5	5	TCTGCGCGCTCGCTCGCTCA
test	subjectC	sample3	chr19-54288333	125	5	5	TCTGCGCGCTCGCTCGCTCA
test	subjectC	sample3	chr9+102530276	125	5	5	TCTGCGCGCTCGCTCGCTCA
test	subjectC	sample3	chr8+17705493	125	5	5	TCTGCGCGCTCGCTCGCTCA
test	subjectC	sample3	chr10+6715633	125	5	5	TCTGCGCGCTCGCTCGCTCA
test	subjectC	sample3	chr19-20051903	125	5	5	TCTGCGCGCTCGCTCGCTCA
test	subjectC	sample3	chr13+101959125	125	5	5	TCTGCGCGCTCGCTCGCTCA
test	subjectC	sample3	chr12+4677771	125	5	5	TCTGCGCGCTCGCTCGCTCA
test	subjectC	sample3	chr13-71564774	125	5	5	TCTGCGCGCTCGCTCGCTCA
test	subjectC	sample3	chr14+76630495	125	5	5	TCTGCGCGCTCGCTCGCTCA
test	subjectC	sample3	chr3+93455493	125	5	5	TCTGCGCGCTCGCTCGCTCA
test	subjectC	sample3	chr4-27895514	125	5	5	TCTGCGCGCTCGCTCGCTCA
test	subjectC	sample3	chr19+33501673	125	5	5	TCTGCGCGCTCGCTCGCTCA
test	subjectC	sample3	chr9-83331091	125	5	5	TCTGCGCGCTCGCTCGCTCA
test	subjectC	sample3	chr22-29329394	125	5	5	TCTGCGCGCTCGCTCGCTCA
test	subjectC	sample3	chr22-10590346	125	5	5	TCTGCGCGCTCGCTCGCTCA
test	subjectC	sample3	chr15-35738501	125	5	5	TCTGCGCGCTCGCTCGCTCA
test	subjectC	sample3	chr12-8567023	125	5	5	TCTGCGCGCTCGCTCGCTCA
test	subjectC	sample3	chr2+217873745	125	5	5	TCTGCGCGCTCGCTCGCTCA
test	subjectC	sample3	chr14+101252707	125	5	5	TCTGCGCGCTCGCTCGCTCA
test	subjectC	sample3	chr4+170581218	125	5	5	TCTGCGCGCTCGCTCGCTCA
test	subjectC	sample3	chr1+180342408	125	5	5	TCTGCGCGCTCGCTCGCTCA
test	subjectC	sample3	chr18-44779679	125	5	5	TCTGCGCGCTCGCTCGCTCA
test	subjectC	sample3	chr15+90646488	125	5	5	TCTGCGCGCTCGCTCGCTCA
test	subjectC	sample3	chr18+27468844	125	5	5	TCTGCGCGCTCGCTCGCTCA
test	subjectC	sample3	chr8+112954414	125	5	5	TCTGCGCGCTCGCTCGCTCA
test	subjectC	sample3	chr2+106496532	125	5	5	TCTGCGCGCTCGCTCGCTCA
test	subjectC	sample3	chr14-59530218	125	5	5	TCTGCGCGCTCGCTCGCTCA
test	subjectC	sample3	chr13-82204678	125	5	5	TCTGCGCGCTCGCTCGCTCA
test	subjectC	sample3	chr5-3811923	125	5	5	TCTGCGCGCTCGCTCGCTCA
test	subjectC	sample3	chr8-72246879	125	5	5	TCTGCGCGCTCGCTCGCTCA
test	subjectC	sample3	chr14+53551002	125	5	5	TCTGCGCGCTCGCTCGCTCA
test	subjectC	sample3	chr14+25832938	125	5	5	TCTGCGCGCTCGCTCGCTCA
test	subjectC	sample3	chr3-12345402	125	5	5	TCTGCGCGCTCGCTCGCTCA
test	subjectC	sample3	chr9-29744940	125	5	5	TCTGCGCGCTCGCTCGCTCA
test	subjectC	sample3	chr13+112277504	125	5	5	TCTGCGCGCTCGCTCGCTCA
test	subjectC	sample3	chr8-19602882	125	5	5	TCTGCGCGCTCGCTCGCTCA
test	subjectC	sample3	chr6-41615288	125	5	5	TCTGCGCGCTCGCTCGCTCA
test	subjectC	sample3	chr15-17339840	125	5	5	TCTGCGCGCTCGCTCGCTCA
test	subjectC	sample3	chr4-78427825	125	5	5	TCTGCGCGCTCGCTCGCTCA
test	subjectC	sample3	chr12-92582161	125	5	5	TCTGCGCGCTCGCTCGCTCA
test	subjectC	sample3	chr17-2007886	125	5	5	TCTGCGCGCTCGCTCGCTCA
test	subjectC	sample3	chr21+5307286	125	5	5	TCTGCGCGCTCGCTCGCTCA
test	subjectC	sample3	chr6+22396902	125	5	5	TCTGCGCGCTCGCTCGCTCA
test	subjectC	sample3	chr7+92734513	125	5	5	TCTGCGCGCTCGCTCGCTCA
test	subjectC	sample3	chr22+16639791	125	5	5	TCTGCGCGCTCGCTCGCTCA
test	subjectC	sample3	chr7-6222976	125	5	5	TCTGCGCGCTCGCTCGCTCA
test	subjectC	sample3	chr9-80141615	125	5	5	TCTGCGCGCTCGCTCGCTCA
test	subjectC	sample3	chr1+163007779	125	5	5	TCTGCGCGCTCGCTCGCTCA
test	subjectC	sample3	chr9-92993958	125	5	5	TCTGCGCGCTCGCTCGCTCA
test	subjectC	sample3	chr16-26794020	125	5	5	TCTGCGCGCTCGCTCGCTCA
test	subjectC	sample3	chr19+30818254	125	5	5	TCTGCGCGCTCGCTCGCTCA
test	subjectC	sample3	chr3+113843715	125	5	5	TCTGCGCGCTCGCTCGCTCA
test	subjectC	sample3	chr4+57296983	125	5	5	TCTGCGCGCTCGCTCGCTCA
test	subjectC	sample3	chr15-72149590	125	5	5	TCTGCGCGCTCGCTCGCTCA
test	subjectC	sample3	chr22+15950595	125	5	5	TCTGCGCGCTCGCTCGCTCA
test	subjectC	sample3	chr15+37900815	125	5	5	TCTGCGCGCTCGCTCGCTCA
test	subjectC	sample3	chr10-82697011	125	5	5	TCTGCGCGCTCGCTCGCTCA
test	subjectC	sample3	chrX-36214311	125	5	5	TCTGCGCGCTCGCTCGCTCA
test	subjectC	sample3	chr22-39737329	125	5	5	TCTGCGCGCTCGCTCGCTCA
test	subjectC	sample3	chr3-137233451	125	5	5	TCTGCGCGCTCGCTCGCTCA
test	subjectC	sample3	chr11+61773674	125	5	5	TCTGCGCGCTCGCTCGCTCA
test	subjectC	sample3	chr10+52095274	125	5	5	TCTGCGCGCTCGCTCGCTCA
test	subjectC	sample3	chr4+4897252	125	5	5	TCTGCGCGCTCGCTCGCTCA
test	subjectC	sample3	chr2-101951823	125	5	5	TCTGCGCGCTCGCTCGCTCA
test	subjectC	sample3	chr17-31509330	125	5	5	TCTGCGCGCTCGCTCGCTCA
test	subjectC	sample3	chr21+42639150	125	5	5	TCTGCGCGCTCGCTCGCTCA
test	subjectC	sample3	chr5-11753375	125	5	5	TCTGCGCGCTCGCTCGCTCA
test	subjectC	sample3	chr4-38666212	125	5	5	TCTGCGCGCTCGCTCGCTCA
test	subjectC	sample3	chr10-92728537	125	5	5	TCTGCGCGCTCGCTCGCTCA
test	subjectC	sample3	chr15-52182865	125	5	5	TCTGCGCGCTCGCTCGCTCA
test	subjectC	sample3	chr8-24282398	125	5	5	TCTGCGCGCTCGCTCGCTCA
test	subjectC	sample3	chr3+144077100	125	5	5	TCTGCGCGCTCGCTCGCTCA
test	subjectC	sample3	chr12+98724289	125	5	5	TCTGCGCGCTCGCTCGCTCA
test	subjectC	sample3	chr11+51952067	125	5	5	TCTGCGCGCTCGCTCGCTCA
test	subjectC	sample3	chr12-26523870	125	5	5	TCTGCGCGCTCGCTCGCTCA
test	subjectC	sample3	chr14+44591891	125	5	5	TCTGCGCGCTCGCTCGCTCA
test	subjectC	sample3	chr12+11859677	125	5	5	TCTGCGCGCTCGCTCGCTCA
test	subjectC	sample3	chr6+127189029	125	5	5	TCTGCGCGCTCGCTCGCTCA
test	subjectC	sample3	chr7-65066674	125	5	5	TCTGCGCGCTCGCTCGCTCA
test	subjectC	sample3	chr20-33807442	125	5	5	TCTGCGCGCTCGCTCGCTCA
test	subjectC	sample3	chr10-38446705	125	5	5	TCTGCGCGCTCGCTCGCTCA
test	subjectC	sample3	chr6+133367860	125	5	5	TCTGCGCGCTCGCTCGCTCA
test	subjectC	sample3	chrX+117628503	125	5	5	TCTGCGCGCTCGCTCGCTCA
test	subjectC	sample3	chr20+16551427	125	5	5	TCTGCGCGCTCGCTCGCTCA
test	subjectC	sample3	chr14-104740019	125	5	5	TCTGCGCGCTCGCTCGCTCA
test	subjectC	sample3	chr15-41162736	125	5	5	TCTGCGCGCTCGCTCGCTCA
test	subjectC	sample3	chr6+152522619	125	5	5	TCTGCGCGCTCGCTCGCTCA
test	subjectC	sample3	chr16+78204760	125	5	5	TCTGCGCGCTCGCTCGCTCA
test	subjectC	sample3	chr3-46990908	125	5	5	TCTGCGCGCTCGCTCGCTCA
test	subjectC	sample3	chr20-15942034	125	5	5	TCTGCGCGCTCGCTCGCTCA
test	subjectC	sample3	chr4-35858540	125	5	5	TCTGCGCGCTCGCTCGCTCA
test	subjectC	sample3	chr9+70937690	125	5	5	TCTGCGCGCTCGCTCGCTCA
test	subjectC	sample3	chr21-32701687	125	5	5	TCTGCGCGCTCGCTCGCTCA
test	subjectC	sample3	chr2-205894441	125	5	5	TCTGCGCGCTCGCTCGCTCA
test	subjectC	sample3	chr9+95788279	125	5	5	TCTGCGCGCTCGCTCGCTCA
test	subjectC	sample3	chr11-102841824	125	5	5	TCTGCGCGCTCGCTCGCTCA
test	subjectC	sample3	chr16-85281976	125	5	5	TCTGCGCGCTCGCTCGCTCA
test	subjectC	sample3	chr6+50802655	125	5	5	TCTGCGCGCTCGCTCGCTCA
test	subjectC	sample3	chr20+20762416	125	5	5	TCTGCGCGCTCGCTCGCTCA
test	subjectC	sample3	chr5+168735182	125	5	5	TCTGCGCGCTCGCTCGCTCA
test	subjectC	sample3	chr11+55789505	125	5	5	TCTGCGCGCTCGCTCGCTCA
test	subjectC	sample3	chr16+83579290	125	5	5	TCTGCGCGCTCGCTCGCTCA
test	subjectC	sample3	chr8+121919716	125	5	5	TCTGCGCGCTCGCTCGCTCA
test	subjectC	sample3	chr10+27499744	125	5	5	TCTGCGCGCTCGCTCGCTCA
test	subjectC	sample3	chr22+39293060	125	5	5	TCTGCGCGCTCGCTCGCTCA
test	subjectC	sample3	chr12+91531706	125	5	5	TCTGCGCGCTCGCTCGCTCA
test	subjectC	sample3	chr6-35675383	125	5	5	TCTGCGCGCTCGCTCGCTCA
test	subjectC	sample3	chr10+51297324	125	5	5	TCTGCGCGCTCGCTCGCTCA
test	subjectC	sample3	chr1+78197723	125	5	5	TCTGCGCGCTCGCTCGCTCA
test	subjectC	sample3	chr13-37926323	125	5	5	TCTGCGCGCTCGCTCGCTCA
test	subjectC	sample3	chr10+11614504	125	5	5	TCTGCGCGCTCGCTCGCTCA
test	subjectC	sample3	chr22-35760716	125	5	5	TCTGCGCGCTCGCTCGCTCA
test	subjectC	sample3	chr7+53716789	125	5	5	TCTGCGCGCTCGCTCGCTCA
test	subjectC	sample3	chrX+94696652	125	5	5	TCTGCGCGCTCGCTCGCTCA
test	subjectC	sample3	chr18+13721059	125	5	5	TCTGCGCGCTCGCTCGCTCA
test	subjectC	sample3	chr8-35238085	125	5	5	TCTGCGCGCTCGCTCGCTCA
test	subjectC	sample3	chr12+32566328	125	5	5	TCTGCGCGCTCGCTCGCTCA
test	subjectC	sample3	chr8+107737335	125	5	5	TCTGCGCGCTCGCTCGCTCA
test	subjectC	sample3	chr4-47231002	125	5	5	TCTGCGCGCTCGCTCGCTCA
test	subjectC	sample3	chr19+51771520	125	5	5	TCTGCGCGCTCGCTCGCTCA
test	subjectC	sample3	chr13-40188840	125	5	5	TCTGCGCGCTCGCTCGCTCA
test	subjectC	sample3	chr17-53932182	125	5	5	TCTGCGCGCTCGCTCGCTCA
test	subjectC	sample3	chr11+19668237	125	5	5	TCTGCGCGCTCGCTCGCTCA
test	subjectC	sample3	chr9-85587333	125	5	5	TCTGCGCGCTCGCTCGCTCA
test	subjectC	sample3	chr16-1688615	125	5	5	TCTGCGCGCTCGCTCGCTCA
test	subjectC	sample3	chr5-43612316	125	5	5	TCTGCGCGCTCGCTCGCTCA
test	subjectC	sample3	chr20-8891056	125	5	5	TCTGCGCGCTCGCTCGCTCA
test	subjectC	sample3	chr6+119976523	125	5	5	TCTGCGCGCTCGCTCGCTCA
test	subjectC	sample3	chr3-21557922	125	5	5	TCTGCGCGCTCGCTCGCTCA
test	subjectC	sample3	chr22-50377486	125	5	5	TCTGCGCGCTCGCTCGCTCA
test	subjectC	sample3	chr20+27308483	125	5	5	TCTGCGCGCTCGCTCGCTCA
test	subjectC	sample3	chr12+33789642	125	5	5	TCTGCGCGCTCGCTCGCTCA
test	subjectC	sample3	chr13+23248957	125	5	5	TCTGCGCGCTCGCTCGCTCA
test	subjectC	sample3	chr5+76738710	125	5	5	TCTGCGCGCTCGCTCGCTCA
test	subjectC	sample3	chr2-218683170	125	5	5	TCTGCGCGCTCGCTCGCTCA
test	subjectC	sample3	chr17+25742784	125	5	5	TCTGCGCGCTCGCTCGCTCA
test	subjectC	sample3	chr4+131306613	125	5	5	TCTGCGCGCTCGCTCGCTCA
test	subjectC	sample3	chr5+98709612	125	5	5	TCTGCGCGCTCGCTCGCTCA
test	subjectC	sample3	chrX+42407369	125	5	5	TCTGCGCGCTCGCTCGCTCA
test	subjectC	sample3	chr1-34692805	125	5	5	TCTGCGCGCTCGCTCGCTCA
test	subjectC	sample3	chr9+7547567	125	5	5	TCTGCGCGCTCGCTCGCTCA
test	subjectC	sample3	chr5-4236431	125	5	5	TCTGCGCGCTCGCTCGCTCA
test	subjectC	sample3	chr18-11675293	125	5	5	TCTGCGCGCTCGCTCGCTCA
test	subjectC	sample3	chr17-59238734	125	5	5	TCTGCGCGCTCGCTCGCTCA
test	subjectC	sample3	chr19-5512826	125	5	5	TCTGCGCGCTCGCTCGCTCA
test	subjectC	sample3	chr5-105294054	125	5	5	TCTGCGCGCTCGCTCGCTCA
test	subjectC	sample3	chr14+105347060	125	5	5	TCTGCGCGCTCGCTCGCTCA
test	subjectC	sample3	chr15+27107048	125	5	5	TCTGCGCGCTCGCTCGCTCA
test	subjectC	sample3	chr15-53903878	125	5	5	TCTGCGCGCTCGCTCGCTCA
test	subjectC	sample3	chr4+26567263	125	5	5	TCTGCGCGCTCGCTCGCTCA
test	subjectC	sample3	chr10-133037215	125	5	5	TCTGCGCGCTCGCTCGCTCA
test	subjectC	sample3	chr4-159238750	125	5	5	TCTGCGCGCTCGCTCGCTCA
test	subjectC	sample3	chr7-143231042	125	5	5	TCTGCGCGCTCGCTCGCTCA
test	subjectC	sample3	chr4-7950369	125	5	5	TCTGCGCGCTCGCTCGCTCA
test	subjectC	sample3	chr3+112942724	125	5	5	TCTGCGCGCTCGCTCGCTCA
test	subjectC	sample3	chr2+230034649	125	5	5	TCTGCGCGCTCGCTCGCTCA
test	subjectC	sample3	chr22+48601474	125	5	5	TCTGCGCGCTCGCTCGCTCA
test	subjectC	sample3	chr10+66308643	125	5	5	TCTGCGCGCTCGCTCGCTCA
test	subjectC	sample3	chr21-24646388	125	5	5	TCTGCGCGCTCGCTCGCTCA
test	subjectC	sample3	chr5+74937690	125	5	5	TCTGCGCGCTCGCTCGCTCA
test	subjectC	sample3	chr7+3265840	125	5	5	TCTGCGCGCTCGCTCGCTCA
test	subjectC	sample3	chr11-123667106	125	5	5	TCTGCGCGCTCGCTCGCTCA
test	subjectC	sample3	chr4+185646065	125	5	5	TCTGCGCGCTCGCTCGCTCA
test	subjectC	sample3	chr12-16214620	125	5	5	TCTGCGCGCTCGCTCGCTCA
test	subjectC	sample3	chr5-149243757	125	5	5	TCTGCGCGCTCGCTCGCTCA
test	subjectC	sample3	chr1-87481984	125	5	5	TCTGCGCGCTCGCTCGCTCA
test	subjectC	sample3	chr21+18589039	125	5	5	TCTGCGCGCTCGCTCGCTCA
test	subjectC	sample3	chr15-29764776	125	5	5	TCTGCGCGCTCGCTCGCTCA
test	subjectC	sample3	chr1-232000193	125	5	5	TCTGCGCGCTCGCTCGCTCA
test	subjectC	sample3	chr9-104254862	125	5	5	TCTGCGCGCTCGCTCGCTCA
test	subjectC	sample3	chr11-95530513	125	5	5	TCTGCGCGCTCGCTCGCTCA
test	subjectC	sample3	chr10-45392791	125	5	5	TCTGCGCGCTCGCTCGCTCA
test	subjectC	sample3	chr7-93369208	125	5	5	TCTGCGCGCTCGCTCGCTCA
test	subjectC	sample3	chr17+39042552	125	5	5	TCTGCGCGCTCGCTCGCTCA
test	subjectC	sample3	chr20-63149100	125	5	5	TCTGCGCGCTCGCTCGCTCA
test	subjectC	sample3	chr3+139721177	125	5	5	TCTGCGCGCTCGCTCGCTCA
test	subjectC	sample3	chr18-40873004	125	5	5	TCTGCGCGCTCGCTCGCTCA
test	subjectC	sample3	chr12+17873616	125	5	5	TCTGCGCGCTCGCTCGCTCA
test	subjectC	sample3	chrX-103867290	125	5	5	TCTGCGCGCTCGCTCGCTCA
test	subjectC	sample3	chr3-12856766	125	5	5	TCTGCGCGCTCGCTCGCTCA
test	subjectC	sample3	chr12+80364076	125	5	5	TCTGCGCGCTCGCTCGCTCA
test	subjectC	sample3	chr2+41150287	125	5	5	TCTGCGCGCTCGCTCGCTCA
test	subjectC	sample3	chr14-71201691	125	5	5	TCTGCGCGCTCGCTCGCTCA
test	subjectC	sample3	chr6-70702655	125	5	5	TCTGCGCGCTCGCTCGCTCA
test	subjectC	sample3	chr7-22207907	125	5	5	TCTGCGCGCTCGCTCGCTCA
test	subjectC	sample3	chr16+19163322	125	5	5	TCTGCGCGCTCGCTCGCTCA
test	subjectC	sample3	chr19+7029381	125	5	5	TCTGCGCGCTCGCTCGCTCA
test	subjectC	sample3	chr10+764245	125	5	5	TCTGCGCGCTCGCTCGCTCA
test	subjectC	sample3	chr6+127820382	125	5	5	TCTGCGCGCTCGCTCGCTCA
test	subjectC	sample3	chr16-9654278	125	5	5	TCTGCGCGCTCGCTCGCTCA
test	subjectC	sample3	chr2+100533738	125	5	5	TCTGCGCGCTCGCTCGCTCA
test	subjectC	sample3	chr13-67891556	125	5	5	TCTGCGCGCTCGCTCGCTCA
test	subjectC	sample3	chr18-6869515	125	5	5	TCTGCGCGCTCGCTCGCTCA
test	subjectC	sample3	chr13-29076757	125	5	5	TCTGCGCGCTCGCTCGCTCA
test	subjectC	sample3	chr7-7790720	125	5	5	TCTGCGCGCTCGCTCGCTCA
test	subjectC	sample3	chr7-27274	125	5	5	TCTGCGCGCTCGCTCGCTCA
test	subjectC	sample3	chr1-244747671	125	5	5	TCTGCGCGCTCGCTCGCTCA
test	subjectC	sample3	chr19+24871262	125	5	5	TCTGCGCGCTCGCTCGCTCA
test	subjectC	sample3	chr20-27407749	125	5	5	TCTGCGCGCTCGCTCGCTCA
test	subjectC	sample3	chr3-11530204	125	5	5	TCTGCGCGCTCGCTCGCTCA
test	subjectC	sample3	chrX-7116834	125	5	5	TCTGCGCGCTCGCTCGCTCA
test	subjectC	sample3	chr13-35647906	125	5	5	TCTGCGCGCTCGCTCGCTCA
test	subjectC	sample3	chr16-46819974	125	5	5	TCTGCGCGCTCGCTCGCTCA
test	subjectC	sample3	chr19-10930494	125	5	5	TCTGCGCGCTCGCTCGCTCA
test	subjectC	sample3	chr16+27573328	125	5	5	TCTGCGCGCTCGCTCGCTCA
test	subjectC	sample3	chr4-22333295	125	5	5	TCTGCGCGCTCGCTCGCTCA
test	subjectC	sample3	chr18-54541620	125	5	5	TCTGCGCGCTCGCTCGCTCA
test	subjectC	sample3	chr13-110112358	125	5	5	TCTGCGCGCTCGCTCGCTCA
test	subjectC	sample3	chr10-3289616	125	5	5	TCTGCGCGCTCGCTCGCTCA
test	subjectC	sample3	chr22-44788041	125	5	5	TCTGCGCGCTCGCTCGCTCA
test	subjectC	sample3	chr9-134850170	125	5	5	TCTGCGCGCTCGCTCGCTCA
test	subjectC	sample3	chr6-125808661	125	5	5	TCTGCGCGCTCGCTCGCTCA
test	subjectC	sample3	chr12+45349774	125	5	5	TCTGCGCGCTCGCTCGCTCA
test	subjectC	sample3	chr18+19117102	125	5	5	TCTGCGCGCTCGCTCGCTCA
test	subjectC	sample3	chr5+32667584	125	5	5	TCTGCGCGCTCGCTCGCTCA
test	subjectC	sample3	chrX-139445496	125	5	5	TCTGCGCGCTCGCTCGCTCA
test	subjectC	sample3	chr13+32673482	125	5	5	TCTGCGCGCTCGCTCGCTCA
test	subjectC	sample3	chr19+19046441	125	5	5	TCTGCGCGCTCGCTCGCTCA
test	subjectC	sample3	chr2+102063884	125	5	5	TCTGCGCGCTCGCTCGCTCA
test	subjectC	sample3	chr6+66368063	125	5	5	TCTGCGCGCTCGCTCGCTCA
test	subjectC	sample3	chr15-38274694	125	5	5	TCTGCGCGCTCGCTCGCTCA
test	subjectC	sample3	chr21+11567609	125	5	5	TCTGCGCGCTCGCTCGCTCA
test	subjectC	sample3	chr3+24243834	125	5	5	TCTGCGCGCTCGCTCGCTCA
test	subjectC	sample3	chr12-113743485	125	5	5	TCTGCGCGCTCGCTCGCTCA
test	subjectC	sample3	chr11+49966394	125	5	5	TCTGCGCGCTCGCTCGCTCA
test	subjectC	sample3	chr6-24812733	125	5	5	TCTGCGCGCTCGCTCGCTCA
test	subjectC	sample3	chr2-118768612	125	5	5	TCTGCGCGCTCGCTCGCTCA
test	subjectC	sample3	chr22-29947272	125	5	5	TCTGCGCGCTCGCTCGCTCA
test	subjectC	sample3	chr6-104259858	125	5	5	TCTGCGCGCTCGCTCGCTCA
test	subjectC	sample3	chr9-21571434	125	5	5	TCTGCGCGCTCGCTCGCTCA
test	subjectC	sample3	chr19-750563	125	5	5	TCTGCGCGCTCGCTCGCTCA
test	subjectC	sample3	chr21+33788687	125	5	5	TCTGCGCGCTCGCTCGCTCA
test	subjectC	sample3	chr7-65914297	125	5	5	TCTGCGCGCTCGCTCGCTCA
test	subjectC	sample3	chr20-61401166	125	5	5	TCTGCGCGCTCGCTCGCTCA
test	subjectC	sample3	chr16-57601624	125	5	5	TCTGCGCGCTCGCTCGCTCA
test	subjectC	sample3	chr18-48122555	125	5	5	TCTGCGCGCTCGCTCGCTCA
test	subjectC	sample3	chr2+98703194	125	5	5	TCTGCGCGCTCGCTCGCTCA
test	subjectC	sample3	chr8+8369643	125	5	5	TCTGCGCGCTCGCTCGCTCA
test	subjectC	sample3	chr22+14677654	125	5	5	TCTGCGCGCTCGCTCGCTCA
test	subjectC	sample3	chr9-11838169	125	5	5	TCTGCGCGCTCGCTCGCTCA
test	subjectC	sample3	chr20+39019512	125	5	5	TCTGCGCGCTCGCTCGCTCA
test	subjectC	sample3	chrX+105027272	125	5	5	TCTGCGCGCTCGCTCGCTCA
test	subjectC	sample3	chrX-60826185	125	5	5	TCTGCGCGCTCGCTCGCTCA
test	subjectC	sample3	chr3+10106209	125	5	5	TCTGCGCGCTCGCTCGCTCA
test	subjectC	sample3	chr5-176447380	125	5	5	TCTGCGCGCTCGCTCGCTCA
test	subjectC	sample3	chr16-49462218	125	5	5	TCTGCGCGCTCGCTCGCTCA
test	subjectC	sample3	chr11+16765631	125	5	5	TCTGCGCGCTCGCTCGCTCA
test	subjectC	sample3	chr4-176242536	125	5	5	TCTGCGCGCTCGCTCGCTCA
test	subjectC	sample3	chr8+100936656	125	5	5	TCTGCGCGCTCGCTCGCTCA
test	subjectC	sample3	chr19+27014719	125	5	5	TCTGCGCGCTCGCTCGCTCA
test	subjectC	sample3	chr21+8106270	125	5	5	TCTGCGCGCTCGCTCGCTCA
test	subjectC	sample3	chr18+26168687	125	5	5	TCTGCGCGCTCGCTCGCTCA
test	subjectC	sample3	chr13+89729779	125	5	5	TCTGCGCGCTCGCTCGCTCA
test	subjectC	sample3	chr9+63300947	125	5	5	TCTGCGCGCTCGCTCGCTCA
test	subjectC	sample3	chr6+117226696	125	5	5	TCTGCGCGCTCGCTCGCTCA
test	subjectC	sample3	chr17+35797014	125	5	5	TCTGCGCGCTCGCTCGCTCA
test	subjectC	sample3	chr22-31994863	125	5	5	TCTGCGCGCTCGCTCGCTCA
test	subjectC	sample3	chr6+131477548	125	5	5	TCTGCGCGCTCGCTCGCTCA
test	subjectC	sample3	chr12+115066419	125	5	5	TCTGCGCGCTCGCTCGCTCA
test	subjectC	sample3	chr10-94999854	125	5	5	TCTGCGCGCTCGCTCGCTCA
test	subjectC	sample3	chr12-50001873	125	5	5	TCTGCGCGCTCGCTCGCTCA
test	subjectC	sample3	chr11-14746450	125	5	5	TCTGCGCGCTCGCTCGCTCA
test	subjectC	sample3	chr2-45961799	125	5	5	TCTGCGCGCTCGCTCGCTCA
test	subjectC	sample3	chr15+93487925	125	5	5	TCTGCGCGCTCGCTCGCTCA
test	subjectC	sample3	chrX-152226035	125	5	5	TCTGCGCGCTCGCTCGCTCA
test	subjectC	sample3	chr13+78826680	125	5	5	TCTGCGCGCTCGCTCGCTCA
test	subjectC	sample3	chr4+43262433	125	5	5	TCTGCGCGCTCGCTCGCTCA
test	subjectC	sample3	chr4+133171868	125	5	5	TCTGCGCGCTCGCTCGCTCA
test	subjectC	sample3	chr21+43182931	125	5	5	TCTGCGCGCTCGCTCGCTCA
test	subjectC	sample3	chr18-27899102	125	5	5	TCTGCGCGCTCGCTCGCTCA
test	subjectC	sample3	chr7+726037	125	5	5	TCTGCGCGCTCGCTCGCTCA
test	subjectC	sample3	chr9-123034600	125	5	5	TCTGCGCGCTCGCTCGCTCA
test	subjectC	sample3	chr19+39872633	125	5	5	TCTGCGCGCTCGCTCGCTCA
test	subjectC	sample3	chr16-17507185	125	5	5	TCTGCGCGCTCGCTCGCTCA
test	subjectC	sample3	chr21+29890872	125	5	5	TCTGCGCGCTCGCTCGCTCA
test	subjectC	sample3	chr5+132774411	125	5	5	TCTGCGCGCTCGCTCGCTCA
test	subjectC	sample3	chr12-106836300	125	5	5	TCTGCGCGCTCGCTCGCTCA
test	subjectC	sample3	chr12-29636093	125	5	5	TCTGCGCGCTCGCTCGCTCA
test	subjectC	sample3	chr10-102288904	125	5	5	TCTGCGCGCTCGCTCGCTCA
test	subjectC	sample3	chr20+4384994	125	5	5	TCTGCGCGCTCGCTCGCTCA
test	subjectC	sample3	chr6-66753125	125	5	5	TCTGCGCGCTCGCTCGCTCA
test	subjectC	sample3	chr4+145266215	125	5	5	TCTGCGCGCTCGCTCGCTCA
test	subjectC	sample3	chr9+6745239	125	5	5	TCTGCGCGCTCGCTCGCTCA
test	subjectC	sample3	chr8+115948721	125	5	5	TCTGCGCGCTCGCTCGCTCA
test	subjectC	sample3	chr8+42274266	125	5	5	TCTGCGCGCTCGCTCGCTCA
test	subjectC	sample3	chr4+131055974	125	5	5	TCTGCGCGCTCGCTCGCTCA
test	subjectC	sample3	chr5+43731958	125	5	5	TCTGCGCGCTCGCTCGCTCA
test	subjectC	sample3	chr21+9914771	125	5	5	TCTGCGCGCTCGCTCGCTCA
test	subjectC	sample3	chr11+133654993	125	5	5	TCTGCGCGCTCGCTCGCTCA
test	subjectC	sample3	chr5+124779996	125	5	5	TCTGCGCGCTCGCTCGCTCA
test	subjectC	sample3	chr5-121766682	125	5	5	TCTGCGCGCTCGCTCGCTCA
test	subjectC	sample3	chr22+13164506	125	5	5	TCTGCGCGCTCGCTCGCTCA
test	subjectC	sample3	chr3-36370261	125	5	5	TCTGCGCGCTCGCTCGCTCA
test	subjectC	sample3	chr2+142991286	125	5	5	TCTGCGCGCTCGCTCGCTCA
test	subjectC	sample3	chr16-58930059	125	5	5	TCTGCGCGCTCGCTCGCTCA
test	subjectC	sample3	chr5-7333627	125	5	5	TCTGCGCGCTCGCTCGCTCA
test	subjectC	sample3	chr13+57501560	125	5	5	TCTGCGCGCTCGCTCGCTCA
test	subjectC	sample3	chr12-22618112	125	5	5	TCTGCGCGCTCGCTCGCTCA
test	subjectC	sample3	chr3-153768	125	5	5	TCTGCGCGCTCGCTCGCTCA
test	subjectC	sample3	chr11+85342632	125	5	5	TCTGCGCGCTCGCTCGCTCA
test	subjectC	sample3	chr14+74438282	125	5	5	TCTGCGCGCTCGCTCGCTCA
test	subjectC	sample3	chr12-123022642	125	5	5	TCTGCGCGCTCGCTCGCTCA
test	subjectC	sample3	chrX-6455071	125	5	5	TCTGCGCGCTCGCTCGCTCA
test	subjectC	sample3	chr6-96839540	125	5	5	TCTGCGCGCTCGCTCGCTCA
test	subjectC	sample3	chr14+76438833	125	5	5	TCTGCGCGCTCGCTCGCTCA
test	subjectC	sample3	chr11+119368559	125	5	5	TCTGCGCGCTCGCTCGCTCA
test	subjectC	sample3	chrX+124503427	125	5	5	TCTGCGCGCTCGCTCGCTCA
test	subjectC	sample3	chr12-32879988	125	5	5	TCTGCGCGCTCGCTCGCTCA
test	subjectC	sample3	chr14+97913608	125	5	5	TCTGCGCGCTCGCTCGCTCA
test	subjectC	sample3	chr10-20508576	125	5	5	TCTGCGCGCTCGCTCGCTCA
test	subjectC	sample3	chr22+19803570	125	5	5	TCTGCGCGCTCGCTCGCTCA
test	subjectC	sample3	chr5-62040208	125	5	5	TCTGCGCGCTCGCTCGCTCA
test	subjectC	sample3	chr11+36415166	125	5	5	TCTGCGCGCTCGCTCGCTCA
test	subjectC	sample3	chr21-19003135	125	5	5	TCTGCGCGCTCGCTCGCTCA
test	subjectC	sample3	chr15+32574323	125	5	5	TCTGCGCGCTCGCTCGCTCA
test	subjectC	sample3	chr6-28452646	125	5	5	TCTGCGCGCTCGCTCGCTCA
test	subjectC	sample3	chr8+24983392	125	5	5	TCTGCGCGCTCGCTCGCTCA
test	subjectC	sample3	chr16+47821132	125	5	5	TCTGCGCGCTCGCTCGCTCA
test	subjectC	sample3	chr9+44368455	125	5	5	TCTGCGCGCTCGCTCGCTCA
test	subjectC	sample3	chr15-41334558	125	5	5	TCTGCGCGCTCGCTCGCTCA
test	subjectC	sample3	chr8-103348352	125	5	5	TCTGCGCGCTCGCTCGCTCA
test	subjectC	sample3	chr15-94523410	125	5	5	TCTGCGCGCTCGCTCGCTCA
test	subjectC	sample3	chrX-155115279	125	5	5	TCTGCGCGCTCGCTCGCTCA
test	subjectC	sample3	chr4+127432887	125	5	5	TCTGCGCGCTCGCTCGCTCA
test	subjectC	sample3	chrX+27815552	125	5	5	TCTGCGCGCTCGCTCGCTCA
test	subjectC	sample3	chr17+10700567	125	5	5	TCTGCGCGCTCGCTCGCTCA
test	subjectC	sample3	chr4-59330075	125	5	5	TCTGCGCGCTCGCTCGCTCA
test	subjectC	sample3	chr7-72051650	125	5	5	TCTGCGCGCTCGCTCGCTCA
test	subjectC	sample3	chr22-39463361	125	5	5	TCTGCGCGCTCGCTCGCTCA
test	subjectC	sample3	chr4-29963546	125	5	5	TCTGCGCGCTCGCTCGCTCA
test	subjectC	sample3	chr10-70357798	125	5	5	TCTGCGCGCTCGCTCGCTCA
test	subjectC	sample3	chr9-38509611	125	5	5	TCTGCGCGCTCGCTCGCTCA
test	subjectC	sample3	chr7+9607458	125	5	5	TCTGCGCGCTCGCTCGCTCA
test	subjectC	sample3	chr1-221173582	125	5	5	TCTGCGCGCTCGCTCGCTCA
test	subjectC	sample3	chr3+23934027	125	5	5	TCTGCGCGCTCGCTCGCTCA
test	subjectC	sample3	chr10-55152040	125	5	5	TCTGCGCGCTCGCTCGCTCA
test	subjectC	sample3	chr18+74533302	125	5	5	TCTGCGCGCTCGCTCGCTCA
test	subjectC	sample3	chr22+42553858	125	5	5	TCTGCGCGCTCGCTCGCTCA
test	subjectC	sample3	chr15+63831530	125	5	5	TCTGCGCGCTCGCTCGCTCA
test	subjectC	sample3	chr19+50182363	125	5	5	TCTGCGCGCTCGCTCGCTCA
test	subjectC	sample3	chrX+28839492	125	5	5	TCTGCGCGCTCGCTCGCTCA
test	subjectC	sample3	chr3-165558285	125	5	5	TCTGCGCGCTCGCTCGCTCA
test	subjectC	sample3	chr6+33055385	125	5	5	TCTGCGCGCTCGCTCGCTCA
test	subjectC	sample3	chr1+187673404	125	5	5	TCTGCGCGCTCGCTCGCTCA
test	subjectC	sample3	chr8+32896864	125	5	5	TCTGCGCGCTCGCTCGCTCA
test	subjectC	sample3	chr5+63443092	125	5	5	TCTGCGCGCTCGCTCGCTCA
test	subjectC	sample3	chr22+28944579	125	5	5	TCTGCGCGCTCGCTCGCTCA
test	subjectC	sample3	chr6-59712679	125	5	5	TCTGCGCGCTCGCTCGCTCA
test	subjectC	sample3	chr1-230350192	125	5	5	TCTGCGCGCTCGCTCGCTCA
test	subjectC	sample3	chr18-22856141	125	5	5	TCTGCGCGCTCGCTCGCTCA
test	subjectC	sample3	chr14+61555625	125	5	5	TCTGCGCGCTCGCTCGCTCA
test	subjectC	sample3	chr9-16132833	125	5	5	TCTGCGCGCTCGCTCGCTCA
test	subjectC	sample3	chr3-108220900	125	5	5	TCTGCGCGCTCGCTCGCTCA
test	subjectC	sample3	chr17-6678140	125	5	5	TCTGCGCGCTCGCTCGCTCA
test	subjectC	sample3	chr7+124901044	125	5	5	TCTGCGCGCTCGCTCGCTCA
test	subjectC	sample3	chr15+52630928	125	5	5	TCTGCGCGCTCGCTCGCTCA
test	subjectC	sample3	chr3-175808530	125	5	5	TCTGCGCGCTCGCTCGCTCA
test	subjectC	sample3	chr15-63235398	125	5	5	TCTGCGCGCTCGCTCGCTCA
test	subjectC	sample3	chr15+83756026	125	5	5	TCTGCGCGCTCGCTCGCTCA
test	subjectC	sample3	chr3-94201075	125	5	5	TCTGCGCGCTCGCTCGCTCA
test	subjectC	sample3	chr12-36053828	125	5	5	TCTGCGCGCTCGCTCGCTCA
test	subjectC	sample3	chr12+124069448	125	5	5	TCTGCGCGCTCGCTCGCTCA
test	subjectC	sample3	chr19+18218250	125	5	5	TCTGCGCGCTCGCTCGCTCA
test	subjectC	sample3	chr22+10625998	125	5	5	TCTGCGCGCTCGCTCGCTCA
test	subjectC	sample3	chr15-78523401	125	5	5	TCTGCGCGCTCGCTCGCTCA
test	subjectC	sample3	chr18-45358638	125	5	5	TCTGCGCGCTCGCTCGCTCA
test	subjectC	sample3	chr8-76620326	125	5	5	TCTGCGCGCTCGCTCGCTCA
test	subjectC	sample3	chr11+50046603	125	5	5	TCTGCGCGCTCGCTCGCTCA
test	subjectC	sample3	chr21-43334967	125	5	5	TCTGCGCGCTCGCTCGCTCA
test	subjectC	sample3	chr11-111654181	125	5	5	TCTGCGCGCTCGCTCGCTCA
test	subjectC	sample3	chr9-80999235	125	5	5	TCTGCGCGCTCGCTCGCTCA
test	subjectC	sample3	chr10+85533768	125	5	5	TCTGCGCGCTCGCTCGCTCA
test	subjectC	sample3	chr14-87376718	125	5	5	TCTGCGCGCTCGCTCGCTCA
test	subjectC	sample3	chr20+4495593	125	5	5	TCTGCGCGCTCGCTCGCTCA
test	subjectC	sample3	chr22+16204819	125	5	5	TCTGCGCGCTCGCTCGCTCA
test	subjectC	sample3	chr16-4501877	125	5	5	TCTGCGCGCTCGCTCGCTCA
test	subjectC	sample3	chr5-26730039	125	5	5	TCTGCGCGCTCGCTCGCTCA
test	subjectC	sample3	chr22+49235463	125	5	5	TCTGCGCGCTCGCTCGCTCA
test	subjectC	sample3	chr21+36498891	125	5	5	TCTGCGCGCTCGCTCGCTCA
test	subjectC	sample3	chr8+23985266	125	5	5	TCTGCGCGCTCGCTCGCTCA
test	subjectC	sample3	chr1-42175833	125	5	5	TCTGCGCGCTCGCTCGCTCA
test	subjectC	sample3	chr13+82449048	125	5	5	TCTGCGCGCTCGCTCGCTCA
test	subjectC	sample3	chr17-42847427	125	5	5	TCTGCGCGCTCGCTCGCTCA
test	subjectC	sample3	chr12+122000705	125	5	5	TCTGCGCGCTCGCTCGCTCA
test	subjectC	sample3	chr10-92153349	125	5	5	TCTGCGCGCTCGCTCGCTCA
test	subjectC	sample3	chr2-213186372	125	5	5	TCTGCGCGCTCGCTCGCTCA
test	subjectC	sample3	chr14+95818461	125	5	5	TCTGCGCGCTCGCTCGCTCA
test	subjectC	sample3	chr13+34425156	125	5	5	TCTGCGCGCTCGCTCGCTCA
test	subjectC	sample3	chr14+47128776	125	5	5	TCTGCGCGCTCGCTCGCTCA
test	subjectC	sample3	chr7-149353532	125	5	5	TCTGCGCGCTCGCTCGCTCA
test	subjectC	sample3	chr22+34481734	125	5	5	TCTGCGCGCTCGCTCGCTCA
test	subjectC	sample3	chr20+41601641	125	5	5	TCTGCGCGCTCGCTCGCTCA
test	subjectC	sample3	chr16+2486150	125	5	5	TCTGCGCGCTCGCTCGCTCA
test	subjectC	sample3	chr20-9723632	125	5	5	TCTGCGCGCTCGCTCGCTCA
test	subjectC	sample3	chr13+69565754	125	5	5	TCTGCGCGCTCGCTCGCTCA
test	subjectC	sample3	chr5-133567328	125	5	5	TCTGCGCGCTCGCTCGCTCA
test	subjectC	sample3	chr13+80955439	125	5	5	TCTGCGCGCTCGCTCGCTCA
test	subjectC	sample3	chr20-14292817	125	5	5	TCTGCGCGCTCGCTCGCTCA
test	subjectC	sample3	chr11+134537161	125	5	5	TCTGCGCGCTCGCTCGCTCA
test	subjectC	sample3	chrX+12192906	125	5	5	TCTGCGCGCTCGCTCGCTCA
test	subjectC	sample3	chr3-71772045	125	5	5	TCTGCGCGCTCGCTCGCTCA
test	subjectC	sample3	chr11-86490730	125	5	5	TCTGCGCGCTCGCTCGCTCA
test	subjectC	sample3	chr4+134221564	125	5	5	TCTGCGCGCTCGCTCGCTCA
test	subjectC	sample3	chr3+132104231	125	5	5	TCTGCGCGCTCGCTCGCTCA
test	subjectC	sample3	chr6-157610062	125	5	5	TCTGCGCGCTCGCTCGCTCA
test	subjectC	sample3	chrX-111611509	125	5	5	TCTGCGCGCTCGCTCGCTCA
test	subjectC	sample3	chr7+114946231	125	5	5	TCTGCGCGCTCGCTCGCTCA
test	subjectC	sample3	chr15-61739687	125	5	5	TCTGCGCGCTCGCTCGCTCA
test	subjectC	sample3	chr21+15485860	125	5	5	TCTGCGCGCTCGCTCGCTCA
test	subjectC	sample3	chr11+130544777	125	5	5	TCTGCGCGCTCGCTCGCTCA
test	subjectC	sample3	chr14-91039323	125	5	5	TCTGCGCGCTCGCTCGCTCA
test	subjectC	sample3	chr1-120491552	125	5	5	TCTGCGCGCTCGCTCGCTCA
test	subjectC	sample3	chr4-189749791	125	5	5	TCTGCGCGCTCGCTCGCTCA
test	subjectC	sample3	chr21-7747396	125	5	5	TCTGCGCGCTCGCTCGCTCA
test	subjectC	sample3	chr9-81144881	125	5	5	TCTGCGCGCTCGCTCGCTCA
test	subjectC	sample3	chr1+169380258	125	5	5	TCTGCGCGCTCGCTCGCTCA
test	subjectC	sample3	chr2+177089334	125	5	5	TCTGCGCGCTCGCTCGCTCA
test	subjectC	sample3	chr13+83276788	125	5	5	TCTGCGCGCTCGCTCGCTCA
test	subjectC	sample3	chr3+29604006	125	5	5	TCTGCGCGCTCGCTCGCTCA
test	subjectC	sample3	chr22+50096902	125	5	5	TCTGCGCGCTCGCTCGCTCA
test	subjectC	sample3	chr3+35923610	125	5	5	TCTGCGCGCTCGCTCGCTCA
test	subjectC	sample3	chr18+12431711	125	5	5	TCTGCGCGCTCGCTCGCTCA
test	subjectC	sample3	chr19-19459637	125	5	5	TCTGCGCGCTCGCTCGCTCA
test	subjectC	sample3	chr19+9932267	125	5	5	TCTGCGCGCTCGCTCGCTCA
test	subjectC	sample3	chr11+75259273	125	5	5	TCTGCGCGCTCGCTCGCTCA
test	subjectC	sample3	chr11+14430272	125	5	5	TCTGCGCGCTCGCTCGCTCA
test	subjectC	sample3	chr10+127275237	125	5	5	TCTGCGCGCTCGCTCGCTCA
test	subjectC	sample3	chr7+156887342	125	5	5	TCTGCGCGCTCGCTCGCTCA
test	subjectC	sample3	chr10-104044884	125	5	5	TCTGCGCGCTCGCTCGCTCA
test	subjectC	sample3	chr21-23965562	125	5	5	TCTGCGCGCTCGCTCGCTCA
test	subjectC	sample3	chr12-121466343	125	5	5	TCTGCGCGCTCGCTCGCTCA
test	subjectC	sample3	chr17+32889477	125	5	5	TCTGCGCGCTCGCTCGCTCA
test	subjectC	sample3	chr8-71396497	125	5	5	TCTGCGCGCTCGCTCGCTCA
test	subjectC	sample3	chr10-40853716	125	5	5	TCTGCGCGCTCGCTCGCTCA
test	subjectC	sample3	chr16+25978650	125	5	5	TCTGCGCGCTCGCTCGCTCA
test	subjectC	sample3	chr9+36243008	125	5	5	TCTGCGCGCTCGCTCGCTCA
test	subjectC	sample3	chr22-10753056	125	5	5	TCTGCGCGCTCGCTCGCTCA
test	subjectC	sample3	chr10-71350810	125	5	5	TCTGCGCGCTCGCTCGCTCA
test	subjectC	sample3	chr15+63152737	125	5	5	TCTGCGCGCTCGCTCGCTCA
test	subjectC	sample3	chr12+51167747	125	5	5	TCTGCGCGCTCGCTCGCTCA
test	subjectC	sample3	chr2-225517608	125	5	5	TCTGCGCGCTCGCTCGCTCA
test	subjectC	sample3	chr15+27709087	125	5	5	TCTGCGCGCTCGCTCGCTCA
test	subjectC	sample3	chr5-25236137	125	5	5	TCTGCGCGCTCGCTCGCTCA
test	subjectC	sample3	chr12-118360627	125	5	5	TCTGCGCGCTCGCTCGCTCA
test	subjectC	sample3	chr12+7633504	125	5	5	TCTGCGCGCTCGCTCGCTCA
test	subjectC	sample3	chr19-25722542	125	5	5	TCTGCGCGCTCGCTCGCTCA
test	subjectC	sample3	chr18-77451833	125	5	5	TCTGCGCGCTCGCTCGCTCA
test	subjectC	sample3	chr21-30819975	125	5	5	TCTGCGCGCTCGCTCGCTCA
test	subjectC	sample3	chr5-89982647	125	5	5	TCTGCGCGCTCGCTCGCTCA
test	subjectC	sample3	chr11-69828725	125	5	5	TCTGCGCGCTCGCTCGCTCA
test	subjectC	sample3	chr14-35403748	125	5	5	TCTGCGCGCTCGCTCGCTCA
test	subjectC	sample3	chr8+15201213	125	5	5	TCTGCGCGCTCGCTCGCTCA
test	subjectC	sample3	chr20+54539077	125	5	5	TCTGCGCGCTCGCTCGCTCA
test	subjectC	sample3	chr3+81660315	125	5	5	TCTGCGCGCTCGCTCGCTCA
test	subjectC	sample3	chr14-70637256	125	5	5	TCTGCGCGCTCGCTCGCTCA
test	subjectC	sample3	chr1-34930621	125	5	5	TCTGCGCGCTCGCTCGCTCA
test	subjectC	sample3	chr4+146602096	125	5	5	TCTGCGCGCTCGCTCGCTCA
test	subjectC	sample3	chr18-5672991	125	5	5	TCTGCGCGCTCGCTCGCTCA
test	subjectC	sample3	chr16+65272945	125	5	5	TCTGCGCGCTCGCTCGCTCA
test	subjectC	sample3	chrX+11220296	125	5	5	TCTGCGCGCTCGCTCGCTCA
test	subjectC	sample3	chr11+20395937	125	5	5	TCTGCGCGCTCGCTCGCTCA
test	subjectC	sample3	chr1-88031489	125	5	5	TCTGCGCGCTCGCTCGCTCA
test	subjectC	sample3	chr17+15710305	125	5	5	TCTGCGCGCTCGCTCGCTCA
test	subjectC	sample3	chr11+41353679	125	5	5	TCTGCGCGCTCGCTCGCTCA
test	subjectC	sample3	chr13-40272554	125	5	5	TCTGCGCGCTCGCTCGCTCA
test	subjectC	sample3	chrX+53879167	125	5	5	TCTGCGCGCTCGCTCGCTCA
test	subjectC	sample3	chr10-27838216	125	5	5	TCTGCGCGCTCGCTCGCTCA
test	subjectC	sample3	chr6+2386034	125	5	5	TCTGCGCGCTCGCTCGCTCA
test	subjectC	sample3	chr22+33904323	125	5	5	TCTGCGCGCTCGCTCGCTCA
test	subjectC	sample3	chr6+32625779	125	5	5	TCTGCGCGCTCGCTCGCTCA
test	subjectC	sample3	chr12-26110720	125	5	5	TCTGCGCGCTCGCTCGCTCA
test	subjectC	sample3	chr13+104323954	125	5	5	TCTGCGCGCTCGCTCGCTCA
test	subjectC	sample3	chr3-73783581	125	5	5	TCTGCGCGCTCGCTCGCTCA
test	subjectC	sample3	chr10-28145205	125	5	5	TCTGCGCGCTCGCTCGCTCA
test	subjectC	sample3	chr7+115078161	125	5	5	TCTGCGCGCTCGCTCGCTCA
test	subjectC	sample3	chr20-17964024	125	5	5	TCTGCGCGCTCGCTCGCTCA
test	subjectC	sample3	chr20+27169356	125	5	5	TCTGCGCGCTCGCTCGCTCA
test	subjectC	sample3	chr17-33387665	125	5	5	TCTGCGCGCTCGCTCGCTCA
test	subjectC	sample3	chr2-216670242	125	5	5	TCTGCGCGCTCGCTCGCTCA
test	subjectC	sample3	chr5+22639364	125	5	5	TCTGCGCGCTCGCTCGCTCA
test	subjectC	sample3	chr8-135936396	125	5	5	TCTGCGCGCTCGCTCGCTCA
test	subjectC	sample3	chr9-107682879	125	5	5	TCTGCGCGCTCGCTCGCTCA
test	subjectC	sample3	chr8+104707736	125	5	5	TCTGCGCGCTCGCTCGCTCA
test	subjectC	sample3	chr19+20105271	125	5	5	TCTGCGCGCTCGCTCGCTCA
test	subjectC	sample3	chr13+58617202	125	5	5	TCTGCGCGCTCGCTCGCTCA
test	subjectC	sample3	chr10-91232893	125	5	5	TCTGCGCGCTCGCTCGCTCA
test	subjectC	sample3	chr4-89579389	125	5	5	TCTGCGCGCTCGCTCGCTCA
test	subjectC	sample3	chr9-105511238	125	5	5	TCTGCGCGCTCGCTCGCTCA
test	subjectC	sample3	chr7-2877137	125	5	5	TCTGCGCGCTCGCTCGCTCA
test	subjectC	sample3	chr21+12389953	125	5	5	TCTGCGCGCTCGCTCGCTCA
test	subjectC	sample3	chr15+57340809	125	5	5	TCTGCGCGCTCGCTCGCTCA
test	subjectC	sample3	chr12-104617677	125	5	5	TCTGCGCGCTCGCTCGCTCA
test	subjectC	sample3	chr21+18662905	125	5	5	TCTGCGCGCTCGCTCGCTCA
test	subjectC	sample3	chr9-37381361	125	5	5	TCTGCGCGCTCGCTCGCTCA
test	subjectC	sample3	chr18+65213984	125	5	5	TCTGCGCGCTCGCTCGCTCA
test	subjectC	sample3	chr1-233799507	125	5	5	TCTGCGCGCTCGCTCGCTCA
test	subjectC	sample3	chr16-82202058	125	5	5	TCTGCGCGCTCGCTCGCTCA
test	subjectC	sample3	chr16+77362318	125	5	5	TCTGCGCGCTCGCTCGCTCA
test	subjectC	sample3	chr20+9042955	125	5	5	TCTGCGCGCTCGCTCGCTCA
test	subjectC	sample3	chr3+76688102	125	5	5	TCTGCGCGCTCGCTCGCTCA
test	subjectC	sample3	chr13-49229334	125	5	5	TCTGCGCGCTCGCTCGCTCA
test	subjectC	sample3	chr4+38553061	125	5	5	TCTGCGCGCTCGCTCGCTCA
test	subjectC	sample3	chr20-12405144	125	5	5	TCTGCGCGCTCGCTCGCTCA
test	subjectC	sample3	chr11-30955033	125	5	5	TCTGCGCGCTCGCTCGCTCA
test	subjectC	sample3	chr9+81794992	125	5	5	TCTGCGCGCTCGCTCGCTCA
test	subjectC	sample3	chr2+103248509	125	5	5	TCTGCGCGCTCGCTCGCTCA
test	subjectC	sample3	chr3-12305066	125	5	5	TCTGCGCGCTCGCTCGCTCA
test	subjectC	sample3	chr22-47110807	125	5	5	TCTGCGCGCTCGCTCGCTCA
test	subjectC	sample3	chr21-46623812	125	5	5	TCTGCGCGCTCGCTCGCTCA
test	subjectC	sample3	chr2+86957264	125	5	5	TCTGCGCGCTCGCTCGCTCA
test	subjectC	sample3	chr17-36595278	125	5	5	TCTGCGCGCTCGCTCGCTCA
test	subjectC	sample3	chr1-196324525	125	5	5	TCTGCGCGCTCGCTCGCTCA
test	subjectC	sample3	chr17+66157032	125	5	5	TCTGCGCGCTCGCTCGCTCA
test	subjectC	sample3	chrX+43228923	125	5	5	TCTGCGCGCTCGCTCGCTCA
test	subjectC	sample3	chr5+21786218	125	5	5	TCTGCGCGCTCGCTCGCTCA
test	subjectC	sample3	chr7+60809722	125	5	5	TCTGCGCGCTCGCTCGCTCA
test	subjectC	sample3	chr17+61088572	125	5	5	TCTGCGCGCTCGCTCGCTCA
test	subjectC	sample3	chr9+67872428	125	5	5	TCTGCGCGCTCGCTCGCTCA
test	subjectC	sample3	chr17+54875371	125	5	5	TCTGCGCGCTCGCTCGCTCA
test	subjectC	sample3	chr16-12889866	125	5	5	TCTGCGCGCTCGCTCGCTCA
test	subjectC	sample3	chr22+26278541	125	5	5	TCTGCGCGCTCGCTCGCTCA
test	subjectC	sample3	chr13+82066771	125	5	5	TCTGCGCGCTCGCTCGCTCA
test	subjectC	sample3	chr16+81661793	125	5	5	TCTGCGCGCTCGCTCGCTCA
test	subjectC	sample3	chr19+27488230	125	5	5	TCTGCGCGCTCGCTCGCTCA
test	subjectC	sample3	chr1-6927682	125	5	5	TCTGCGCGCTCGCTCGCTCA
test	subjectC	sample3	chr7-97961943	125	5	5	TCTGCGCGCTCGCTCGCTCA
test	subjectC	sample3	chr3-153813651	125	5	5	TCTGCGCGCTCGCTCGCTCA
test	subjectC	sample3	chr19-53501788	125	5	5	TCTGCGCGCTCGCTCGCTCA
test	subjectC	sample3	chr22-39858235	125	5	5	TCTGCGCGCTCGCTCGCTCA
test	subjectC	sample3	chr12-5221282	125	5	5	TCTGCGCGCTCGCTCGCTCA
test	subjectC	sample3	chr5+165451239	125	5	5	TCTGCGCGCTCGCTCGCTCA
test	subjectC	sample3	chr5-117489961	125	5	5	TCTGCGCGCTCGCTCGCTCA
test	subjectC	sample3	chr19-23938778	125	5	5	TCTGCGCGCTCGCTCGCTCA
test	subjectC	sample3	chr22+19029773	125	5	5	TCTGCGCGCTCGCTCGCTCA
test	subjectC	sample3	chr14+81407099	125	5	5	TCTGCGCGCTCGCTCGCTCA
test	subjectC	sample3	chr12+92971197	125	5	5	TCTGCGCGCTCGCTCGCTCA
test	subjectC	sample3	chr15-48222983	125	5	5	TCTGCGCGCTCGCTCGCTCA
test	subjectC	sample3	chr22-43203932	125	5	5	TCTGCGCGCTCGCTCGCTCA
test	subjectC	sample3	chr11+106871871	125	5	5	TCTGCGCGCTCGCTCGCTCA
test	subjectC	sample3	chr14+76652900	125	5	5	TCTGCGCGCTCGCTCGCTCA
test	subjectC	sample3	chr7+72894790	125	5	5	TCTGCGCGCTCGCTCGCTCA
test	subjectC	sample3	chr16-35553092	125	5	5	TCTGCGCGCTCGCTCGCTCA
test	subjectC	sample3	chr7+121710252	125	5	5	TCTGCGCGCTCGCTCGCTCA
test	subjectC	sample3	chr19+2069609	125	5	5	TCTGCGCGCTCGCTCGCTCA
test	subjectC	sample3	chr11+43182285	125	5	5	TCTGCGCGCTCGCTCGCTCA
test	subjectC	sample3	chr19+43073995	125	5	5	TCTGCGCGCTCGCTCGCTCA
test	subjectC	sample3	chr5-8227546	125	5	5	TCTGCGCGCTCGCTCGCTCA
test	subjectC	sample3	chr14+66801933	125	5	5	TCTGCGCGCTCGCTCGCTCA
test	subjectC	sample3	chr19+11102630	125	5	5	TCTGCGCGCTCGCTCGCTCA
test	subjectC	sample3	chr16-84456558	125	5	5	TCTGCGCGCTCGCTCGCTCA
test	subjectC	sample3	chr7+156257954	125	5	5	TCTGCGCGCTCGCTCGCTCA
test	subjectC	sample3	chr21+32090043	125	5	5	TCTGCGCGCTCGCTCGCTCA
test	subjectC	sample3	chr21-13196611	125	5	5	TCTGCGCGCTCGCTCGCTCA
test	subjectC	sample3	chr8+90727404	125	5	5	TCTGCGCGCTCGCTCGCTCA
test	subjectC	sample3	chr5+112822047	125	5	5	TCTGCGCGCTCGCTCGCTCA
test	subjectC	sample3	chr11+112397209	125	5	5	TCTGCGCGCTCGCTCGCTCA
test	subjectC	sample3	chr20-13232110	125	5	5	TCTGCGCGCTCGCTCGCTCA
test	subjectC	sample3	chr9+128944361	125	5	5	TCTGCGCGCTCGCTCGCTCA
test	subjectC	sample3	chr17-17760397	125	5	5	TCTGCGCGCTCGCTCGCTCA
test	subjectC	sample3	chr13-60751432	125	5	5	TCTGCGCGCTCGCTCGCTCA
test	subjectC	sample3	chr21+28474791	125	5	5	TCTGCGCGCTCGCTCGCTCA
test	subjectC	sample3	chr11-103693227	125	5	5	TCTGCGCGCTCGCTCGCTCA
test	subjectC	sample3	chr3+744784	125	5	5	TCTGCGCGCTCGCTCGCTCA
test	subjectC	sample3	chr3+106988691	125	5	5	TCTGCGCGCTCGCTCGCTCA
test	subjectC	sample3	chr1-237189112	125	5	5	TCTGCGCGCTCGCTCGCTCA
test	subjectC	sample3	chr19+49790784	125	5	5	TCTGCGCGCTCGCTCGCTCA
test	subjectC	sample3	chr16+78062920	125	5	5	TCTGCGCGCTCGCTCGCTCA
test	subjectC	sample3	chr2-192304771	125	5	5	TCTGCGCGCTCGCTCGCTCA
test	subjectC	sample3	chrX-133565052	125	5	5	TCTGCGCGCTCGCTCGCTCA
test	subjectC	sample3	chrX+9899503	125	5	5	TCTGCGCGCTCGCTCGCTCA
test	subjectC	sample3	chr9-32955792	125	5	5	TCTGCGCGCTCGCTCGCTCA
test	subjectC	sample3	chr13+33964476	125	5	5	TCTGCGCGCTCGCTCGCTCA
test	subjectC	sample3	chr9+6403611	125	5	5	TCTGCGCGCTCGCTCGCTCA
test	subjectC	sample3	chr17+75418479	125	5	5	TCTGCGCGCTCGCTCGCTCA
test	subjectC	sample3	chr22+24395497	125	5	5	TCTGCGCGCTCGCTCGCTCA
test	subjectC	sample3	chr21+35899695	125	5	5	TCTGCGCGCTCGCTCGCTCA
test	subjectC	sample3	chr16+72269766	125	5	5	TCTGCGCGCTCGCTCGCTCA
test	subjectC	sample3	chr20-55067351	125	5	5	TCTGCGCGCTCGCTCGCTCA
test	subjectC	sample3	chr11+44055626	125	5	5	TCTGCGCGCTCGCTCGCTCA
test	subjectC	sample3	chr18+13478417	125	5	5	TCTGCGCGCTCGCTCGCTCA
test	subjectC	sample3	chr1-82632148	125	5	5	TCTGCGCGCTCGCTCGCTCA
test	subjectC	sample3	chr9+77174404	125	5	5	TCTGCGCGCTCGCTCGCTCA
test	subjectC	sample3	chr11+121407239	125	5	5	TCTGCGCGCTCGCTCGCTCA
test	subjectC	sample3	chr20+24220971	125	5	5	TCTGCGCGCTCGCTCGCTCA
test	subjectC	sample3	chr18+55826999	125	5	5	TCTGCGCGCTCGCTCGCTCA
test	subjectC	sample3	chr22+34241086	125	5	5	TCTGCGCGCTCGCTCGCTCA
test	subjectC	sample3	chr4-86295157	125	5	5	TCTGCGCGCTCGCTCGCTCA
test	subjectC	sample3	chr14-45535882	125	5	5	TCTGCGCGCTCGCTCGCTCA
test	subjectC	sample3	chr3+59898389	125	5	5	TCTGCGCGCTCGCTCGCTCA
test	subjectC	sample3	chr3+98591932	125	5	5	TCTGCGCGCTCGCTCGCTCA
test	subjectC	sample3	chr13-97667201	125	5	5	TCTGCGCGCTCGCTCGCTCA
test	subjectC	sample3	chr12-86485773	125	5	5	TCTGCGCGCTCGCTCGCTCA
test	subjectC	sample3	chr14+27530890	125	5	5	TCTGCGCGCTCGCTCGCTCA
test	subjectC	sample3	chr21+34713904	125	5	5	TCTGCGCGCTCGCTCGCTCA
test	subjectC	sample3	chr8+111132201	125	5	5	TCTGCGCGCTCGCTCGCTCA
test	subjectC	sample3	chr20-55592999	125	5	5	TCTGCGCGCTCGCTCGCTCA
test	subjectC	sample3	chr7-36796704	125	5	5	TCTGCGCGCTCGCTCGCTCA
test	subjectC	sample3	chrX+76970870	125	5	5	TCTGCGCGCTCGCTCGCTCA
test	subjectC	sample3	chr6+52468348	125	5	5	TCTGCGCGCTCGCTCGCTCA
test	subjectC	sample3	chr15+35181380	125	5	5	TCTGCGCGCTCGCTCGCTCA
test	subjectC	sample3	chr21+6448380	125	5	5	TCTGCGCGCTCGCTCGCTCA
test	subjectC	sample3	chr18+12419063	125	5	5	TCTGCGCGCTCGCTCGCTCA
test	subjectC	sample3	chr21-23125365	125	5	5	TCTGCGCGCTCGCTCGCTCA
test	subjectC	sample3	chrX-7985914	125	5	5	TCTGCGCGCTCGCTCGCTCA
test	subjectC	sample3	chr7+96418092	125	5	5	TCTGCGCGCTCGCTCGCTCA
test	subjectC	sample3	chr18-23803956	125	5	5	TCTGCGCGCTCGCTCGCTCA
test	subjectC	sample3	chr1+185031824	125	5	5	TCTGCGCGCTCGCTCGCTCA
test	subjectC	sample3	chr18+12951458	125	5	5	TCTGCGCGCTCGCTCGCTCA
test	subjectC	sample3	chr6+51077811	125	5	5	TCTGCGCGCTCGCTCGCTCA
test	subjectC	sample3	chr1-86484868	125	5	5	TCTGCGCGCTCGCTCGCTCA
test	subjectC	sample3	chr14-75810718	125	5	5	TCTGCGCGCTCGCTCGCTCA
test	subjectC	sample3	chr6-21694524	125	5	5	TCTGCGCGCTCGCTCGCTCA
test	subjectC	sample3	chr7-59203893	125	5	5	TCTGCGCGCTCGCTCGCTCA
test	subjectC	sample3	chr15+67936722	125	5	5	TCTGCGCGCTCGCTCGCTCA
test	subjectC	sample3	chr4-69668540	125	5	5	TCTGCGCGCTCGCTCGCTCA
test	subjectC	sample3	chr11+18424585	125	5	5	TCTGCGCGCTCGCTCGCTCA
test	subjectC	sample3	chr2+142318148	125	5	5	TCTGCGCGCTCGCTCGCTCA
test	subjectC	sample3	chr12-118449659	125	5	5	TCTGCGCGCTCGCTCGCTCA
test	subjectC	sample3	chr19-1832517	125	5	5	TCTGCGCGCTCGCTCGCTCA
test	subjectC	sample3	chrX+109328150	125	5	5	TCTGCGCGCTCGCTCGCTCA
test	subjectC	sample3	chr17-25298279	125	5	5	TCTGCGCGCTCGCTCGCTCA
test	subjectC	sample3	chr19+27384921	125	5	5	TCTGCGCGCTCGCTCGCTCA
test	subjectC	sample3	chr22-14805423	125	5	5	TCTGCGCGCTCGCTCGCTCA
test	subjectC	sample3	chr14-101171930	125	5	5	TCTGCGCGCTCGCTCGCTCA
test	subjectC	sample3	chr4-56507584	125	5	5	TCTGCGCGCTCGCTCGCTCA
test	subjectC	sample3	chr6-96614527	125	5	5	TCTGCGCGCTCGCTCGCTCA
test	subjectC	sample3	chr14-28604727	125	5	5	TCTGCGCGCTCGCTCGCTCA
test	subjectC	sample3	chr13+20882053	125	5	5	TCTGCGCGCTCGCTCGCTCA
test	subjectC	sample3	chr2-158858520	125	5	5	TCTGCGCGCTCGCTCGCTCA
test	subjectC	sample3	chr3-122134330	125	5	5	TCTGCGCGCTCGCTCGCTCA
test	subjectC	sample3	chr19-45283323	125	5	5	TCTGCGCGCTCGCTCGCTCA
test	subjectC	sample3	chr4+64289173	125	5	5	TCTGCGCGCTCGCTCGCTCA
test	subjectC	sample3	chr19+56442321	125	5	5	TCTGCGCGCTCGCTCGCTCA
test	subjectC	sample3	chr22+17473341	125	5	5	TCTGCGCGCTCGCTCGCTCA
test	subjectC	sample3	chr7-72928753	125	5	5	TCTGCGCGCTCGCTCGCTCA
test	subjectC	sample3	chr12-120921138	125	5	5	TCTGCGCGCTCGCTCGCTCA
test	subjectC	sample3	chr2+90278054	125	5	5	TCTGCGCGCTCGCTCGCTCA
test	subjectC	sample3	chr4-130991621	125	5	5	TCTGCGCGCTCGCTCGCTCA
test	subjectC	sample3	chr2+2889225	125	5	5	TCTGCGCGCTCGCTCGCTCA
test	subjectC	sample3	chr10-72368502	125	5	5	TCTGCGCGCTCGCTCGCTCA
test	subjectC	sample3	chr6+85618207	125	5	5	TCTGCGCGCTCGCTCGCTCA
test	subjectC	sample3	chr13-54731423	125	5	5	TCTGCGCGCTCGCTCGCTCA
test	subjectC	sample3	chr10-56991616	125	5	5	TCTGCGCGCTCGCTCGCTCA
test	subjectC	sample3	chr9+7051336	125	5	5	TCTGCGCGCTCGCTCGCTCA
test	subjectC	sample3	chr11+100011362	125	5	5	TCTGCGCGCTCGCTCGCTCA
test	subjectC	sample3	chr14+43222616	125	5	5	TCTGCGCGCTCGCTCGCTCA
test	subjectC	sample3	chr20+13325569	125	5	5	TCTGCGCGCTCGCTCGCTCA
test	subjectC	sample3	chr22-35771505	125	5	5	TCTGCGCGCTCGCTCGCTCA
test	subjectC	sample3	chr9+90749103	125	5	5	TCTGCGCGCTCGCTCGCTCA
test	subjectC	sample3	chr10-5041192	125	5	5	TCTGCGCGCTCGCTCGCTCA
test	subjectC	sample3	chr4-54395553	125	5	5	TCTGCGCGCTCGCTCGCTCA
test	subjectC	sample3	chr10+6161282	125	5	5	TCTGCGCGCTCGCTCGCTCA
test	subjectC	sample3	chr8+43278877	125	5	5	TCTGCGCGCTCGCTCGCTCA
test	subjectC	sample3	chr6-97054502	125	5	5	TCTGCGCGCTCGCTCGCTCA
test	subjectC	sample3	chr17-71751620	125	5	5	TCTGCGCGCTCGCTCGCTCA
test	subjectC	sample3	chr16+66354150	125	5	5	TCTGCGCGCTCGCTCGCTCA
test	subjectC	sample3	chr3+195329585	125	5	5	TCTGCGCGCTCGCTCGCTCA
test	subjectC	sample3	chr21-29669810	125	5	5	TCTGCGCGCTCGCTCGCTCA
test	subjectC	sample3	chr5+44627878	125	5	5	TCTGCGCGCTCGCTCGCTCA
test	subjectC	sample3	chr12+108989226	125	5	5	TCTGCGCGCTCGCTCGCTCA
test	subjectC	sample3	chr3+24342968	125	5	5	TCTGCGCGCTCGCTCGCTCA
test	subjectC	sample3	chr2-125483591	125	5	5	TCTGCGCGCTCGCTCGCTCA
test	subjectC	sample3	chr3-22015031	125	5	5	TCTGCGCGCTCGCTCGCTCA
test	subjectC	sample3	chr8+27659461	125	5	5	TCTGCGCGCTCGCTCGCTCA
test	subjectC	sample3	chr21+16880359	125	5	5	TCTGCGCGCTCGCTCGCTCA
test	subjectC	sample3	chr19-20908748	125	5	5	TCTGCGCGCTCGCTCGCTCA
test	subjectC	sample3	chr19+42458833	125	5	5	TCTGCGCGCTCGCTCGCTCA
test	subjectC	sample3	chr5-175359485	125	5	5	TCTGCGCGCTCGCTCGCTCA
test	subjectC	sample3	chr3-16998019	125	5	5	TCTGCGCGCTCGCTCGCTCA
test	subjectC	sample3	chr21-32264582	125	5	5	TCTGCGCGCTCGCTCGCTCA
test	subjectC	sample3	chr13-69164673	125	5	5	TCTGCGCGCTCGCTCGCTCA
test	subjectC	sample3	chr6-27452647	125	5	5	TCTGCGCGCTCGCTCGCTCA
test	subjectC	sample3	chrX-94195638	125	5	5	TCTGCGCGCTCGCTCGCTCA
test	subjectC	sample3	chr8-69707525	125	5	5	TCTGCGCGCTCGCTCGCTCA
test	subjectC	sample3	chr8+511919	125	5	5	TCTGCGCGCTCGCTCGCTCA
test	subjectC	sample3	chr22+43830770	125	5	5	TCTGCGCGCTCGCTCGCTCA
test	subjectC	sample3	chr1+220274295	125	5	5	TCTGCGCGCTCGCTCGCTCA
test	subjectC	sample3	chr11+12783337	125	5	5	TCTGCGCGCTCGCTCGCTCA
test	subjectC	sample3	chr17+43412628	125	5	5	TCTGCGCGCTCGCTCGCTCA
test	subjectC	sample3	chr12+17297912	125	5	5	TCTGCGCGCTCGCTCGCTCA
test	subjectC	sample3	chr14+70203126	125	5	5	TCTGCGCGCTCGCTCGCTCA
test	subjectC	sample3	chr15+76603654	125	5	5	TCTGCGCGCTCGCTCGCTCA
test	subjectC	sample3	chr21+31239637	125	5	5	TCTGCGCGCTCGCTCGCTCA
test	subjectC	sample3	chr19-55603622	125	5	5	TCTGCGCGCTCGCTCGCTCA
test	subjectC	sample3	chr19-33285277	125	5	5	TCTGCGCGCTCGCTCGCTCA
test	subjectC	sample3	chr8+36089898	125	5	5	TCTGCGCGCTCGCTCGCTCA
test	subjectC	sample3	chr4+156167283	125	5	5	TCTGCGCGCTCGCTCGCTCA
test	subjectC	sample3	chr13-95320447	125	5	5	TCTGCGCGCTCGCTCGCTCA
test	subjectC	sample3	chr10+102773383	125	5	5	TCTGCGCGCTCGCTCGCTCA
test	subjectC	sample3	chr15+54854708	125	5	5	TCTGCGCGCTCGCTCGCTCA
test	subjectC	sample3	chr14+25597872	125	5	5	TCTGCGCGCTCGCTCGCTCA
test	subjectC	sample3	chr3-91390717	125	5	5	TCTGCGCGCTCGCTCGCTCA
test	subjectC	sample3	chr5+64055347	125	5	5	TCTGCGCGCTCGCTCGCTCA
test	subjectC	sample3	chr17-61133420	125	5	5	TCTGCGCGCTCGCTCGCTCA
test	subjectC	sample3	chr14+46717352	125	5	5	TCTGCGCGCTCGCTCGCTCA
test	subjectC	sample3	chr4+114700423	125	5	5	TCTGCGCGCTCGCTCGCTCA
test	subjectC	sample3	chr14+66586181	125	5	5	TCTGCGCGCTCGCTCGCTCA
test	subjectC	sample3	chr12-99057429	125	5	5	TCTGCGCGCTCGCTCGCTCA
test	subjectC	sample3	chr5-3453820	125	5	5	TCTGCGCGCTCGCTCGCTCA
test	subjectC	sample3	chr16+67059685	125	5	5	TCTGCGCGCTCGCTCGCTCA
test	subjectC	sample3	chr1+34920767	125	5	5	TCTGCGCGCTCGCTCGCTCA
test	subjectC	sample3	chrX-106302778	125	5	5	TCTGCGCGCTCGCTCGCTCA
test	subjectC	sample3	chr1-241957663	125	5	5	TCTGCGCGCTCGCTCGCTCA
test	subjectC	sample3	chr2-188011825	125	5	5	TCTGCGCGCTCGCTCGCTCA
test	subjectC	sample3	chr12+20338820	125	5	5	TCTGCGCGCTCGCTCGCTCA
test	subjectC	sample3	chr8+93383581	125	5	5	TCTGCGCGCTCGCTCGCTCA
test	subjectC	sample3	chr22+36632086	125	5	5	TCTGCGCGCTCGCTCGCTCA
test	subjectC	sample3	chr15+60653441	125	5	5	TCTGCGCGCTCGCTCGCTCA
test	subjectC	sample3	chr5+149452397	125	5	5	TCTGCGCGCTCGCTCGCTCA
test	subjectC	sample3	chr15-48145410	125	5	5	TCTGCGCGCTCGCTCGCTCA
test	subjectC	sample3	chr1+221343183	125	5	5	TCTGCGCGCTCGCTCGCTCA
test	subjectC	sample3	chr1-215144676	125	5	5	TCTGCGCGCTCGCTCGCTCA
test	subjectC	sample3	chr22-36849018	125	5	5	TCTGCGCGCTCGCTCGCTCA
test	subjectC	sample3	chr7+7642310	125	5	5	TCTGCGCGCTCGCTCGCTCA
test	subjectC	sample3	chr3-125390115	125	5	5	TCTGCGCGCTCGCTCGCTCA
test	subjectC	sample3	chr18-45901650	125	5	5	TCTGCGCGCTCGCTCGCTCA
test	subjectC	sample3	chr21+29649483	125	5	5	TCTGCGCGCTCGCTCGCTCA
test	subjectC	sample3	chr4+156866838	125	5	5	TCTGCGCGCTCGCTCGCTCA
test	subjectC	sample3	chr3-4603834	125	5	5	TCTGCGCGCTCGCTCGCTCA
test	subjectC	sample3	chr2+32995316	125	5	5	TCTGCGCGCTCGCTCGCTCA
test	subjectC	sample3	chr13-70856052	125	5	5	TCTGCGCGCTCGCTCGCTCA
test	subjectC	sample3	chr3-97585776	125	5	5	TCTGCGCGCTCGCTCGCTCA
test	subjectC	sample3	chr21-23821793	125	5	5	TCTGCGCGCTCGCTCGCTCA
test	subjectC	sample3	chr22+25394787	125	5	5	TCTGCGCGCTCGCTCGCTCA
test	subjectC	sample3	chr19+8975182	125	5	5	TCTGCGCGCTCGCTCGCTCA
test	subjectC	sample3	chr10-120856962	125	5	5	TCTGCGCGCTCGCTCGCTCA
test	subjectC	sample3	chr1-59982458	125	5	5	TCTGCGCGCTCGCTCGCTCA
test	subjectC	sample3	chr6-97680467	125	5	5	TCTGCGCGCTCGCTCGCTCA
test	subjectC	sample3	chr14+65020256	125	5	5	TCTGCGCGCTCGCTCGCTCA
test	subjectC	sample3	chr1-7729145	125	5	5	TCTGCGCGCTCGCTCGCTCA
test	subjectC	sample3	chr1-230044187	125	5	5	TCTGCGCGCTCGCTCGCTCA
test	subjectC	sample3	chr2-218832795	125	5	5	TCTGCGCGCTCGCTCGCTCA
test	subjectC	sample3	chr2+180067591	125	5	5	TCTGCGCGCTCGCTCGCTCA
test	subjectC	sample3	chr3-165376221	125	5	5	TCTGCGCGCTCGCTCGCTCA
test	subjectC	sample3	chr19+52320802	125	5	5	TCTGCGCGCTCGCTCGCTCA
test	subjectC	sample3	chr16+754926	125	5	5	TCTGCGCGCTCGCTCGCTCA
test	subjectC	sample3	chr9+77490836	125	5	5	TCTGCGCGCTCGCTCGCTCA
test	subjectC	sample3	chr21-25939152	125	5	5	TCTGCGCGCTCGCTCGCTCA
test	subjectC	sample3	chr8+62496820	125	5	5	TCTGCGCGCTCGCTCGCTCA
test	subjectC	sample3	chr4-68214578	125	5	5	TCTGCGCGCTCGCTCGCTCA
test	subjectC	sample3	chr4+169353515	125	5	5	TCTGCGCGCTCGCTCGCTCA
test	subjectC	sample3	chr1+226532938	125	5	5	TCTGCGCGCTCGCTCGCTCA
test	subjectC	sample3	chr18+46365876	125	5	5	TCTGCGCGCTCGCTCGCTCA
test	subjectC	sample3	chr2+136822572	125	5	5	TCTGCGCGCTCGCTCGCTCA
test	subjectC	sample3	chr14+65450070	125	5	5	TCTGCGCGCTCGCTCGCTCA
test	subjectC	sample3	chr2+168012751	125	5	5	TCTGCGCGCTCGCTCGCTCA
test	subjectC	sample3	chr16-50494215	125	5	5	TCTGCGCGCTCGCTCGCTCA
test	subjectC	sample3	chr13-34542918	125	5	5	TCTGCGCGCTCGCTCGCTCA
test	subjectC	sample3	chr4+87332058	125	5	5	TCTGCGCGCTCGCTCGCTCA
test	subjectC	sample3	chr11-111734779	125	5	5	TCTGCGCGCTCGCTCGCTCA
test	subjectC	sample3	chr17+33356793	125	5	5	TCTGCGCGCTCGCTCGCTCA
test	subjectC	sample3	chr15+42553556	125	5	5	TCTGCGCGCTCGCTCGCTCA
test	subjectC	sample3	chr6+86083534	125	5	5	TCTGCGCGCTCGCTCGCTCA
test	subjectC	sample3	chr14-101373861	125	5	5	TCTGCGCGCTCGCTCGCTCA
test	subjectC	sample3	chr16+86123875	125	5	5	TCTGCGCGCTCGCTCGCTCA
test	subjectC	sample3	chr14-83281304	125	5	5	TCTGCGCGCTCGCTCGCTCA
test	subjectC	sample3	chr9+10758152	125	5	5	TCTGCGCGCTCGCTCGCTCA
test	subjectC	sample3	chr6+59391267	125	5	5	TCTGCGCGCTCGCTCGCTCA
test	subjectC	sample3	chr12+60569085	125	5	5	TCTGCGCGCTCGCTCGCTCA
test	subjectC	sample3	chr12+4070212	125	5	5	TCTGCGCGCTCGCTCGCTCA
test	subjectC	sample3	chr11-12282754	125	5	5	TCTGCGCGCTCGCTCGCTCA
test	subjectC	sample3	chr5+135564149	125	5	5	TCTGCGCGCTCGCTCGCTCA
test	subjectC	sample3	chr13-47891473	125	5	5	TCTGCGCGCTCGCTCGCTCA
test	subjectC	sample3	chr1-234280651	125	5	5	TCTGCGCGCTCGCTCGCTCA
test	subjectC	sample3	chr16+77870140	125	5	5	TCTGCGCGCTCGCTCGCTCA
test	subjectC	sample3	chr1-103283314	125	5	5	TCTGCGCGCTCGCTCGCTCA
test	subjectC	sample3	chr15-37269126	125	5	5	TCTGCGCGCTCGCTCGCTCA
test	subjectC	sample3	chr13-72037799	125	5	5	TCTGCGCGCTCGCTCGCTCA
test	subjectC	sample3	chr21-14350169	125	5	5	TCTGCGCGCTCGCTCGCTCA
test	subjectC	sample3	chr13+93777767	125	5	5	TCTGCGCGCTCGCTCGCTCA
test	subjectC	sample3	chr16+83018209	125	5	5	TCTGCGCGCTCGCTCGCTCA
test	subjectC	sample3	chr22-49652984	125	5	5	TCTGCGCGCTCGCTCGCTCA
test	subjectC	sample3	chr8+121825043	125	5	5	TCTGCGCGCTCGCTCGCTCA
test	subjectC	sample3	chr3+123544881	125	5	5	TCTGCGCGCTCGCTCGCTCA
test	subjectC	sample3	chr2+13246618	125	5	5	TCTGCGCGCTCGCTCGCTCA
test	subjectC	sample3	chr17-65736681	125	5	5	TCTGCGCGCTCGCTCGCTCA
test	subjectC	sample3	chr9-3850049	125	5	5	TCTGCGCGCTCGCTCGCTCA
test	subjectC	sample3	chrX-97438528	125	5	5	TCTGCGCGCTCGCTCGCTCA
test	subjectC	sample3	chr17+79729660	125	5	5	TCTGCGCGCTCGCTCGCTCA
test	subjectC	sample3	chr2+120723033	125	5	5	TCTGCGCGCTCGCTCGCTCA
test	subjectC	sample3	chr13-108776496	125	5	5	TCTGCGCGCTCGCTCGCTCA
test	subjectC	sample3	chr1+183246081	125	5	5	TCTGCGCGCTCGCTCGCTCA
test	subjectC	sample3	chr14-30049833	125	5	5	TCTGCGCGCTCGCTCGCTCA
test	subjectC	sample3	chr15+43405756	125	5	5	TCTGCGCGCTCGCTCGCTCA
test	subjectC	sample3	chr11+87787376	125	5	5	TCTGCGCGCTCGCTCGCTCA
test	subjectC	sample3	chr2+111599678	125	5	5	TCTGCGCGCTCGCTCGCTCA
test	subjectC	sample3	chr2+40089335	125	5	5	TCTGCGCGCTCGCTCGCTCA
test	subjectC	sample3	chr13-49833969	125	5	5	TCTGCGCGCTCGCTCGCTCA
test	subjectC	sample3	chr18-35967226	125	5	5	TCTGCGCGCTCGCTCGCTCA
test	subjectC	sample3	chr14+42636265	125	5	5	TCTGCGCGCTCGCTCGCTCA
test	subjectC	sample3	chr21-37684580	125	5	5	TCTGCGCGCTCGCTCGCTCA
test	subjectC	sample3	chr9+113301215	125	5	5	TCTGCGCGCTCGCTCGCTCA
test	subjectC	sample3	chr14+17900428	125	5	5	TCTGCGCGCTCGCTCGCTCA
test	subjectC	sample3	chr6+120444839	125	5	5	TCTGCGCGCTCGCTCGCTCA
test	subjectC	sample3	chr1+215715003	125	5	5	TCTGCGCGCTCGCTCGCTCA
test	subjectC	sample3	chr21+35702149	125	5	5	TCTGCGCGCTCGCTCGCTCA
test	subjectC	sample3	chr9-128944125	125	5	5	TCTGCGCGCTCGCTCGCTCA
test	subjectC	sample3	chr13-89831559	125	5	5	TCTGCGCGCTCGCTCGCTCA
test	subjectC	sample3	chr22+21417672	125	5	5	TCTGCGCGCTCGCTCGCTCA
test	subjectC	sample3	chr17-10841181	125	5	5	TCTGCGCGCTCGCTCGCTCA
test	subjectC	sample3	chr13+94051288	125	5	5	TCTGCGCGCTCGCTCGCTCA
test	subjectC	sample3	chrX+74457022	125	5	5	TCTGCGCGCTCGCTCGCTCA
test	subjectC	sample3	chr2-218866811	125	5	5	TCTGCGCGCTCGCTCGCTCA
test	subjectC	sample3	chr13+99429141	125	5	5	TCTGCGCGCTCGCTCGCTCA
test	subjectC	sample3	chr3-89928407	125	5	5	TCTGCGCGCTCGCTCGCTCA
test	subjectC	sample3	chr5-125505867	125	5	5	TCTGCGCGCTCGCTCGCTCA
test	subjectC	sample3	chr1-146398348	125	5	5	TCTGCGCGCTCGCTCGCTCA
test	subjectC	sample3	chr10+92448780	125	5	5	TCTGCGCGCTCGCTCGCTCA
test	subjectC	sample3	chr4-105314950	125	5	5	TCTGCGCGCTCGCTCGCTCA
test	subjectC	sample3	chr4+32069749	125	5	5	TCTGCGCGCTCGCTCGCTCA
test	subjectC	sample3	chr21-17976838	125	5	5	TCTGCGCGCTCGCTCGCTCA
test	subjectC	sample3	chr20+60424804	125	5	5	TCTGCGCGCTCGCTCGCTCA
test	subjectC	sample3	chr1-246586791	125	5	5	TCTGCGCGCTCGCTCGCTCA
test	subjectC	sample3	chrX-93737853	125	5	5	TCTGCGCGCTCGCTCGCTCA
test	subjectC	sample3	chr5-57048974	125	5	5	TCTGCGCGCTCGCTCGCTCA
test	subjectC	sample3	chr5+68522660	125	5	5	TCTGCGCGCTCGCTCGCTCA
test	subjectC	sample3	chr15-59510581	125	5	5	TCTGCGCGCTCGCTCGCTCA
test	subjectC	sample3	chr20+7068934	125	5	5	TCTGCGCGCTCGCTCGCTCA
test	subjectC	sample3	chr18+67733840	125	5	5	TCTGCGCGCTCGCTCGCTCA
test	subjectC	sample3	chr7+7102961	125	5	5	TCTGCGCGCTCGCTCGCTCA
test	subjectC	sample3	chr18+44574771	125	5	5	TCTGCGCGCTCGCTCGCTCA
test	subjectC	sample3	chr2-189566203	125	5	5	TCTGCGCGCTCGCTCGCTCA
test	subjectC	sample3	chr3+122590312	125	5	5	TCTGCGCGCTCGCTCGCTCA
test	subjectC	sample3	chr21-29991616	125	5	5	TCTGCGCGCTCGCTCGCTCA
test	subjectC	sample3	chr6+161694041	125	5	5	TCTGCGCGCTCGCTCGCTCA
test	subjectC	sample3	chr18+24953918	125	5	5	TCTGCGCGCTCGCTCGCTCA
test	subjectC	sample3	chr13+90684025	125	5	5	TCTGCGCGCTCGCTCGCTCA
test	subjectC	sample3	chr6-125995870	125	5	5	TCTGCGCGCTCGCTCGCTCA
test	subjectC	sample3	chr2-157531885	125	5	5	TCTGCGCGCTCGCTCGCTCA
test	subjectC	sample3	chr4-183894219	125	5	5	TCTGCGCGCTCGCTCGCTCA
test	subjectC	sample3	chr4-156202033	125	5	5	TCTGCGCGCTCGCTCGCTCA
test	subjectC	sample3	chr9+99411739	125	5	5	TCTGCGCGCTCGCTCGCTCA
test	subjectC	sample3	chr14+98648238	125	5	5	TCTGCGCGCTCGCTCGCTCA
test	subjectC	sample3	chr10-112428159	125	5	5	TCTGCGCGCTCGCTCGCTCA
test	subjectC	sample3	chrX+36383557	125	5	5	TCTGCGCGCTCGCTCGCTCA
test	subjectC	sample3	chr14-37394139	125	5	5	TCTGCGCGCTCGCTCGCTCA
test	subjectC	sample3	chr18+50976553	125	5	5	TCTGCGCGCTCGCTCGCTCA
test	subjectC	sample3	chr11-118897495	125	5	5	TCTGCGCGCTCGCTCGCTCA
test	subjectC	sample3	chr13+28274863	125	5	5	TCTGCGCGCTCGCTCGCTCA
test	subjectC	sample3	chr16+10005152	125	5	5	TCTGCGCGCTCGCTCGCTCA
test	subjectC	sample3	chr1-175946635	125	5	5	TCTGCGCGCTCGCTCGCTCA
test	subjectC	sample3	chr21-20545615	125	5	5	TCTGCGCGCTCGCTCGCTCA
test	subjectC	sample3	chr14-92503093	125	5	5	TCTGCGCGCTCGCTCGCTCA
test	subjectC	sample3	chr4+144361462	125	5	5	TCTGCGCGCTCGCTCGCTCA
test	subjectC	sample3	chr17+40056361	125	5	5	TCTGCGCGCTCGCTCGCTCA
test	subjectC	sample3	chr10-40425686	125	5	5	TCTGCGCGCTCGCTCGCTCA
test	subjectC	sample3	chr16+78913044	125	5	5	TCTGCGCGCTCGCTCGCTCA
test	subjectC	sample3	chr1+143575650	125	5	5	TCTGCGCGCTCGCTCGCTCA
test	subjectC	sample3	chr13+39184647	125	5	5	TCTGCGCGCTCGCTCGCTCA
test	subjectC	sample3	chr17-31389418	125	5	5	TCTGCGCGCTCGCTCGCTCA
test	subjectC	sample3	chr1-185087527	125	5	5	TCTGCGCGCTCGCTCGCTCA
test	subjectC	sample3	chr9-441468	125	5	5	TCTGCGCGCTCGCTCGCTCA
test	subjectC	sample3	chr15+17530629	125	5	5	TCTGCGCGCTCGCTCGCTCA
test	subjectC	sample3	chr12-133063093	125	5	5	TCTGCGCGCTCGCTCGCTCA
test	subjectC	sample3	chr1+156083651	125	5	5	TCTGCGCGCTCGCTCGCTCA
test	subjectC	sample3	chr18-35442003	125	5	5	TCTGCGCGCTCGCTCGCTCA
test	subjectC	sample3	chrX+144787074	125	5	5	TCTGCGCGCTCGCTCGCTCA
test	subjectC	sample3	chr1-91144583	125	5	5	TCTGCGCGCTCGCTCGCTCA
test	subjectC	sample3	chr13-23536886	125	5	5	TCTGCGCGCTCGCTCGCTCA
test	subjectC	sample3	chr2-24580808	125	5	5	TCTGCGCGCTCGCTCGCTCA
test	subjectC	sample3	chr15+52417161	125	5	5	TCTGCGCGCTCGCTCGCTCA
test	subjectC	sample3	chr12+111188854	125	5	5	TCTGCGCGCTCGCTCGCTCA
test	subjectC	sample3	chr19-28016060	125	5	5	TCTGCGCGCTCGCTCGCTCA
test	subjectC	sample3	chr11+34528941	125	5	5	TCTGCGCGCTCGCTCGCTCA
test	subjectC	sample3	chr11+45686314	125	5	5	TCTGCGCGCTCGCTCGCTCA
test	subjectC	sample3	chr22+17851467	125	5	5	TCTGCGCGCTCGCTCGCTCA
test	subjectC	sample3	chr20+33688871	125	5	5	TCTGCGCGCTCGCTCGCTCA
test	subjectC	sample3	chr13-16775462	125	5	5	TCTGCGCGCTCGCTCGCTCA
test	subjectC	sample3	chr18+9107229	125	5	5	TCTGCGCGCTCGCTCGCTCA
test	subjectC	sample3	chr18+30243156	125	5	5	TCTGCGCGCTCGCTCGCTCA
