chromosome	position	strand	refGenome	reads	subject	externalSampleID	internalSampleID	cellType	timePoint	estAbund	relAbund	nearestFeature	inFeature	nearestFeatureStrand	inFeatureExon	nearestFeatureDist	nearestOncoFeature	nearestOncoFeatureDist
chr1	10885734	-	hg38	1	195.31cellsB	xxx	GTSP6534	CD4+ CELLS	D0	1	1.098901098901099	C1orf127	FALSE	-	FALSE	60737	MTOR	220795
chr1	154116097	-	hg38	1	195.31cellsB	xxx	GTSP6534	CD4+ CELLS	D0	1	1.098901098901099	NUP210L	TRUE	-	FALSE	0	TPM3	39205
chr1	186743687	-	hg38	1	195.31cellsB	xxx	GTSP6534	CD4+ CELLS	D0	1	1.098901098901099	PACERR	FALSE	+	FALSE	62240	PTGS2	-63259
chr1	237397901	-	hg38	19	195.31cellsB	xxx	GTSP6534	CD4+ CELLS	D0	1	1.098901098901099	RYR2	TRUE	+	FALSE	0	RBM34	-2236284
chr1	145289258	+	hg38	1	195.31cellsB	xxx	GTSP6534	CD4+ CELLS	D0	1	1.098901098901099	NBPF20	FALSE	-	FALSE	640	PIAS3	559262
chr1	45940796	+	hg38	1	195.31cellsB	xxx	GTSP6534	CD4+ CELLS	D0	1	1.098901098901099	MAST2	TRUE	+	FALSE	-0	TSPAN1	-234279
chr1	50447301	+	hg38	1	195.31cellsB	xxx	GTSP6534	CD4+ CELLS	D0	1	1.098901098901099	FAF1	TRUE	-	FALSE	-0	CDKN2C	-521392
chr1	61129098	+	hg38	1	195.31cellsB	xxx	GTSP6534	CD4+ CELLS	D0	1	1.098901098901099	NFIA	TRUE	+	FALSE	0	PATJ	-613366
chr1	91019741	+	hg38	22	195.31cellsB	xxx	GTSP6534	CD4+ CELLS	D0	1	1.098901098901099	ZNF644	TRUE	-	FALSE	0	TGFBR3	660600
chr10	26502483	-	hg38	2	195.31cellsB	xxx	GTSP6534	CD4+ CELLS	D0	1	1.098901098901099	APBB1IP	TRUE	+	FALSE	0	ABI1	244111
chr10	38729662	-	hg38	1	195.31cellsB	xxx	GTSP6534	CD4+ CELLS	D0	1	1.098901098901099	ACTR3BP5	FALSE	+	FALSE	31420	RET	-4347363
chr10	106524112	+	hg38	5	195.31cellsB	xxx	GTSP6534	CD4+ CELLS	D0	1	1.098901098901099	SORCS1	FALSE	-	FALSE	49549	ADD3	-3472236
chr10	112748805	+	hg38	1	195.31cellsB	xxx	GTSP6534	CD4+ CELLS	D0	1	1.098901098901099	VTI1A	TRUE	+	FALSE	-0	VTI1A	-0
chr10	65681114	+	hg38	1	195.31cellsB	xxx	GTSP6534	CD4+ CELLS	D0	1	1.098901098901099	LINC01515	TRUE	+	FALSE	-0	SIRT1	-2203553
chr10	75120445	+	hg38	1	195.31cellsB	xxx	GTSP6534	CD4+ CELLS	D0	1	1.098901098901099	SAMD8	TRUE	+	FALSE	0	KAT6B	87822
chr11	125503481	-	hg38	1	195.31cellsB	xxx	GTSP6534	CD4+ CELLS	D0	1	1.098901098901099	LOC403312	FALSE	+	FALSE	3954	SPA17	808686
chr12	53368331	+	hg38	2	195.31cellsB	xxx	GTSP6534	CD4+ CELLS	D0	1	1.098901098901099	SP1	FALSE	+	FALSE	-11862	RARG	-136074
chr12	62481364	+	hg38	1	195.31cellsB	xxx	GTSP6534	CD4+ CELLS	D0	1	1.098901098901099	MON2	TRUE	+	FALSE	0	USP15	71642
chr12	84072526	+	hg38	2	195.31cellsB	xxx	GTSP6534	CD4+ CELLS	D0	1	1.098901098901099	SLC6A15	FALSE	-	FALSE	786960	PAWR	-4381428
chr13	57424905	+	hg38	4	195.31cellsB	xxx	GTSP6534	CD4+ CELLS	D0	1	1.098901098901099	PCDH17	FALSE	+	FALSE	-206748	OLFM4	4372843
chr14	102061565	+	hg38	24	195.31cellsB	xxx	GTSP6534	CD4+ CELLS	D0	1	1.098901098901099	DYNC1H1	FALSE	+	FALSE	10766	HSP90AA1	19171
chr15	23976680	+	hg38	1	195.31cellsB	xxx	GTSP6534	CD4+ CELLS	D0	1	1.098901098901099	PWRN4	TRUE	+	FALSE	0	MKRN3	408659
chr15	35447045	+	hg38	1	195.31cellsB	xxx	GTSP6534	CD4+ CELLS	D0	1	1.098901098901099	DPH6	TRUE	-	FALSE	-0	NUTM1	1089307
chr16	16332618	-	hg38	1	195.31cellsB	xxx	GTSP6534	CD4+ CELLS	D0	1	1.098901098901099	PKD1P1	TRUE	+	FALSE	0	ABCC1	189543
chr16	28695831	-	hg38	1	195.31cellsB	xxx	GTSP6534	CD4+ CELLS	D0	1	1.098901098901099	EIF3C	TRUE	+	FALSE	0	EIF3C	0
chr16	22736065	+	hg38	1	195.31cellsB	xxx	GTSP6534	CD4+ CELLS	D0	1	1.098901098901099	HS3ST2	FALSE	+	FALSE	-78472	SCNN1B	-566203
chr17	49831836	+	hg38	1	195.31cellsB	xxx	GTSP6534	CD4+ CELLS	D0	1	1.098901098901099	KAT7	FALSE	+	FALSE	2739	FAM117A	-67679
chr17	62096956	+	hg38	7	195.31cellsB	xxx	GTSP6534	CD4+ CELLS	D0	1	1.098901098901099	MED13	FALSE	-	FALSE	-31673	BRIP1	-233396
chr18	57639176	-	hg38	1	195.31cellsB	xxx	GTSP6534	CD4+ CELLS	D0	1	1.098901098901099	LOC100505549	TRUE	+	FALSE	0	ATP8B1	7248
chr19	17930235	-	hg38	1	195.31cellsB	xxx	GTSP6534	CD4+ CELLS	D0	1	1.098901098901099	CCDC124	FALSE	+	FALSE	-2778	SLC5A5	35060
chr19	19368831	-	hg38	2	195.31cellsB	xxx	GTSP6534	CD4+ CELLS	D0	1	1.098901098901099	MAU2	FALSE	+	FALSE	10076	BORCS8-MEF2B	-176239
chr19	2366699	-	hg38	1	195.31cellsB	xxx	GTSP6534	CD4+ CELLS	D0	1	1.098901098901099	SPPL2B	FALSE	+	FALSE	11596	SPPL2B	11596
chr19	34441297	-	hg38	11986	195.31cellsB	xxx	GTSP6534	CD4+ CELLS	D0	5	5.4945054945054945	UBA2	TRUE	+	FALSE	0	FXYD5	-713423
chr19	379510	-	hg38	31	195.31cellsB	xxx	GTSP6534	CD4+ CELLS	D0	1	1.098901098901099	THEG	FALSE	-	FALSE	-3496	CDC34	-152221
chr19	44606790	-	hg38	1	195.31cellsB	xxx	GTSP6534	CD4+ CELLS	D0	1	1.098901098901099	IGSF23	FALSE	+	FALSE	-6838	BCL3	-141929
chr19	9926394	-	hg38	1	195.31cellsB	xxx	GTSP6534	CD4+ CELLS	D0	1	1.098901098901099	OLFM2	TRUE	-	FALSE	0	DNMT1	206948
chr19	14281114	+	hg38	2	195.31cellsB	xxx	GTSP6534	CD4+ CELLS	D0	1	1.098901098901099	LINC01841	FALSE	-	FALSE	24342	ADGRE5	-100028
chr19	16507981	+	hg38	1	195.31cellsB	xxx	GTSP6534	CD4+ CELLS	D0	1	1.098901098901099	C19orf44	TRUE	+	FALSE	0	EPS15L1	-35968
chr19	19769252	+	hg38	7	195.31cellsB	xxx	GTSP6534	CD4+ CELLS	D0	1	1.098901098901099	LINC00663	TRUE	-	FALSE	0	BORCS8-MEF2B	-576660
chr19	34441293	+	hg38	5927	195.31cellsB	xxx	GTSP6534	CD4+ CELLS	D0	3	3.296703296703297	UBA2	TRUE	+	FALSE	0	FXYD5	-713427
chr19	48162609	+	hg38	8	195.31cellsB	xxx	GTSP6534	CD4+ CELLS	D0	1	1.098901098901099	LIG1	TRUE	-	FALSE	0	CARD8	40537
chr19	9128983	+	hg38	1	195.31cellsB	xxx	GTSP6534	CD4+ CELLS	D0	1	1.098901098901099	OR7G3	FALSE	-	FALSE	-2032	MUC16	-147640
chr2	105856014	-	hg38	1	195.31cellsB	xxx	GTSP6534	CD4+ CELLS	D0	1	1.098901098901099	NCK2	TRUE	+	FALSE	-0	FHL2	-417240
chr2	185399862	-	hg38	1	195.31cellsB	xxx	GTSP6534	CD4+ CELLS	D0	1	1.098901098901099	LOC105373782	FALSE	-	FALSE	-232789	DIRC1	3333874
chr2	82416463	-	hg38	10	195.31cellsB	xxx	GTSP6534	CD4+ CELLS	D0	1	1.098901098901099	DHFRP3	FALSE	+	FALSE	-440338	TMSB10	-2489174
chr2	85530877	-	hg38	4	195.31cellsB	xxx	GTSP6534	CD4+ CELLS	D0	1	1.098901098901099	PARTICL	FALSE	-	FALSE	6588	VAMP8	-46612
chr2	163957679	+	hg38	1	195.31cellsB	xxx	GTSP6534	CD4+ CELLS	D0	1	1.098901098901099	FIGN	FALSE	-	FALSE	-221671	LRP2	5169428
chr2	202759733	+	hg38	1	195.31cellsB	xxx	GTSP6534	CD4+ CELLS	D0	1	1.098901098901099	FAM117B	TRUE	+	FALSE	-0	RAPH1	673947
chr2	25210751	+	hg38	3	195.31cellsB	xxx	GTSP6534	CD4+ CELLS	D0	1	1.098901098901099	LINC01381	FALSE	+	FALSE	1548	DNMT3A	22208
chr2	87227984	+	hg38	2	195.31cellsB	xxx	GTSP6534	CD4+ CELLS	D0	1	1.098901098901099	MIR4771-1	FALSE	+	FALSE	33124	KDM3A	735267
chr2	88561437	+	hg38	1	195.31cellsB	xxx	GTSP6534	CD4+ CELLS	D0	1	1.098901098901099	LOC101928371,EIF2AK3	TRUE	+,-	FALSE	-0	KDM3A	2068720
chr20	48904379	-	hg38	1	195.31cellsB	xxx	GTSP6534	CD4+ CELLS	D0	1	1.098901098901099	ARFGEF2	FALSE	+	FALSE	-17357	PREX1	-76495
chr21	16046377	-	hg38	1	195.31cellsB	xxx	GTSP6534	CD4+ CELLS	D0	1	1.098901098901099	MIR99AHG	FALSE	+	FALSE	-24109	MIR125B2	-543858
chr21	17662631	+	hg38	5	195.31cellsB	xxx	GTSP6534	CD4+ CELLS	D0	1	1.098901098901099	BTG3-AS1	FALSE	+	FALSE	48516	MIR125B2	1072305
chr22	24284615	-	hg38	8	195.31cellsB	xxx	GTSP6534	CD4+ CELLS	D0	1	1.098901098901099	SPECC1L,SPECC1L-ADORA2A	TRUE	+,+	FALSE	-0	BCRP3	-348298
chr22	35886036	-	hg38	2	195.31cellsB	xxx	GTSP6534	CD4+ CELLS	D0	1	1.098901098901099	RBFOX2	TRUE	-	FALSE	0	MYH9	395239
chr22	38104672	+	hg38	1	195.31cellsB	xxx	GTSP6534	CD4+ CELLS	D0	1	1.098901098901099	BAIAP2L2	TRUE	-	FALSE	0	PICK1	28970
chr22	44638406	+	hg38	1	195.31cellsB	xxx	GTSP6534	CD4+ CELLS	D0	1	1.098901098901099	LINC00229	FALSE	-	FALSE	-12986	PARVB	469172
chr3	138169775	-	hg38	1	195.31cellsB	xxx	GTSP6534	CD4+ CELLS	D0	1	1.098901098901099	DBR1	TRUE	-	FALSE	0	FAIM	-438923
chr3	72108296	-	hg38	4	195.31cellsB	xxx	GTSP6534	CD4+ CELLS	D0	1	1.098901098901099	LINC00877	FALSE	-	FALSE	-7840	FOXP1	-524306
chr3	140961693	+	hg38	25	195.31cellsB	xxx	GTSP6534	CD4+ CELLS	D0	1	1.098901098901099	SLC25A36	TRUE	+	FALSE	-0	RNF7	-776514
chr3	154936025	+	hg38	2	195.31cellsB	xxx	GTSP6534	CD4+ CELLS	D0	1	1.098901098901099	MME	FALSE	+	FALSE	-88097	MME	-88097
chr3	26507365	+	hg38	3	195.31cellsB	xxx	GTSP6534	CD4+ CELLS	D0	1	1.098901098901099	LRRC3B	FALSE	+	FALSE	-115439	TOP2B	-842865
chr3	34137434	+	hg38	1	195.31cellsB	xxx	GTSP6534	CD4+ CELLS	D0	1	1.098901098901099	PDCD6IP	FALSE	+	FALSE	267726	GLB1	-1040203
chr3	49833655	+	hg38	20	195.31cellsB	xxx	GTSP6534	CD4+ CELLS	D0	1	1.098901098901099	TRAIP	TRUE	-	FALSE	-0	UBA7	-19696
chr3	99446588	+	hg38	2	195.31cellsB	xxx	GTSP6534	CD4+ CELLS	D0	1	1.098901098901099	COL8A1	FALSE	+	FALSE	-192006	TFG	-1262700
chr4	128576162	-	hg38	1	195.31cellsB	xxx	GTSP6534	CD4+ CELLS	D0	1	1.098901098901099	LOC100507487	FALSE	+	FALSE	56763	SCLT1	307829
chr4	175817034	+	hg38	7	195.31cellsB	xxx	GTSP6534	CD4+ CELLS	D0	1	1.098901098901099	GPM6A	TRUE	-	FALSE	-0	ADAM29	838853
chr4	54336497	+	hg38	1	195.31cellsB	xxx	GTSP6534	CD4+ CELLS	D0	1	1.098901098901099	LINC02283	TRUE	+	FALSE	0	PDGFRA	38249
chr6	58007102	-	hg38	2	195.31cellsB	xxx	GTSP6534	CD4+ CELLS	D0	1	1.098901098901099	LINC00680-GUSBP4,LINC00680	FALSE	-,-	FALSE	-45655	DST	-1052473
chr6	62459950	+	hg38	1	195.31cellsB	xxx	GTSP6534	CD4+ CELLS	D0	1	1.098901098901099	KHDRBS2	FALSE	-	FALSE	-173722	DST	-5505321
chr7	2286698	-	hg38	1	195.31cellsB	xxx	GTSP6534	CD4+ CELLS	D0	1	1.098901098901099	SNX8	TRUE	-	FALSE	0	MAD1L1	-53749
chr7	52623689	-	hg38	1	195.31cellsB	xxx	GTSP6534	CD4+ CELLS	D0	1	1.098901098901099	POM121L12	FALSE	+	FALSE	-411965	GRB10	-1830226
chr7	146902060	+	hg38	1	195.31cellsB	xxx	GTSP6534	CD4+ CELLS	D0	1	1.098901098901099	CNTNAP2	TRUE	+	FALSE	0	CUL1	-1796779
chr8	9300658	-	hg38	54	195.31cellsB	xxx	GTSP6534	CD4+ CELLS	D0	1	1.098901098901099	LOC157273	FALSE	+	FALSE	-24391	MFHAS1	-407036
chr8	98751784	-	hg38	13	195.31cellsB	xxx	GTSP6534	CD4+ CELLS	D0	1	1.098901098901099	STK3	TRUE	-	FALSE	0	COX6C	1126209
chr8	127924687	+	hg38	1	195.31cellsB	xxx	GTSP6534	CD4+ CELLS	D0	1	1.098901098901099	PVT1	TRUE	+	FALSE	0	PVT1	0
chr8	42832546	+	hg38	1	195.31cellsB	xxx	GTSP6534	CD4+ CELLS	D0	1	1.098901098901099	THAP1	FALSE	-	FALSE	4126	HOOK3	-64342
chr8	51608675	+	hg38	1	195.31cellsB	xxx	GTSP6534	CD4+ CELLS	D0	1	1.098901098901099	PXDNL	TRUE	-	FALSE	0	RB1CC1	1013781
chr8	84978410	+	hg38	1	195.31cellsB	xxx	GTSP6534	CD4+ CELLS	D0	1	1.098901098901099	RALYL	FALSE	+	FALSE	56565	WWP1	-1364353
chr9	127995281	-	hg38	21	195.31cellsB	xxx	GTSP6534	CD4+ CELLS	D0	1	1.098901098901099	FAM102A	FALSE	-	FALSE	-14747	SPTAN1	-557275
chr9	131335927	-	hg38	7	195.31cellsB	xxx	GTSP6534	CD4+ CELLS	D0	1	1.098901098901099	PLPP7	FALSE	+	FALSE	26664	NUP214	101256
chr9	40081246	-	hg38	1	195.31cellsB	xxx	GTSP6534	CD4+ CELLS	D0	1	1.098901098901099	ANKRD20A2	FALSE	+	FALSE	-142037	PAX5	-3046766
chr9	137560692	+	hg38	3	195.31cellsB	xxx	GTSP6534	CD4+ CELLS	D0	1	1.098901098901099	DPH7	TRUE	-	FALSE	-0	EHMT1	-58298
chrX	144312763	-	hg38	1	195.31cellsB	xxx	GTSP6534	CD4+ CELLS	D0	1	1.098901098901099	UBE2NL	FALSE	+	FALSE	427507	SOX3	-3807702
chr1	86710169	+	hg38	1858	0cellsB	xxx	GTSP6538	CD4+ CELLS	D0	4	12.121212121212121	SH3GLB1	TRUE	+	FALSE	0	CYR61	1126201
chr11	56938841	+	hg38	9	0cellsB	xxx	GTSP6538	CD4+ CELLS	D0	1	3.0303030303030303	OR5AK2	FALSE	+	FALSE	-50071	APLNR	294734
chr12	118416394	+	hg38	5401	0cellsB	xxx	GTSP6538	CD4+ CELLS	D0	1	3.0303030303030303	SUDS3	TRUE	+	TRUE	-0	PEBP1	270805
chr12	128986011	+	hg38	1	0cellsB	xxx	GTSP6538	CD4+ CELLS	D0	1	3.0303030303030303	GLT1D1	FALSE	+	FALSE	1046	RAN	-1885981
chr14	76916736	+	hg38	30	0cellsB	xxx	GTSP6538	CD4+ CELLS	D0	1	3.0303030303030303	LINC01629	FALSE	+	FALSE	-42900	TGFB3	-933724
chr15	45283963	-	hg38	1	0cellsB	xxx	GTSP6538	CD4+ CELLS	D0	1	3.0303030303030303	LOC101928414	FALSE	-	FALSE	-4740	HMGN2P46	-227171
chr15	28844522	+	hg38	1	0cellsB	xxx	GTSP6538	CD4+ CELLS	D0	1	3.0303030303030303	PDCD6IPP2	TRUE	+	FALSE	-0	TRPM1	2156537
chr15	41784147	+	hg38	3019	0cellsB	xxx	GTSP6538	CD4+ CELLS	D0	1	3.0303030303030303	MAPKBP1	TRUE	+	FALSE	0	TYRO3	204808
chr19	18127727	-	hg38	67	0cellsB	xxx	GTSP6538	CD4+ CELLS	D0	4	12.121212121212121	MAST3	TRUE	+	FALSE	-0	PIK3R2	-25449
chr3	141639320	-	hg38	8	0cellsB	xxx	GTSP6538	CD4+ CELLS	D0	1	3.0303030303030303	LOC646730	FALSE	+	FALSE	-23877	RNF7	-98887
chr3	170572672	+	hg38	19977	0cellsB	xxx	GTSP6538	CD4+ CELLS	D0	4	12.121212121212121	SLC7A14,LOC101928583	TRUE	-,+	FALSE	-0	SKIL	175822
chr4	183679871	-	hg38	111	0cellsB	xxx	GTSP6538	CD4+ CELLS	D0	1	3.0303030303030303	TRAPPC11	TRUE	+	FALSE	0	ING2	167442
chr4	102402826	+	hg38	2	0cellsB	xxx	GTSP6538	CD4+ CELLS	D0	1	3.0303030303030303	LOC105377621	FALSE	-	FALSE	15774	NFKB1	-98501
chr6	14858518	-	hg38	767	0cellsB	xxx	GTSP6538	CD4+ CELLS	D0	2	6.0606060606060606	JARID2	FALSE	+	FALSE	-387455	HIVEP1	2693518
chr6	18564346	-	hg38	5	0cellsB	xxx	GTSP6538	CD4+ CELLS	D0	1	3.0303030303030303	MIR548A1HG	TRUE	+	FALSE	0	DEK	-299777
chr7	116872042	-	hg38	16360	0cellsB	xxx	GTSP6538	CD4+ CELLS	D0	2	6.0606060606060606	CAPZA2	TRUE	+	FALSE	0	MET	73655
chr8	143823435	-	hg38	3362	0cellsB	xxx	GTSP6538	CD4+ CELLS	D0	4	12.121212121212121	PUF60	TRUE	-	FALSE	0	MAFA	-393002
chr8	144304638	-	hg38	198	0cellsB	xxx	GTSP6538	CD4+ CELLS	D0	1	3.0303030303030303	HSF1	TRUE	+	FALSE	-0	BOP1	-13199
chrX	54517537	-	hg38	1	0cellsB	xxx	GTSP6538	CD4+ CELLS	D0	1	3.0303030303030303	GNL3L	FALSE	+	FALSE	-12672	KDM5C	-1292114
chr1	15376270	-	hg38	1	50000cellsB	xxx	GTSP6530	CD4+ CELLS	D0	1	0.12853470437017994	FHAD1	TRUE	+	FALSE	-0	CASP9	115129
chr1	237397901	-	hg38	8	50000cellsB	xxx	GTSP6530	CD4+ CELLS	D0	5	0.6426735218508998	RYR2	TRUE	+	FALSE	0	RBM34	-2236284
chr1	27017795	-	hg38	1	50000cellsB	xxx	GTSP6530	CD4+ CELLS	D0	1	0.12853470437017994	FAM46B	FALSE	-	FALSE	-4952	ZDHHC18	162074
chr1	64643678	-	hg38	1	50000cellsB	xxx	GTSP6530	CD4+ CELLS	D0	1	0.12853470437017994	CACHD1	TRUE	+	FALSE	-0	JAK1	189543
chr1	94960006	-	hg38	5	50000cellsB	xxx	GTSP6530	CD4+ CELLS	D0	2	0.2570694087403599	LOC729970	TRUE	+	FALSE	-0	ALG14	22715
chr1	245478592	+	hg38	1	50000cellsB	xxx	GTSP6530	CD4+ CELLS	D0	1	0.12853470437017994	KIF26B	TRUE	+	FALSE	-0	SMYD3	270746
chr1	44725943	+	hg38	1	50000cellsB	xxx	GTSP6530	CD4+ CELLS	D0	1	0.12853470437017994	ARMH1	FALSE	+	FALSE	351	RNF220	74218
chr1	91019741	+	hg38	8	50000cellsB	xxx	GTSP6530	CD4+ CELLS	D0	7	0.8997429305912596	ZNF644	TRUE	-	FALSE	0	TGFBR3	660600
chr10	26502483	-	hg38	1	50000cellsB	xxx	GTSP6530	CD4+ CELLS	D0	1	0.12853470437017994	APBB1IP	TRUE	+	FALSE	0	ABI1	244111
chr10	42808479	-	hg38	3	50000cellsB	xxx	GTSP6530	CD4+ CELLS	D0	2	0.2570694087403599	BMS1	TRUE	+	FALSE	0	RET	-268546
chr10	43276298	-	hg38	1	50000cellsB	xxx	GTSP6530	CD4+ CELLS	D0	1	0.12853470437017994	RASGEF1A	FALSE	-	FALSE	-9378	RET	145946
chr10	47155343	-	hg38	2	50000cellsB	xxx	GTSP6530	CD4+ CELLS	D0	2	0.2570694087403599	GDF10	FALSE	+	FALSE	-144879	GDF10	-144879
chr10	51856807	-	hg38	3	50000cellsB	xxx	GTSP6530	CD4+ CELLS	D0	2	0.2570694087403599	PRKG1	TRUE	+	FALSE	-0	DKK1	-457374
chr10	96965504	-	hg38	1	50000cellsB	xxx	GTSP6530	CD4+ CELLS	D0	1	0.12853470437017994	LCOR	TRUE	+	FALSE	-0	FRAT1	-353759
chr10	106524112	+	hg38	1	50000cellsB	xxx	GTSP6530	CD4+ CELLS	D0	1	0.12853470437017994	SORCS1	FALSE	-	FALSE	49549	ADD3	-3472236
chr10	21073912	+	hg38	1	50000cellsB	xxx	GTSP6530	CD4+ CELLS	D0	1	0.12853470437017994	NEBL	TRUE	-	FALSE	0	MLLT10	-459435
chr10	30192703	+	hg38	1	50000cellsB	xxx	GTSP6530	CD4+ CELLS	D0	1	0.12853470437017994	LOC101929279	FALSE	+	FALSE	-19147	MAP3K8	-241316
chr10	82669766	+	hg38	2	50000cellsB	xxx	GTSP6530	CD4+ CELLS	D0	2	0.2570694087403599	NRG3	TRUE	+	FALSE	-0	NUTM2B	2957008
chr10	94399407	+	hg38	1	50000cellsB	xxx	GTSP6530	CD4+ CELLS	D0	1	0.12853470437017994	TBC1D12	FALSE	+	FALSE	-3020	LGI1	601232
chr11	111787637	-	hg38	1	50000cellsB	xxx	GTSP6530	CD4+ CELLS	D0	1	0.12853470437017994	ALG9	TRUE	-	FALSE	-0	CRYAB	120981
chr11	123201393	-	hg38	1	50000cellsB	xxx	GTSP6530	CD4+ CELLS	D0	1	0.12853470437017994	CLMP	FALSE	-	FALSE	-6087	SCN3B	427792
chr11	85439539	-	hg38	1	50000cellsB	xxx	GTSP6530	CD4+ CELLS	D0	1	0.12853470437017994	DLG2	TRUE	-	FALSE	0	PICALM	517630
chr11	323144	+	hg38	2	50000cellsB	xxx	GTSP6530	CD4+ CELLS	D0	1	0.12853470437017994	IFITM3	FALSE	-	FALSE	-2229	PGGHG	27455
chr11	85079806	+	hg38	3	50000cellsB	xxx	GTSP6530	CD4+ CELLS	D0	2	0.2570694087403599	DLG2	TRUE	-	FALSE	0	PICALM	877363
chr12	111545001	-	hg38	1	50000cellsB	xxx	GTSP6530	CD4+ CELLS	D0	1	0.12853470437017994	ATXN2	TRUE	-	FALSE	0	ALDH2	-221884
chr12	113919413	-	hg38	2	50000cellsB	xxx	GTSP6530	CD4+ CELLS	D0	1	0.12853470437017994	RBM19	TRUE	-	FALSE	0	PTPN11	1409494
chr12	116743447	-	hg38	1	50000cellsB	xxx	GTSP6530	CD4+ CELLS	D0	1	0.12853470437017994	RNFT2	TRUE	+	FALSE	0	PEBP1	-1392435
chr12	53432092	-	hg38	1	50000cellsB	xxx	GTSP6530	CD4+ CELLS	D0	1	0.12853470437017994	AMHR2	FALSE	+	FALSE	419	RARG	-199835
chr12	75980928	-	hg38	1	50000cellsB	xxx	GTSP6530	CD4+ CELLS	D0	1	0.12853470437017994	PHLDA1	FALSE	-	FALSE	44517	PAWR	3603944
chr12	104308171	+	hg38	1	50000cellsB	xxx	GTSP6530	CD4+ CELLS	D0	1	0.12853470437017994	TXNRD1	TRUE	+	FALSE	-0	HSP90B1	360240
chr12	3122173	+	hg38	1	50000cellsB	xxx	GTSP6530	CD4+ CELLS	D0	1	0.12853470437017994	TSPAN9	TRUE	+	FALSE	0	FOXM1	-245017
chr12	53368331	+	hg38	1	50000cellsB	xxx	GTSP6530	CD4+ CELLS	D0	1	0.12853470437017994	SP1	FALSE	+	FALSE	-11862	RARG	-136074
chr12	62481364	+	hg38	3	50000cellsB	xxx	GTSP6530	CD4+ CELLS	D0	2	0.2570694087403599	MON2	TRUE	+	FALSE	0	USP15	71642
chr12	84072526	+	hg38	1	50000cellsB	xxx	GTSP6530	CD4+ CELLS	D0	1	0.12853470437017994	SLC6A15	FALSE	-	FALSE	786960	PAWR	-4381428
chr12	94830307	+	hg38	1	50000cellsB	xxx	GTSP6530	CD4+ CELLS	D0	1	0.12853470437017994	MIR492	FALSE	+	FALSE	-4089	METAP2	-643737
chr13	38644637	-	hg38	1	50000cellsB	xxx	GTSP6530	CD4+ CELLS	D0	1	0.12853470437017994	LINC00437	TRUE	-	FALSE	0	FOXO1	1911025
chr13	98862526	+	hg38	4	50000cellsB	xxx	GTSP6530	CD4+ CELLS	D0	2	0.2570694087403599	DOCK9	TRUE	-	FALSE	-0	RAP2A	1394527
chr14	106516582	-	hg38	1	50000cellsB	xxx	GTSP6530	CD4+ CELLS	D0	1	0.12853470437017994	LINC00221	FALSE	+	FALSE	21066	ELK2AP	-843774
chr14	102061565	+	hg38	2	50000cellsB	xxx	GTSP6530	CD4+ CELLS	D0	2	0.2570694087403599	DYNC1H1	FALSE	+	FALSE	10766	HSP90AA1	19171
chr15	30674318	-	hg38	1	50000cellsB	xxx	GTSP6530	CD4+ CELLS	D0	1	0.12853470437017994	LOC100288637	TRUE	+	FALSE	0	TRPM1	326741
chr15	23749963	+	hg38	1	50000cellsB	xxx	GTSP6530	CD4+ CELLS	D0	1	0.12853470437017994	NDN	FALSE	-	FALSE	-62659	MKRN3	181942
chr15	65606093	+	hg38	1	50000cellsB	xxx	GTSP6530	CD4+ CELLS	D0	1	0.12853470437017994	INTS14	TRUE	-	FALSE	0	MAP2K1	-780778
chr15	76205545	+	hg38	8	50000cellsB	xxx	GTSP6530	CD4+ CELLS	D0	4	0.5141388174807198	TMEM266	FALSE	+	FALSE	581	CSPG4	-492696
chr16	1111579	-	hg38	1	50000cellsB	xxx	GTSP6530	CD4+ CELLS	D0	1	0.12853470437017994	C1QTNF8	FALSE	-	FALSE	-15334	SOX8	124599
chr16	15590398	-	hg38	18	50000cellsB	xxx	GTSP6530	CD4+ CELLS	D0	1	0.12853470437017994	C16orf45	FALSE	+	FALSE	2138	MYH11	112735
chr16	28695831	-	hg38	1	50000cellsB	xxx	GTSP6530	CD4+ CELLS	D0	1	0.12853470437017994	EIF3C	TRUE	+	FALSE	0	EIF3C	0
chr16	72606342	-	hg38	1	50000cellsB	xxx	GTSP6530	CD4+ CELLS	D0	1	0.12853470437017994	LINC01572	TRUE	-	FALSE	0	ZFHX3	176541
chr16	79290035	-	hg38	1	50000cellsB	xxx	GTSP6530	CD4+ CELLS	D0	1	0.12853470437017994	WWOX	FALSE	+	FALSE	77367	WWOX	77367
chr16	81038977	-	hg38	1	50000cellsB	xxx	GTSP6530	CD4+ CELLS	D0	1	0.12853470437017994	ATMIN	TRUE	+	FALSE	0	MAF	-1438251
chr17	59653373	-	hg38	1	50000cellsB	xxx	GTSP6530	CD4+ CELLS	D0	1	0.12853470437017994	CLTC	TRUE	+	FALSE	0	CLTC	0
chr17	62235289	-	hg38	1	50000cellsB	xxx	GTSP6530	CD4+ CELLS	D0	1	0.12853470437017994	TBC1D3P2	FALSE	-	FALSE	29414	BRIP1	-371729
chr17	76059967	-	hg38	3	50000cellsB	xxx	GTSP6530	CD4+ CELLS	D0	3	0.3856041131105398	SRP68	TRUE	-	FALSE	0	RNF157	82484
chr17	4870088	+	hg38	1	50000cellsB	xxx	GTSP6530	CD4+ CELLS	D0	1	0.12853470437017994	MINK1	TRUE	+	FALSE	-0	PFN1	75560
chr17	62096956	+	hg38	2	50000cellsB	xxx	GTSP6530	CD4+ CELLS	D0	2	0.2570694087403599	MED13	FALSE	-	FALSE	-31673	BRIP1	-233396
chr18	75722798	-	hg38	1	50000cellsB	xxx	GTSP6530	CD4+ CELLS	D0	1	0.12853470437017994	LINC01898	FALSE	-	FALSE	-10394	NFATC1	-3672972
chr18	79957096	-	hg38	4	50000cellsB	xxx	GTSP6530	CD4+ CELLS	D0	1	0.12853470437017994	PQLC1	FALSE	-	FALSE	-5442	NFATC1	427772
chr18	33001351	+	hg38	3	50000cellsB	xxx	GTSP6530	CD4+ CELLS	D0	1	0.12853470437017994	CCDC178	TRUE	-	FALSE	-0	DSG2	1452342
chr18	65543843	+	hg38	4	50000cellsB	xxx	GTSP6530	CD4+ CELLS	D0	2	0.2570694087403599	CDH7	FALSE	+	FALSE	-206407	SERPINB3	-1881879
chr19	16794960	-	hg38	1	50000cellsB	xxx	GTSP6530	CD4+ CELLS	D0	1	0.12853470437017994	NWD1	TRUE	+	FALSE	-0	EPS15L1	-322947
chr19	18485828	-	hg38	1	50000cellsB	xxx	GTSP6530	CD4+ CELLS	D0	1	0.12853470437017994	ELL	TRUE	-	FALSE	0	ELL	0
chr19	3216418	-	hg38	25	50000cellsB	xxx	GTSP6530	CD4+ CELLS	D0	1	0.12853470437017994	NCLN	FALSE	+	FALSE	6842	S1PR4	36085
chr19	34441297	-	hg38	41567	50000cellsB	xxx	GTSP6530	CD4+ CELLS	D0	237	30.46272493573265	UBA2	TRUE	+	FALSE	0	FXYD5	-713423
chr19	379510	-	hg38	9	50000cellsB	xxx	GTSP6530	CD4+ CELLS	D0	8	1.0282776349614395	THEG	FALSE	-	FALSE	-3496	CDC34	-152221
chr19	50346681	-	hg38	487	50000cellsB	xxx	GTSP6530	CD4+ CELLS	D0	12	1.5424164524421593	NAPSB	FALSE	-	FALSE	-1932	ATF5	412744
chr19	17771506	+	hg38	4	50000cellsB	xxx	GTSP6530	CD4+ CELLS	D0	3	0.3856041131105398	FCHO1	TRUE	+	FALSE	-0	JAK3	53274
chr19	19769252	+	hg38	1	50000cellsB	xxx	GTSP6530	CD4+ CELLS	D0	1	0.12853470437017994	LINC00663	TRUE	-	FALSE	0	BORCS8-MEF2B	-576660
chr19	34441293	+	hg38	41244	50000cellsB	xxx	GTSP6530	CD4+ CELLS	D0	249	32.005141388174806	UBA2	TRUE	+	FALSE	0	FXYD5	-713427
chr19	41840266	+	hg38	1	50000cellsB	xxx	GTSP6530	CD4+ CELLS	D0	1	0.12853470437017994	LYPD4	TRUE	-	FALSE	-0	CD79A	-36852
chr19	48162609	+	hg38	2	50000cellsB	xxx	GTSP6530	CD4+ CELLS	D0	2	0.2570694087403599	LIG1	TRUE	-	FALSE	0	CARD8	40537
chr19	49522953	+	hg38	1	50000cellsB	xxx	GTSP6530	CD4+ CELLS	D0	1	0.12853470437017994	FCGRT	TRUE	+	FALSE	-0	RRAS	112337
chr2	105856014	-	hg38	23	50000cellsB	xxx	GTSP6530	CD4+ CELLS	D0	3	0.3856041131105398	NCK2	TRUE	+	FALSE	-0	FHL2	-417240
chr2	15712088	-	hg38	1	50000cellsB	xxx	GTSP6530	CD4+ CELLS	D0	1	0.12853470437017994	LINC01804	TRUE	+	FALSE	-0	DDX1	80976
chr2	157854564	-	hg38	1	50000cellsB	xxx	GTSP6530	CD4+ CELLS	D0	1	0.12853470437017994	ACVR1	TRUE	-	FALSE	0	GALNT5	536072
chr2	224170304	-	hg38	1	50000cellsB	xxx	GTSP6530	CD4+ CELLS	D0	1	0.12853470437017994	SERPINE2	FALSE	-	FALSE	-130984	ACSL3	1225652
chr2	75909998	-	hg38	1	50000cellsB	xxx	GTSP6530	CD4+ CELLS	D0	1	0.12853470437017994	GCFC2	FALSE	-	FALSE	-199012	M1AP	-1261659
chr2	82416463	-	hg38	8	50000cellsB	xxx	GTSP6530	CD4+ CELLS	D0	8	1.0282776349614395	DHFRP3	FALSE	+	FALSE	-440338	TMSB10	-2489174
chr2	85530877	-	hg38	2	50000cellsB	xxx	GTSP6530	CD4+ CELLS	D0	2	0.2570694087403599	PARTICL	FALSE	-	FALSE	6588	VAMP8	-46612
chr2	102670192	+	hg38	1	50000cellsB	xxx	GTSP6530	CD4+ CELLS	D0	1	0.12853470437017994	SLC9A2	TRUE	+	FALSE	-0	SLC9A2	-0
chr2	167393072	+	hg38	1	50000cellsB	xxx	GTSP6530	CD4+ CELLS	D0	1	0.12853470437017994	XIRP2	FALSE	+	FALSE	133318	LRP2	1734035
chr2	62360743	+	hg38	1	50000cellsB	xxx	GTSP6530	CD4+ CELLS	D0	1	0.12853470437017994	B3GNT2	FALSE	+	FALSE	136011	PUS10	-1342483
chr2	81208531	+	hg38	1	50000cellsB	xxx	GTSP6530	CD4+ CELLS	D0	1	0.12853470437017994	LINC01815	FALSE	-	FALSE	252826	REG3A	-2048776
chr2	86109243	+	hg38	1	50000cellsB	xxx	GTSP6530	CD4+ CELLS	D0	1	0.12853470437017994	PTCD3	TRUE	+	FALSE	0	KDM3A	-331903
chr2	87227984	+	hg38	2	50000cellsB	xxx	GTSP6530	CD4+ CELLS	D0	2	0.2570694087403599	MIR4771-1	FALSE	+	FALSE	33124	KDM3A	735267
chr20	62085802	+	hg38	1	50000cellsB	xxx	GTSP6530	CD4+ CELLS	D0	1	0.12853470437017994	TAF4	FALSE	-	FALSE	-19991	SS18L1	-57916
chr21	39383134	-	hg38	1	50000cellsB	xxx	GTSP6530	CD4+ CELLS	D0	1	0.12853470437017994	WRB,WRB-SH3BGR	TRUE	+,+	FALSE	-0	ETS2	558178
chr21	46280984	-	hg38	73	50000cellsB	xxx	GTSP6530	CD4+ CELLS	D0	11	1.4138817480719794	MCM3AP	TRUE	-	FALSE	0	S100B	317632
chr21	17662631	+	hg38	15	50000cellsB	xxx	GTSP6530	CD4+ CELLS	D0	4	0.5141388174807198	BTG3-AS1	FALSE	+	FALSE	48516	MIR125B2	1072305
chr22	16886025	-	hg38	1	50000cellsB	xxx	GTSP6530	CD4+ CELLS	D0	1	0.12853470437017994	HSFY1P1	FALSE	+	FALSE	56689	HDHD5	251493
chr22	24284615	-	hg38	15	50000cellsB	xxx	GTSP6530	CD4+ CELLS	D0	9	1.1568123393316194	SPECC1L,SPECC1L-ADORA2A	TRUE	+,+	FALSE	-0	BCRP3	-348298
chr22	35886036	-	hg38	12	50000cellsB	xxx	GTSP6530	CD4+ CELLS	D0	8	1.0282776349614395	RBFOX2	TRUE	-	FALSE	0	MYH9	395239
chr22	39485634	-	hg38	1	50000cellsB	xxx	GTSP6530	CD4+ CELLS	D0	1	0.12853470437017994	MGAT3	TRUE	+	FALSE	-0	ATF4	-34923
chr22	47882477	-	hg38	1	50000cellsB	xxx	GTSP6530	CD4+ CELLS	D0	1	0.12853470437017994	LOC284930	FALSE	+	FALSE	26876	PKDREJ	-1619154
chr22	50310786	-	hg38	3	50000cellsB	xxx	GTSP6530	CD4+ CELLS	D0	2	0.2570694087403599	DENND6B	FALSE	-	FALSE	1175	MAPK12	-48975
chr22	42005353	+	hg38	1	50000cellsB	xxx	GTSP6530	CD4+ CELLS	D0	1	0.12853470437017994	WBP2NL	TRUE	+	FALSE	0	CYP2D6	121144
chr22	44638406	+	hg38	1	50000cellsB	xxx	GTSP6530	CD4+ CELLS	D0	1	0.12853470437017994	LINC00229	FALSE	-	FALSE	-12986	PARVB	469172
chr3	114587175	-	hg38	3	50000cellsB	xxx	GTSP6530	CD4+ CELLS	D0	3	0.3856041131105398	ZBTB20	TRUE	-	FALSE	-0	CD200	2224362
chr3	129267463	-	hg38	3	50000cellsB	xxx	GTSP6530	CD4+ CELLS	D0	3	0.3856041131105398	COPG1	TRUE	+	FALSE	-0	CNBP	-83495
chr3	30536745	-	hg38	1	50000cellsB	xxx	GTSP6530	CD4+ CELLS	D0	1	0.12853470437017994	LINC01985	FALSE	+	FALSE	9551	TGFBR2	-69755
chr3	54549288	-	hg38	1	50000cellsB	xxx	GTSP6530	CD4+ CELLS	D0	1	0.12853470437017994	CACNA2D3	TRUE	+	FALSE	0	IL17RB	683487
chr3	57837549	-	hg38	2	50000cellsB	xxx	GTSP6530	CD4+ CELLS	D0	1	0.12853470437017994	SLMAP	TRUE	+	FALSE	0	FLNB	-170849
chr3	6129524	-	hg38	1	50000cellsB	xxx	GTSP6530	CD4+ CELLS	D0	1	0.12853470437017994	GRM7-AS3	FALSE	-	FALSE	502832	SRGAP3	2851065
chr3	94164269	-	hg38	1	50000cellsB	xxx	GTSP6530	CD4+ CELLS	D0	1	0.12853470437017994	NSUN3	FALSE	+	FALSE	32436	PROS1	-190178
chr3	140961693	+	hg38	8	50000cellsB	xxx	GTSP6530	CD4+ CELLS	D0	6	0.7712082262210797	SLC25A36	TRUE	+	FALSE	-0	RNF7	-776514
chr3	142658312	+	hg38	1	50000cellsB	xxx	GTSP6530	CD4+ CELLS	D0	1	0.12853470437017994	PLS1	TRUE	+	FALSE	-0	ATR	-79485
chr3	154936025	+	hg38	1	50000cellsB	xxx	GTSP6530	CD4+ CELLS	D0	1	0.12853470437017994	MME	FALSE	+	FALSE	-88097	MME	-88097
chr3	26507365	+	hg38	6	50000cellsB	xxx	GTSP6530	CD4+ CELLS	D0	5	0.6426735218508998	LRRC3B	FALSE	+	FALSE	-115439	TOP2B	-842865
chr3	49345666	+	hg38	1	50000cellsB	xxx	GTSP6530	CD4+ CELLS	D0	1	0.12853470437017994	USP4	FALSE	-	FALSE	-5562	USP4	-5562
chr3	49833655	+	hg38	3	50000cellsB	xxx	GTSP6530	CD4+ CELLS	D0	3	0.3856041131105398	TRAIP	TRUE	-	FALSE	-0	UBA7	-19696
chr3	99446588	+	hg38	1	50000cellsB	xxx	GTSP6530	CD4+ CELLS	D0	1	0.12853470437017994	COL8A1	FALSE	+	FALSE	-192006	TFG	-1262700
chr4	167287072	-	hg38	1	50000cellsB	xxx	GTSP6530	CD4+ CELLS	D0	1	0.12853470437017994	SPOCK3	FALSE	-	FALSE	-52481	NPY1R	-3954276
chr4	20230844	-	hg38	1	50000cellsB	xxx	GTSP6530	CD4+ CELLS	D0	1	0.12853470437017994	SLIT2	FALSE	+	FALSE	-21059	SLC34A2	-5424967
chr4	128476239	+	hg38	3	50000cellsB	xxx	GTSP6530	CD4+ CELLS	D0	2	0.2570694087403599	LOC100507487	TRUE	+	FALSE	-0	SCLT1	407752
chr4	166800017	+	hg38	2	50000cellsB	xxx	GTSP6530	CD4+ CELLS	D0	2	0.2570694087403599	SPOCK3	TRUE	-	FALSE	-0	NPY1R	-3467221
chr4	89236187	+	hg38	2	50000cellsB	xxx	GTSP6530	CD4+ CELLS	D0	2	0.2570694087403599	GPRIN3	FALSE	-	FALSE	8089	SPP1	1252775
chr4	99779156	+	hg38	1	50000cellsB	xxx	GTSP6530	CD4+ CELLS	D0	1	0.12853470437017994	DAPP1	FALSE	+	FALSE	-37666	TRMT10A	-215098
chr5	128131535	-	hg38	216	50000cellsB	xxx	GTSP6530	CD4+ CELLS	D0	2	0.2570694087403599	SLC12A2	TRUE	+	FALSE	0	MARCH3	-1100726
chr5	113135398	+	hg38	1	50000cellsB	xxx	GTSP6530	CD4+ CELLS	D0	1	0.12853470437017994	MCC	TRUE	-	FALSE	-0	MCC	-0
chr6	27693357	-	hg38	1	50000cellsB	xxx	GTSP6530	CD4+ CELLS	D0	1	0.12853470437017994	LINC01012	FALSE	+	FALSE	-676	HIST1H1B	173433
chr6	28894951	-	hg38	1	50000cellsB	xxx	GTSP6530	CD4+ CELLS	D0	1	0.12853470437017994	HCG14	FALSE	+	FALSE	-1577	TRIM27	8049
chr6	49535286	-	hg38	1	50000cellsB	xxx	GTSP6530	CD4+ CELLS	D0	1	0.12853470437017994	GLYATL3	FALSE	+	FALSE	7221	PKHD1	2080059
chr6	27875278	+	hg38	1	50000cellsB	xxx	GTSP6530	CD4+ CELLS	D0	1	0.12853470437017994	HIST1H4L	FALSE	-	FALSE	-1766	HIST1H1B	-7696
chr6	5267590	+	hg38	1	50000cellsB	xxx	GTSP6530	CD4+ CELLS	D0	1	0.12853470437017994	FARS2	TRUE	+	FALSE	0	PRPF4B	1202606
chr6	70567861	+	hg38	1	50000cellsB	xxx	GTSP6530	CD4+ CELLS	D0	1	0.12853470437017994	SDHAF4	TRUE	+	FALSE	0	SMAP1	-99908
chr6	99594765	+	hg38	1	50000cellsB	xxx	GTSP6530	CD4+ CELLS	D0	1	0.12853470437017994	PRDM13	FALSE	+	FALSE	-12007	CCNC	-25950
chr7	101752294	-	hg38	3	50000cellsB	xxx	GTSP6530	CD4+ CELLS	D0	3	0.3856041131105398	CUX1	FALSE	+	FALSE	-63608	CUX1	-63608
chr7	110089941	-	hg38	1	50000cellsB	xxx	GTSP6530	CD4+ CELLS	D0	1	0.12853470437017994	EIF3IP1	FALSE	-	FALSE	-129727	NRCAM	-1633543
chr7	138652804	-	hg38	1	50000cellsB	xxx	GTSP6530	CD4+ CELLS	D0	1	0.12853470437017994	SVOPL	TRUE	-	FALSE	0	TRIM24	67215
chr7	153502382	-	hg38	1	50000cellsB	xxx	GTSP6530	CD4+ CELLS	D0	1	0.12853470437017994	LINC01287	FALSE	-	FALSE	-90147	KMT2C	-1066376
chr7	2286698	-	hg38	2	50000cellsB	xxx	GTSP6530	CD4+ CELLS	D0	2	0.2570694087403599	SNX8	TRUE	-	FALSE	0	MAD1L1	-53749
chr7	65942329	-	hg38	1	50000cellsB	xxx	GTSP6530	CD4+ CELLS	D0	1	0.12853470437017994	VKORC1L1	TRUE	+	FALSE	-0	ASL	-133458
chr7	6624933	-	hg38	1	50000cellsB	xxx	GTSP6530	CD4+ CELLS	D0	1	0.12853470437017994	ZNF853	FALSE	+	FALSE	642	PMS2	-615826
chr7	100652435	+	hg38	1	50000cellsB	xxx	GTSP6530	CD4+ CELLS	D0	1	0.12853470437017994	ACTL6B	TRUE	-	FALSE	0	EPO	-68363
chr7	47691688	+	hg38	1	50000cellsB	xxx	GTSP6530	CD4+ CELLS	D0	1	0.12853470437017994	C7orf65	FALSE	+	FALSE	30039	HUS1	271598
chr8	109365817	-	hg38	1	50000cellsB	xxx	GTSP6530	CD4+ CELLS	D0	1	0.12853470437017994	PKHD1L1	TRUE	+	FALSE	0	EBAG9	-173881
chr8	22203399	-	hg38	1	50000cellsB	xxx	GTSP6530	CD4+ CELLS	D0	1	0.12853470437017994	BMP1	TRUE	+	FALSE	-0	EGR3	484260
chr8	59191294	-	hg38	3	50000cellsB	xxx	GTSP6530	CD4+ CELLS	D0	2	0.2570694087403599	LOC100505501	FALSE	+	FALSE	67815	CYP7A1	-691132
chr8	82223531	-	hg38	1	50000cellsB	xxx	GTSP6530	CD4+ CELLS	D0	1	0.12853470437017994	SNX16	FALSE	-	FALSE	-381244	TPD52	-2051871
chr8	9300658	-	hg38	3	50000cellsB	xxx	GTSP6530	CD4+ CELLS	D0	2	0.2570694087403599	LOC157273	FALSE	+	FALSE	-24391	MFHAS1	-407036
chr8	33646564	+	hg38	1	50000cellsB	xxx	GTSP6530	CD4+ CELLS	D0	1	0.12853470437017994	DUSP26	FALSE	-	FALSE	-46457	WRN	2470692
chr8	51608675	+	hg38	7	50000cellsB	xxx	GTSP6530	CD4+ CELLS	D0	2	0.2570694087403599	PXDNL	TRUE	-	FALSE	0	RB1CC1	1013781
chr8	84978410	+	hg38	1	50000cellsB	xxx	GTSP6530	CD4+ CELLS	D0	1	0.12853470437017994	RALYL	FALSE	+	FALSE	56565	WWP1	-1364353
chr9	127995281	-	hg38	43	50000cellsB	xxx	GTSP6530	CD4+ CELLS	D0	20	2.570694087403599	FAM102A	FALSE	-	FALSE	-14747	SPTAN1	-557275
chr9	36420374	-	hg38	5	50000cellsB	xxx	GTSP6530	CD4+ CELLS	D0	2	0.2570694087403599	RNF38	FALSE	-	FALSE	-19175	PAX5	412899
chr9	67203499	-	hg38	2	50000cellsB	xxx	GTSP6530	CD4+ CELLS	D0	1	0.12853470437017994	CNTNAP3P2	TRUE	+	FALSE	-0	TJP2	-1917763
chr9	129314770	+	hg38	6	50000cellsB	xxx	GTSP6530	CD4+ CELLS	D0	2	0.2570694087403599	C9orf106	FALSE	+	FALSE	-6244	PTPA	165823
chr9	137560692	+	hg38	13	50000cellsB	xxx	GTSP6530	CD4+ CELLS	D0	5	0.6426735218508998	DPH7	TRUE	-	FALSE	-0	EHMT1	-58298
chr9	28243297	+	hg38	11	50000cellsB	xxx	GTSP6530	CD4+ CELLS	D0	8	1.0282776349614395	LINGO2	TRUE	-	FALSE	-0	TEK	1013118
chr9	34113946	+	hg38	1	50000cellsB	xxx	GTSP6530	CD4+ CELLS	D0	1	0.12853470437017994	DCAF12	TRUE	-	FALSE	0	BAG1	-849184
chr9	94558469	+	hg38	1	50000cellsB	xxx	GTSP6530	CD4+ CELLS	D0	1	0.12853470437017994	PCAT7	TRUE	+	FALSE	0	FANCC	540583
chrY	7514455	+	hg38	1	50000cellsB	xxx	GTSP6530	CD4+ CELLS	D0	1	0.12853470437017994	PRKY	FALSE	+	FALSE	132907	P2RY8	-5977310
chr1	238617670	-	hg38	2	3125cellsB	xxx	GTSP6532	CD4+ CELLS	D0	1	0.7518796992481203	LINC01139	FALSE	-	FALSE	-131652	FH	2879885
chr1	242809712	+	hg38	2	3125cellsB	xxx	GTSP6532	CD4+ CELLS	D0	1	0.7518796992481203	LINC01347	FALSE	-	FALSE	246600	SDCCAG8	-446291
chr1	52587604	+	hg38	1	3125cellsB	xxx	GTSP6532	CD4+ CELLS	D0	1	0.7518796992481203	GPX7	FALSE	+	FALSE	-14765	EPS15	-1068280
chr1	77980059	+	hg38	1	3125cellsB	xxx	GTSP6532	CD4+ CELLS	D0	1	0.7518796992481203	DNAJB4	TRUE	+	FALSE	0	FUBP1	-853
chr10	22823978	-	hg38	1	3125cellsB	xxx	GTSP6532	CD4+ CELLS	D0	1	0.7518796992481203	ARMC3	FALSE	+	FALSE	-104044	BMI1	492492
chr10	42808479	-	hg38	1	3125cellsB	xxx	GTSP6532	CD4+ CELLS	D0	1	0.7518796992481203	BMS1	TRUE	+	FALSE	0	RET	-268546
chr10	51856807	-	hg38	1	3125cellsB	xxx	GTSP6532	CD4+ CELLS	D0	1	0.7518796992481203	PRKG1	TRUE	+	FALSE	-0	DKK1	-457374
chr10	114741401	+	hg38	1	3125cellsB	xxx	GTSP6532	CD4+ CELLS	D0	1	0.7518796992481203	ABLIM1	TRUE	-	FALSE	0	TCF7L2	1573722
chr10	82669766	+	hg38	1	3125cellsB	xxx	GTSP6532	CD4+ CELLS	D0	1	0.7518796992481203	NRG3	TRUE	+	FALSE	-0	NUTM2B	2957008
chr11	125503481	-	hg38	3	3125cellsB	xxx	GTSP6532	CD4+ CELLS	D0	1	0.7518796992481203	LOC403312	FALSE	+	FALSE	3954	SPA17	808686
chr11	3255665	-	hg38	1	3125cellsB	xxx	GTSP6532	CD4+ CELLS	D0	1	0.7518796992481203	MRGPRE	FALSE	-	FALSE	-23278	CARS	-198213
chr11	323144	+	hg38	1	3125cellsB	xxx	GTSP6532	CD4+ CELLS	D0	1	0.7518796992481203	IFITM3	FALSE	-	FALSE	-2229	PGGHG	27455
chr12	49513998	-	hg38	1	3125cellsB	xxx	GTSP6532	CD4+ CELLS	D0	1	0.7518796992481203	SPATS2	TRUE	+	FALSE	-0	FMNL3	123941
chr12	50194167	-	hg38	2	3125cellsB	xxx	GTSP6532	CD4+ CELLS	D0	1	0.7518796992481203	LIMA1	TRUE	-	FALSE	-0	FMNL3	-486752
chr12	104308171	+	hg38	7	3125cellsB	xxx	GTSP6532	CD4+ CELLS	D0	1	0.7518796992481203	TXNRD1	TRUE	+	FALSE	-0	HSP90B1	360240
chr12	53368331	+	hg38	3	3125cellsB	xxx	GTSP6532	CD4+ CELLS	D0	1	0.7518796992481203	SP1	FALSE	+	FALSE	-11862	RARG	-136074
chr12	62481364	+	hg38	22	3125cellsB	xxx	GTSP6532	CD4+ CELLS	D0	1	0.7518796992481203	MON2	TRUE	+	FALSE	0	USP15	71642
chr13	65096318	-	hg38	2	3125cellsB	xxx	GTSP6532	CD4+ CELLS	D0	2	1.5037593984962405	LINC01052	FALSE	+	FALSE	-769727	KLF5	-7958656
chr13	34570286	+	hg38	1	3125cellsB	xxx	GTSP6532	CD4+ CELLS	D0	1	0.7518796992481203	LINC02343,LINC00457	TRUE	+,-	FALSE	0	STARD13	-893450
chr13	57424905	+	hg38	1	3125cellsB	xxx	GTSP6532	CD4+ CELLS	D0	1	0.7518796992481203	PCDH17	FALSE	+	FALSE	-206748	OLFM4	4372843
chr14	102061565	+	hg38	5	3125cellsB	xxx	GTSP6532	CD4+ CELLS	D0	1	0.7518796992481203	DYNC1H1	FALSE	+	FALSE	10766	HSP90AA1	19171
chr15	76205545	+	hg38	14	3125cellsB	xxx	GTSP6532	CD4+ CELLS	D0	2	1.5037593984962405	TMEM266	FALSE	+	FALSE	581	CSPG4	-492696
chr16	15590398	-	hg38	1	3125cellsB	xxx	GTSP6532	CD4+ CELLS	D0	1	0.7518796992481203	C16orf45	FALSE	+	FALSE	2138	MYH11	112735
chr17	76059967	-	hg38	4	3125cellsB	xxx	GTSP6532	CD4+ CELLS	D0	2	1.5037593984962405	SRP68	TRUE	-	FALSE	0	RNF157	82484
chr17	4870088	+	hg38	5	3125cellsB	xxx	GTSP6532	CD4+ CELLS	D0	1	0.7518796992481203	MINK1	TRUE	+	FALSE	-0	PFN1	75560
chr17	62096956	+	hg38	8	3125cellsB	xxx	GTSP6532	CD4+ CELLS	D0	2	1.5037593984962405	MED13	FALSE	-	FALSE	-31673	BRIP1	-233396
chr18	13272070	+	hg38	7	3125cellsB	xxx	GTSP6532	CD4+ CELLS	D0	1	0.7518796992481203	LDLRAD4	TRUE	+	FALSE	0	MC2R	609972
chr18	33001351	+	hg38	9	3125cellsB	xxx	GTSP6532	CD4+ CELLS	D0	1	0.7518796992481203	CCDC178	TRUE	-	FALSE	-0	DSG2	1452342
chr19	17930235	-	hg38	1	3125cellsB	xxx	GTSP6532	CD4+ CELLS	D0	1	0.7518796992481203	CCDC124	FALSE	+	FALSE	-2778	SLC5A5	35060
chr19	3216418	-	hg38	1	3125cellsB	xxx	GTSP6532	CD4+ CELLS	D0	1	0.7518796992481203	NCLN	FALSE	+	FALSE	6842	S1PR4	36085
chr19	34441297	-	hg38	29759	3125cellsB	xxx	GTSP6532	CD4+ CELLS	D0	20	15.037593984962406	UBA2	TRUE	+	FALSE	0	FXYD5	-713423
chr19	50346683	-	hg38	173	3125cellsB	xxx	GTSP6532	CD4+ CELLS	D0	1	0.7518796992481203	NAPSB	FALSE	-	FALSE	-1934	ATF5	412746
chr19	34441293	+	hg38	54003	3125cellsB	xxx	GTSP6532	CD4+ CELLS	D0	22	16.541353383458645	UBA2	TRUE	+	FALSE	0	FXYD5	-713427
chr19	34441458	+	hg38	1	3125cellsB	xxx	GTSP6532	CD4+ CELLS	D0	1	0.7518796992481203	UBA2	TRUE	+	FALSE	0	FXYD5	-713262
chr19	48162609	+	hg38	3	3125cellsB	xxx	GTSP6532	CD4+ CELLS	D0	1	0.7518796992481203	LIG1	TRUE	-	FALSE	0	CARD8	40537
chr2	100561083	-	hg38	1	3125cellsB	xxx	GTSP6532	CD4+ CELLS	D0	1	0.7518796992481203	PDCL3	FALSE	+	FALSE	-1871	AFF3	-418507
chr2	142856437	-	hg38	2	3125cellsB	xxx	GTSP6532	CD4+ CELLS	D0	1	0.7518796992481203	KYNU	FALSE	+	FALSE	-21187	ZEB2	1527936
chr2	214521067	-	hg38	2	3125cellsB	xxx	GTSP6532	CD4+ CELLS	D0	1	0.7518796992481203	VWC2L,VWC2L-IT1	TRUE	+,+	FALSE	0	BARD1	204577
chr2	110286270	+	hg38	3	3125cellsB	xxx	GTSP6532	CD4+ CELLS	D0	1	0.7518796992481203	MIR4436B2	FALSE	+	FALSE	1326	BUB1	351426
chr2	43401454	+	hg38	9	3125cellsB	xxx	GTSP6532	CD4+ CELLS	D0	1	0.7518796992481203	THADA	TRUE	-	FALSE	-0	THADA	-0
chr2	86109243	+	hg38	2	3125cellsB	xxx	GTSP6532	CD4+ CELLS	D0	1	0.7518796992481203	PTCD3	TRUE	+	FALSE	0	KDM3A	-331903
chr20	53688608	-	hg38	1	3125cellsB	xxx	GTSP6532	CD4+ CELLS	D0	1	0.7518796992481203	LOC105372672	FALSE	+	FALSE	54017	ZNF217	-105510
chr21	17662631	+	hg38	402	3125cellsB	xxx	GTSP6532	CD4+ CELLS	D0	1	0.7518796992481203	BTG3-AS1	FALSE	+	FALSE	48516	MIR125B2	1072305
chr22	16886025	-	hg38	1	3125cellsB	xxx	GTSP6532	CD4+ CELLS	D0	1	0.7518796992481203	HSFY1P1	FALSE	+	FALSE	56689	HDHD5	251493
chr22	29143580	+	hg38	1	3125cellsB	xxx	GTSP6532	CD4+ CELLS	D0	1	0.7518796992481203	KREMEN1	TRUE	+	TRUE	-0	EWSR1	-124427
chr22	44638406	+	hg38	3	3125cellsB	xxx	GTSP6532	CD4+ CELLS	D0	1	0.7518796992481203	LINC00229	FALSE	-	FALSE	-12986	PARVB	469172
chr3	168070235	-	hg38	3	3125cellsB	xxx	GTSP6532	CD4+ CELLS	D0	1	0.7518796992481203	GOLIM4	TRUE	-	FALSE	0	MECOM	1013262
chr3	142658312	+	hg38	1	3125cellsB	xxx	GTSP6532	CD4+ CELLS	D0	1	0.7518796992481203	PLS1	TRUE	+	FALSE	-0	ATR	-79485
chr3	49833655	+	hg38	4	3125cellsB	xxx	GTSP6532	CD4+ CELLS	D0	1	0.7518796992481203	TRAIP	TRUE	-	FALSE	-0	UBA7	-19696
chr4	161749639	-	hg38	1	3125cellsB	xxx	GTSP6532	CD4+ CELLS	D0	1	0.7518796992481203	FSTL5	TRUE	-	FALSE	-0	NPY1R	1574324
chr4	54124673	-	hg38	1	3125cellsB	xxx	GTSP6532	CD4+ CELLS	D0	1	0.7518796992481203	GSX2	FALSE	+	FALSE	22717	CHIC2	-60024
chr4	75883660	-	hg38	1	3125cellsB	xxx	GTSP6532	CD4+ CELLS	D0	1	0.7518796992481203	PPEF2	TRUE	-	FALSE	0	CXCL10	137454
chr4	166800017	+	hg38	13	3125cellsB	xxx	GTSP6532	CD4+ CELLS	D0	1	0.7518796992481203	SPOCK3	TRUE	-	FALSE	-0	NPY1R	-3467221
chr4	81123580	+	hg38	1	3125cellsB	xxx	GTSP6532	CD4+ CELLS	D0	1	0.7518796992481203	PRKG2	TRUE	-	FALSE	-0	FGF5	832562
chr4	89236187	+	hg38	1	3125cellsB	xxx	GTSP6532	CD4+ CELLS	D0	1	0.7518796992481203	GPRIN3	FALSE	-	FALSE	8089	SPP1	1252775
chr5	128131535	-	hg38	63	3125cellsB	xxx	GTSP6532	CD4+ CELLS	D0	1	0.7518796992481203	SLC12A2	TRUE	+	FALSE	0	MARCH3	-1100726
chr5	176440383	-	hg38	2	3125cellsB	xxx	GTSP6532	CD4+ CELLS	D0	1	0.7518796992481203	FAF2	FALSE	+	FALSE	-7970	CPLX2	556362
chr5	37287913	-	hg38	1	3125cellsB	xxx	GTSP6532	CD4+ CELLS	D0	1	0.7518796992481203	NUP155	FALSE	-	FALSE	3718	NIPBL	222093
chr5	91313625	-	hg38	4	3125cellsB	xxx	GTSP6532	CD4+ CELLS	D0	1	0.7518796992481203	LUCAT1	TRUE	-	FALSE	0	NR2F1	-2269710
chr5	168478967	+	hg38	2	3125cellsB	xxx	GTSP6532	CD4+ CELLS	D0	1	0.7518796992481203	WWC1	FALSE	+	FALSE	6663	RANBP17	-2382913
chr6	58007102	-	hg38	1	3125cellsB	xxx	GTSP6532	CD4+ CELLS	D0	1	0.7518796992481203	LINC00680-GUSBP4,LINC00680	FALSE	-,-	FALSE	-45655	DST	-1052473
chr6	83230773	-	hg38	10	3125cellsB	xxx	GTSP6532	CD4+ CELLS	D0	1	0.7518796992481203	ME1	TRUE	-	FALSE	-0	CYB5R4	-628876
chr6	26066617	+	hg38	1	3125cellsB	xxx	GTSP6532	CD4+ CELLS	D0	1	0.7518796992481203	HIST1H1C	FALSE	-	FALSE	-10145	HIST1H1C	-10145
chr6	5267590	+	hg38	1	3125cellsB	xxx	GTSP6532	CD4+ CELLS	D0	1	0.7518796992481203	FARS2	TRUE	+	FALSE	0	PRPF4B	1202606
chr7	101752294	-	hg38	16	3125cellsB	xxx	GTSP6532	CD4+ CELLS	D0	2	1.5037593984962405	CUX1	FALSE	+	FALSE	-63608	CUX1	-63608
chr7	131069943	-	hg38	1	3125cellsB	xxx	GTSP6532	CD4+ CELLS	D0	1	0.7518796992481203	LINC-PINT	TRUE	-	FALSE	0	MIR29A	-193132
chr7	2286698	-	hg38	1	3125cellsB	xxx	GTSP6532	CD4+ CELLS	D0	1	0.7518796992481203	SNX8	TRUE	-	FALSE	0	MAD1L1	-53749
chr7	3744653	-	hg38	7	3125cellsB	xxx	GTSP6532	CD4+ CELLS	D0	1	0.7518796992481203	SDK1	TRUE	+	FALSE	0	CARD11	-700707
chr7	141192640	+	hg38	1	3125cellsB	xxx	GTSP6532	CD4+ CELLS	D0	1	0.7518796992481203	TMEM178B	TRUE	+	FALSE	0	BRAF	-267711
chr7	57092926	+	hg38	1	3125cellsB	xxx	GTSP6532	CD4+ CELLS	D0	1	0.7518796992481203	ZNF479	FALSE	-	FALSE	26686	EGFR	1884845
chr7	98173894	+	hg38	1	3125cellsB	xxx	GTSP6532	CD4+ CELLS	D0	1	0.7518796992481203	LMTK2	TRUE	+	FALSE	-0	ASNS	-245331
chr8	41093323	-	hg38	23	3125cellsB	xxx	GTSP6532	CD4+ CELLS	D0	1	0.7518796992481203	SFRP1	FALSE	-	FALSE	168632	KAT6A	836154
chr8	9300658	-	hg38	2	3125cellsB	xxx	GTSP6532	CD4+ CELLS	D0	1	0.7518796992481203	LOC157273	FALSE	+	FALSE	-24391	MFHAS1	-407036
chr8	33646564	+	hg38	1	3125cellsB	xxx	GTSP6532	CD4+ CELLS	D0	1	0.7518796992481203	DUSP26	FALSE	-	FALSE	-46457	WRN	2470692
chr8	51608675	+	hg38	9	3125cellsB	xxx	GTSP6532	CD4+ CELLS	D0	1	0.7518796992481203	PXDNL	TRUE	-	FALSE	0	RB1CC1	1013781
chr9	127995281	-	hg38	90	3125cellsB	xxx	GTSP6532	CD4+ CELLS	D0	3	2.2556390977443606	FAM102A	FALSE	-	FALSE	-14747	SPTAN1	-557275
chr9	131335927	-	hg38	1	3125cellsB	xxx	GTSP6532	CD4+ CELLS	D0	1	0.7518796992481203	PLPP7	FALSE	+	FALSE	26664	NUP214	101256
chr9	137144496	-	hg38	1	3125cellsB	xxx	GTSP6532	CD4+ CELLS	D0	1	0.7518796992481203	GRIN1	TRUE	+	FALSE	0	MAMDC4	283696
chr9	34595836	-	hg38	1	3125cellsB	xxx	GTSP6532	CD4+ CELLS	D0	1	0.7518796992481203	CNTFR	FALSE	-	FALSE	-5695	FANCG	478000
chr9	36420374	-	hg38	1	3125cellsB	xxx	GTSP6532	CD4+ CELLS	D0	1	0.7518796992481203	RNF38	FALSE	-	FALSE	-19175	PAX5	412899
chr9	94189107	-	hg38	13	3125cellsB	xxx	GTSP6532	CD4+ CELLS	D0	1	0.7518796992481203	MIRLET7DHG	TRUE	-	FALSE	-0	WNK2	868534
chr9	137560692	+	hg38	2	3125cellsB	xxx	GTSP6532	CD4+ CELLS	D0	1	0.7518796992481203	DPH7	TRUE	-	FALSE	-0	EHMT1	-58298
chr9	6482772	+	hg38	6	3125cellsB	xxx	GTSP6532	CD4+ CELLS	D0	1	0.7518796992481203	UHRF2	TRUE	+	FALSE	-0	UHRF2	-0
chrX	31881394	-	hg38	1	3125cellsB	xxx	GTSP6532	CD4+ CELLS	D0	1	0.7518796992481203	DMD	TRUE	-	FALSE	-0	TAB3	-991999
chrX	134603510	+	hg38	10	3125cellsB	xxx	GTSP6532	CD4+ CELLS	D0	1	0.7518796992481203	PLAC1	TRUE	-	FALSE	-0	PHF6	174717
chrX	16701775	+	hg38	10	3125cellsB	xxx	GTSP6532	CD4+ CELLS	D0	1	0.7518796992481203	CTPS2	TRUE	-	FALSE	0	RBBP7	142873
chr19	34441293	+	hg38	23	48.83cellsB	xxx	GTSP6535	CD4+ CELLS	D0	1	100	UBA2	TRUE	+	FALSE	0	FXYD5	-713427
chr19	34441297	-	hg38	82660	12.21cellsB	xxx	GTSP6536	CD4+ CELLS	D0	5	83.33333333333334	UBA2	TRUE	+	FALSE	0	FXYD5	-713423
chr19	34441293	+	hg38	7	12.21cellsB	xxx	GTSP6536	CD4+ CELLS	D0	1	16.666666666666664	UBA2	TRUE	+	FALSE	0	FXYD5	-713427
chr1	15865603	-	hg38	1	200000cellsB	xxx	GTSP6529	CD4+ CELLS	D0	1	0.08952551477170993	SPEN	TRUE	+	FALSE	0	EPHA2	258732
chr1	168895239	-	hg38	1	200000cellsB	xxx	GTSP6529	CD4+ CELLS	D0	1	0.08952551477170993	LINC00970	FALSE	-	FALSE	8664	DPT	-166034
chr1	203613697	-	hg38	1	200000cellsB	xxx	GTSP6529	CD4+ CELLS	D0	1	0.08952551477170993	ATP2B4	FALSE	+	FALSE	-13088	FMOD	-262267
chr1	237397901	-	hg38	1	200000cellsB	xxx	GTSP6529	CD4+ CELLS	D0	1	0.08952551477170993	RYR2	TRUE	+	FALSE	0	RBM34	-2236284
chr1	239180721	-	hg38	1	200000cellsB	xxx	GTSP6529	CD4+ CELLS	D0	1	0.08952551477170993	CHRM3	FALSE	+	FALSE	-206207	FH	2316834
chr1	28891931	-	hg38	1	200000cellsB	xxx	GTSP6529	CD4+ CELLS	D0	1	0.08952551477170993	EPB41	TRUE	+	FALSE	0	PTPRU	-344583
chr1	49787344	-	hg38	1	200000cellsB	xxx	GTSP6529	CD4+ CELLS	D0	1	0.08952551477170993	AGBL4	TRUE	-	FALSE	0	CDKN2C	-1181349
chr1	94960006	-	hg38	5	200000cellsB	xxx	GTSP6529	CD4+ CELLS	D0	3	0.26857654431512984	LOC729970	TRUE	+	FALSE	-0	ALG14	22715
chr1	109524794	+	hg38	1	200000cellsB	xxx	GTSP6529	CD4+ CELLS	D0	1	0.08952551477170993	AMIGO1	FALSE	-	FALSE	-15042	PSMA5	-98307
chr1	117334305	+	hg38	1	200000cellsB	xxx	GTSP6529	CD4+ CELLS	D0	1	0.08952551477170993	LINC01525	FALSE	+	FALSE	12968	VTCN1	-123344
chr1	19299273	+	hg38	1	200000cellsB	xxx	GTSP6529	CD4+ CELLS	D0	1	0.08952551477170993	AKR7A2	FALSE	-	FALSE	3433	NBL1	-343954
chr1	20858834	+	hg38	1	200000cellsB	xxx	GTSP6529	CD4+ CELLS	D0	1	0.08952551477170993	EIF4G3	TRUE	-	FALSE	-0	CDA	239925
chr1	43922341	+	hg38	1	200000cellsB	xxx	GTSP6529	CD4+ CELLS	D0	1	0.08952551477170993	ST3GAL3	TRUE	+	FALSE	-0	RNF220	-482817
chr1	91019741	+	hg38	3	200000cellsB	xxx	GTSP6529	CD4+ CELLS	D0	3	0.26857654431512984	ZNF644	TRUE	-	FALSE	0	TGFBR3	660600
chr10	22823978	-	hg38	1	200000cellsB	xxx	GTSP6529	CD4+ CELLS	D0	1	0.08952551477170993	ARMC3	FALSE	+	FALSE	-104044	BMI1	492492
chr10	36509928	-	hg38	1	200000cellsB	xxx	GTSP6529	CD4+ CELLS	D0	1	0.08952551477170993	ANKRD30A	FALSE	+	FALSE	-615927	MAP3K8	6048094
chr10	42808479	-	hg38	1	200000cellsB	xxx	GTSP6529	CD4+ CELLS	D0	1	0.08952551477170993	BMS1	TRUE	+	FALSE	0	RET	-268546
chr10	51856807	-	hg38	1	200000cellsB	xxx	GTSP6529	CD4+ CELLS	D0	1	0.08952551477170993	PRKG1	TRUE	+	FALSE	-0	DKK1	-457374
chr10	68835503	-	hg38	1	200000cellsB	xxx	GTSP6529	CD4+ CELLS	D0	1	0.08952551477170993	STOX1	TRUE	+	FALSE	0	TET1	141020
chr10	69309361	-	hg38	1	200000cellsB	xxx	GTSP6529	CD4+ CELLS	D0	1	0.08952551477170993	HK1	TRUE	+	FALSE	0	TET1	614878
chr10	81051033	-	hg38	1	200000cellsB	xxx	GTSP6529	CD4+ CELLS	D0	1	0.08952551477170993	SH2D4B	FALSE	+	FALSE	404472	NUTM2B	1338275
chr10	86767002	-	hg38	1	200000cellsB	xxx	GTSP6529	CD4+ CELLS	D0	1	0.08952551477170993	BMPR1A	TRUE	+	FALSE	0	BMPR1A	0
chr10	96965504	-	hg38	1	200000cellsB	xxx	GTSP6529	CD4+ CELLS	D0	1	0.08952551477170993	LCOR	TRUE	+	FALSE	-0	FRAT1	-353759
chr10	106524112	+	hg38	1	200000cellsB	xxx	GTSP6529	CD4+ CELLS	D0	1	0.08952551477170993	SORCS1	FALSE	-	FALSE	49549	ADD3	-3472236
chr10	114741401	+	hg38	1	200000cellsB	xxx	GTSP6529	CD4+ CELLS	D0	1	0.08952551477170993	ABLIM1	TRUE	-	FALSE	0	TCF7L2	1573722
chr10	123589513	+	hg38	1	200000cellsB	xxx	GTSP6529	CD4+ CELLS	D0	1	0.08952551477170993	GPR26	FALSE	+	FALSE	-76840	DMBT1	945776
chr10	30192703	+	hg38	2	200000cellsB	xxx	GTSP6529	CD4+ CELLS	D0	2	0.17905102954341987	LOC101929279	FALSE	+	FALSE	-19147	MAP3K8	-241316
chr10	72455186	+	hg38	2	200000cellsB	xxx	GTSP6529	CD4+ CELLS	D0	2	0.17905102954341987	MICU1	TRUE	-	FALSE	-0	PSAP	-603810
chr10	77919055	+	hg38	1	200000cellsB	xxx	GTSP6529	CD4+ CELLS	D0	1	0.08952551477170993	DLG5	TRUE	-	FALSE	0	ZMIZ1	-1149978
chr10	82669766	+	hg38	1	200000cellsB	xxx	GTSP6529	CD4+ CELLS	D0	1	0.08952551477170993	NRG3	TRUE	+	FALSE	-0	NUTM2B	2957008
chr11	108211062	-	hg38	1	200000cellsB	xxx	GTSP6529	CD4+ CELLS	D0	1	0.08952551477170993	NPAT	TRUE	-	FALSE	0	ATM	-11768
chr11	125563372	-	hg38	1	200000cellsB	xxx	GTSP6529	CD4+ CELLS	D0	1	0.08952551477170993	STT3A-AS1	FALSE	-	FALSE	4734	SPA17	868577
chr11	97913842	-	hg38	2	200000cellsB	xxx	GTSP6529	CD4+ CELLS	D0	1	0.08952551477170993	CNTN5	FALSE	+	FALSE	-1107132	MAML2	-1570661
chr11	75721457	+	hg38	1	200000cellsB	xxx	GTSP6529	CD4+ CELLS	D0	1	0.08952551477170993	MOGAT2	TRUE	+	FALSE	0	NEU3	713758
chr11	82595973	+	hg38	1	200000cellsB	xxx	GTSP6529	CD4+ CELLS	D0	1	0.08952551477170993	FAM181B	FALSE	-	FALSE	136029	PICALM	3361196
chr11	85079806	+	hg38	1	200000cellsB	xxx	GTSP6529	CD4+ CELLS	D0	1	0.08952551477170993	DLG2	TRUE	-	FALSE	0	PICALM	877363
chr12	113919413	-	hg38	1	200000cellsB	xxx	GTSP6529	CD4+ CELLS	D0	1	0.08952551477170993	RBM19	TRUE	-	FALSE	0	PTPN11	1409494
chr12	119995828	-	hg38	1	200000cellsB	xxx	GTSP6529	CD4+ CELLS	D0	1	0.08952551477170993	BICDL1	TRUE	+	FALSE	0	PXN	214609
chr12	53432092	-	hg38	2	200000cellsB	xxx	GTSP6529	CD4+ CELLS	D0	2	0.17905102954341987	AMHR2	FALSE	+	FALSE	419	RARG	-199835
chr12	39305205	+	hg38	1	200000cellsB	xxx	GTSP6529	CD4+ CELLS	D0	1	0.08952551477170993	KIF21A	TRUE	-	FALSE	-0	ARID2	-6424502
chr12	56752869	+	hg38	1	200000cellsB	xxx	GTSP6529	CD4+ CELLS	D0	1	0.08952551477170993	PRIM1	FALSE	-	FALSE	-506	NACA	-27326
chr12	62481364	+	hg38	1	200000cellsB	xxx	GTSP6529	CD4+ CELLS	D0	1	0.08952551477170993	MON2	TRUE	+	FALSE	0	USP15	71642
chr12	84072526	+	hg38	5	200000cellsB	xxx	GTSP6529	CD4+ CELLS	D0	3	0.26857654431512984	SLC6A15	FALSE	-	FALSE	786960	PAWR	-4381428
chr13	65096318	-	hg38	1	200000cellsB	xxx	GTSP6529	CD4+ CELLS	D0	1	0.08952551477170993	LINC01052	FALSE	+	FALSE	-769727	KLF5	-7958656
chr13	98862526	+	hg38	3	200000cellsB	xxx	GTSP6529	CD4+ CELLS	D0	1	0.08952551477170993	DOCK9	TRUE	-	FALSE	-0	RAP2A	1394527
chr14	105678698	-	hg38	1	200000cellsB	xxx	GTSP6529	CD4+ CELLS	D0	1	0.08952551477170993	ELK2AP	FALSE	-	FALSE	-5890	ELK2AP	-5890
chr14	20846465	-	hg38	1	200000cellsB	xxx	GTSP6529	CD4+ CELLS	D0	1	0.08952551477170993	RNASE1	FALSE	-	FALSE	-43587	ANG	152278
chr14	29158291	-	hg38	1	200000cellsB	xxx	GTSP6529	CD4+ CELLS	D0	1	0.08952551477170993	LINC01551	FALSE	+	FALSE	363496	FOXG1	388013
chr14	64299540	-	hg38	1	200000cellsB	xxx	GTSP6529	CD4+ CELLS	D0	1	0.08952551477170993	ESR2	TRUE	-	FALSE	0	ESR2	0
chr14	64579812	-	hg38	2	200000cellsB	xxx	GTSP6529	CD4+ CELLS	D0	2	0.17905102954341987	PPP1R36	TRUE	+	FALSE	-0	ESR2	-241261
chr14	102061565	+	hg38	4	200000cellsB	xxx	GTSP6529	CD4+ CELLS	D0	3	0.26857654431512984	DYNC1H1	FALSE	+	FALSE	10766	HSP90AA1	19171
chr14	21560105	+	hg38	1	200000cellsB	xxx	GTSP6529	CD4+ CELLS	D0	1	0.08952551477170993	OR10G3	FALSE	-	FALSE	9696	NDRG2	-489232
chr14	54984334	+	hg38	1	200000cellsB	xxx	GTSP6529	CD4+ CELLS	D0	1	0.08952551477170993	WDHD1	TRUE	-	FALSE	0	LGALS3	-144881
chr14	73570744	+	hg38	1	200000cellsB	xxx	GTSP6529	CD4+ CELLS	D0	1	0.08952551477170993	ACOT2	TRUE	+	FALSE	0	PNMA1	141037
chr15	30710670	-	hg38	1	200000cellsB	xxx	GTSP6529	CD4+ CELLS	D0	1	0.08952551477170993	LOC100288637	TRUE	+	FALSE	-0	TRPM1	290389
chr15	50672233	-	hg38	1	200000cellsB	xxx	GTSP6529	CD4+ CELLS	D0	1	0.08952551477170993	TRPM7	TRUE	-	FALSE	0	GABPB1	-316803
chr15	29492843	+	hg38	1	200000cellsB	xxx	GTSP6529	CD4+ CELLS	D0	1	0.08952551477170993	FAM189A1	TRUE	-	FALSE	0	TRPM1	1508216
chr15	32783581	+	hg38	1	200000cellsB	xxx	GTSP6529	CD4+ CELLS	D0	1	0.08952551477170993	FMN1	TRUE	-	FALSE	-0	GREM1	48911
chr15	70825742	+	hg38	1	200000cellsB	xxx	GTSP6529	CD4+ CELLS	D0	1	0.08952551477170993	LARP6	FALSE	-	FALSE	5780	PKM	1373285
chr15	76205545	+	hg38	4	200000cellsB	xxx	GTSP6529	CD4+ CELLS	D0	4	0.35810205908683973	TMEM266	FALSE	+	FALSE	581	CSPG4	-492696
chr15	80362517	+	hg38	1	200000cellsB	xxx	GTSP6529	CD4+ CELLS	D0	1	0.08952551477170993	LINC00927	FALSE	-	FALSE	-20711	BCL2A1	-391215
chr16	64807662	-	hg38	3	200000cellsB	xxx	GTSP6529	CD4+ CELLS	D0	1	0.08952551477170993	CDH11	FALSE	-	FALSE	136089	CDH11	136089
chr16	83437519	-	hg38	1	200000cellsB	xxx	GTSP6529	CD4+ CELLS	D0	1	0.08952551477170993	CDH13	TRUE	+	FALSE	-0	CDH13	-0
chr16	3136555	+	hg38	1	200000cellsB	xxx	GTSP6529	CD4+ CELLS	D0	1	0.08952551477170993	ZNF213	TRUE	+	FALSE	0	TRAP1	521480
chr16	73986582	+	hg38	12	200000cellsB	xxx	GTSP6529	CD4+ CELLS	D0	3	0.26857654431512984	LOC101928035	FALSE	-	FALSE	205808	ZFHX3	-927946
chr17	19917106	-	hg38	1	200000cellsB	xxx	GTSP6529	CD4+ CELLS	D0	1	0.08952551477170993	AKAP10	TRUE	-	FALSE	-0	SPECC1	-92228
chr17	44748035	-	hg38	1	200000cellsB	xxx	GTSP6529	CD4+ CELLS	D0	1	0.08952551477170993	DBF4B	TRUE	+	FALSE	-0	NMT1	-313262
chr17	76059967	-	hg38	1	200000cellsB	xxx	GTSP6529	CD4+ CELLS	D0	1	0.08952551477170993	SRP68	TRUE	-	FALSE	0	RNF157	82484
chr17	78235781	-	hg38	1	200000cellsB	xxx	GTSP6529	CD4+ CELLS	D0	1	0.08952551477170993	TMEM235	TRUE	+	FALSE	0	TK1	-48576
chr17	8780780	-	hg38	1	200000cellsB	xxx	GTSP6529	CD4+ CELLS	D0	1	0.08952551477170993	MFSD6L	FALSE	-	FALSE	16328	PIK3R5	98134
chr17	4870088	+	hg38	1	200000cellsB	xxx	GTSP6529	CD4+ CELLS	D0	1	0.08952551477170993	MINK1	TRUE	+	FALSE	-0	PFN1	75560
chr17	48979528	+	hg38	1	200000cellsB	xxx	GTSP6529	CD4+ CELLS	D0	1	0.08952551477170993	GIP	FALSE	-	FALSE	-10934	GIP	-10934
chr17	62096956	+	hg38	5	200000cellsB	xxx	GTSP6529	CD4+ CELLS	D0	5	0.4476275738585497	MED13	FALSE	-	FALSE	-31673	BRIP1	-233396
chr17	67291536	+	hg38	1	200000cellsB	xxx	GTSP6529	CD4+ CELLS	D0	1	0.08952551477170993	LOC101928021	FALSE	+	FALSE	29455	PRKAR1A	-1122085
chr18	13505660	-	hg38	1	200000cellsB	xxx	GTSP6529	CD4+ CELLS	D0	1	0.08952551477170993	LDLRAD4	TRUE	+	FALSE	-0	MC2R	376382
chr18	25519797	-	hg38	1	200000cellsB	xxx	GTSP6529	CD4+ CELLS	D0	1	0.08952551477170993	ZNF521	FALSE	-	FALSE	-167546	ZNF521	-167546
chr18	13272070	+	hg38	1	200000cellsB	xxx	GTSP6529	CD4+ CELLS	D0	1	0.08952551477170993	LDLRAD4	TRUE	+	FALSE	0	MC2R	609972
chr18	33001351	+	hg38	2	200000cellsB	xxx	GTSP6529	CD4+ CELLS	D0	1	0.08952551477170993	CCDC178	TRUE	-	FALSE	-0	DSG2	1452342
chr18	65543843	+	hg38	3	200000cellsB	xxx	GTSP6529	CD4+ CELLS	D0	2	0.17905102954341987	CDH7	FALSE	+	FALSE	-206407	SERPINB3	-1881879
chr19	17073846	-	hg38	1	200000cellsB	xxx	GTSP6529	CD4+ CELLS	D0	1	0.08952551477170993	HAUS8	TRUE	-	FALSE	0	NR2F6	158037
chr19	17930235	-	hg38	1	200000cellsB	xxx	GTSP6529	CD4+ CELLS	D0	1	0.08952551477170993	CCDC124	FALSE	+	FALSE	-2778	SLC5A5	35060
chr19	33495349	-	hg38	1	200000cellsB	xxx	GTSP6529	CD4+ CELLS	D0	1	0.08952551477170993	PEPD	TRUE	-	FALSE	0	CEBPA	-192784
chr19	34441297	-	hg38	54150	200000cellsB	xxx	GTSP6529	CD4+ CELLS	D0	378	33.84064458370636	UBA2	TRUE	+	FALSE	0	FXYD5	-713423
chr19	379510	-	hg38	9	200000cellsB	xxx	GTSP6529	CD4+ CELLS	D0	6	0.5371530886302597	THEG	FALSE	-	FALSE	-3496	CDC34	-152221
chr19	40450041	-	hg38	1	200000cellsB	xxx	GTSP6529	CD4+ CELLS	D0	1	0.08952551477170993	BLVRB	TRUE	-	FALSE	-0	AKT2	-164645
chr19	44606790	-	hg38	1	200000cellsB	xxx	GTSP6529	CD4+ CELLS	D0	1	0.08952551477170993	IGSF23	FALSE	+	FALSE	-6838	BCL3	-141929
chr19	4987137	-	hg38	1	200000cellsB	xxx	GTSP6529	CD4+ CELLS	D0	1	0.08952551477170993	KDM4B	TRUE	+	FALSE	0	SH3GL1	-586568
chr19	50346681	-	hg38	391	200000cellsB	xxx	GTSP6529	CD4+ CELLS	D0	21	1.8800358102059087	NAPSB	FALSE	-	FALSE	-1932	ATF5	412744
chr19	9795042	-	hg38	1	200000cellsB	xxx	GTSP6529	CD4+ CELLS	D0	1	0.08952551477170993	LOC100505555	FALSE	-	FALSE	-1861	DNMT1	338300
chr19	11474434	+	hg38	1	200000cellsB	xxx	GTSP6529	CD4+ CELLS	D0	1	0.08952551477170993	ELAVL3	TRUE	-	FALSE	0	EPOR	-90091
chr19	17771506	+	hg38	2	200000cellsB	xxx	GTSP6529	CD4+ CELLS	D0	2	0.17905102954341987	FCHO1	TRUE	+	FALSE	-0	JAK3	53274
chr19	34441293	+	hg38	62339	200000cellsB	xxx	GTSP6529	CD4+ CELLS	D0	390	34.914950760966875	UBA2	TRUE	+	FALSE	0	FXYD5	-713427
chr19	45635025	+	hg38	1	200000cellsB	xxx	GTSP6529	CD4+ CELLS	D0	1	0.08952551477170993	EML2	TRUE	-	FALSE	0	FOSB	159845
chr19	48162609	+	hg38	1	200000cellsB	xxx	GTSP6529	CD4+ CELLS	D0	1	0.08952551477170993	LIG1	TRUE	-	FALSE	0	CARD8	40537
chr19	6498049	+	hg38	1	200000cellsB	xxx	GTSP6529	CD4+ CELLS	D0	1	0.08952551477170993	TUBB4A	TRUE	-	FALSE	-0	MLLT1	-218100
chr19	9128983	+	hg38	1	200000cellsB	xxx	GTSP6529	CD4+ CELLS	D0	1	0.08952551477170993	OR7G3	FALSE	-	FALSE	-2032	MUC16	-147640
chr2	105856014	-	hg38	32	200000cellsB	xxx	GTSP6529	CD4+ CELLS	D0	9	0.8057296329453895	NCK2	TRUE	+	FALSE	-0	FHL2	-417240
chr2	130032529	-	hg38	1	200000cellsB	xxx	GTSP6529	CD4+ CELLS	D0	1	0.08952551477170993	FAR2P1	TRUE	-	FALSE	-0	ARHGEF4	-884120
chr2	187244535	-	hg38	1	200000cellsB	xxx	GTSP6529	CD4+ CELLS	D0	1	0.08952551477170993	CALCRL	FALSE	-	FALSE	97426	DIRC1	1489201
chr2	195618936	-	hg38	1	200000cellsB	xxx	GTSP6529	CD4+ CELLS	D0	1	0.08952551477170993	SLC39A10	FALSE	+	FALSE	-37870	ANKRD44	1367724
chr2	25792179	-	hg38	1	200000cellsB	xxx	GTSP6529	CD4+ CELLS	D0	1	0.08952551477170993	ASXL2	TRUE	-	FALSE	-0	DNMT3A	-449588
chr2	43281951	-	hg38	1	200000cellsB	xxx	GTSP6529	CD4+ CELLS	D0	1	0.08952551477170993	THADA	TRUE	-	FALSE	-0	THADA	-0
chr2	75909998	-	hg38	2	200000cellsB	xxx	GTSP6529	CD4+ CELLS	D0	2	0.17905102954341987	GCFC2	FALSE	-	FALSE	-199012	M1AP	-1261659
chr2	82416463	-	hg38	18	200000cellsB	xxx	GTSP6529	CD4+ CELLS	D0	9	0.8057296329453895	DHFRP3	FALSE	+	FALSE	-440338	TMSB10	-2489174
chr2	85530877	-	hg38	4	200000cellsB	xxx	GTSP6529	CD4+ CELLS	D0	3	0.26857654431512984	PARTICL	FALSE	-	FALSE	6588	VAMP8	-46612
chr2	19336292	+	hg38	1	200000cellsB	xxx	GTSP6529	CD4+ CELLS	D0	1	0.08952551477170993	MIR4757	FALSE	+	FALSE	-12135	SDC1	864503
chr2	25210751	+	hg38	1	200000cellsB	xxx	GTSP6529	CD4+ CELLS	D0	1	0.08952551477170993	LINC01381	FALSE	+	FALSE	1548	DNMT3A	22208
chr2	42279650	+	hg38	1	200000cellsB	xxx	GTSP6529	CD4+ CELLS	D0	1	0.08952551477170993	EML4	TRUE	+	FALSE	-0	EML4	-0
chr2	43401454	+	hg38	3	200000cellsB	xxx	GTSP6529	CD4+ CELLS	D0	1	0.08952551477170993	THADA	TRUE	-	FALSE	-0	THADA	-0
chr2	86109243	+	hg38	1	200000cellsB	xxx	GTSP6529	CD4+ CELLS	D0	1	0.08952551477170993	PTCD3	TRUE	+	FALSE	0	KDM3A	-331903
chr2	87227984	+	hg38	1	200000cellsB	xxx	GTSP6529	CD4+ CELLS	D0	1	0.08952551477170993	MIR4771-1	FALSE	+	FALSE	33124	KDM3A	735267
chr20	19223136	-	hg38	1	200000cellsB	xxx	GTSP6529	CD4+ CELLS	D0	1	0.08952551477170993	SLC24A3	TRUE	+	FALSE	0	KAT14	1034748
chr20	2960429	-	hg38	1	200000cellsB	xxx	GTSP6529	CD4+ CELLS	D0	1	0.08952551477170993	PTPRA	TRUE	+	FALSE	-0	CDC25B	-826341
chr20	51873237	-	hg38	1	200000cellsB	xxx	GTSP6529	CD4+ CELLS	D0	1	0.08952551477170993	LINC01429	FALSE	-	FALSE	-10323	ZFP64	210772
chr20	62067038	-	hg38	1	200000cellsB	xxx	GTSP6529	CD4+ CELLS	D0	1	0.08952551477170993	TAF4	FALSE	-	FALSE	-1227	SS18L1	-76680
chr21	46280984	-	hg38	45	200000cellsB	xxx	GTSP6529	CD4+ CELLS	D0	13	1.1638316920322291	MCM3AP	TRUE	-	FALSE	0	S100B	317632
chr21	17662631	+	hg38	52	200000cellsB	xxx	GTSP6529	CD4+ CELLS	D0	8	0.7162041181736795	BTG3-AS1	FALSE	+	FALSE	48516	MIR125B2	1072305
chr22	16656963	-	hg38	1	200000cellsB	xxx	GTSP6529	CD4+ CELLS	D0	1	0.08952551477170993	ANKRD62P1-PARP4P3	TRUE	-	FALSE	-0	HDHD5	480555
chr22	24284615	-	hg38	8	200000cellsB	xxx	GTSP6529	CD4+ CELLS	D0	7	0.6266786034019696	SPECC1L,SPECC1L-ADORA2A	TRUE	+,+	FALSE	-0	BCRP3	-348298
chr22	35886036	-	hg38	4	200000cellsB	xxx	GTSP6529	CD4+ CELLS	D0	4	0.35810205908683973	RBFOX2	TRUE	-	FALSE	0	MYH9	395239
chr22	38349985	-	hg38	1	200000cellsB	xxx	GTSP6529	CD4+ CELLS	D0	1	0.08952551477170993	LOC400927-CSNK1E,LOC400927	TRUE	-,-	FALSE	0	PICK1	274283
chr22	35331724	+	hg38	1	200000cellsB	xxx	GTSP6529	CD4+ CELLS	D0	1	0.08952551477170993	TOM1	TRUE	+	FALSE	-0	MCM5	-68397
chr22	42375436	+	hg38	1	200000cellsB	xxx	GTSP6529	CD4+ CELLS	D0	1	0.08952551477170993	NFAM1	FALSE	-	FALSE	4969	CYP2D6	-244554
chr22	44638406	+	hg38	1	200000cellsB	xxx	GTSP6529	CD4+ CELLS	D0	1	0.08952551477170993	LINC00229	FALSE	-	FALSE	-12986	PARVB	469172
chr3	10048483	-	hg38	1	200000cellsB	xxx	GTSP6529	CD4+ CELLS	D0	1	0.08952551477170993	FANCD2	TRUE	+	FALSE	0	FANCD2	0
chr3	114587175	-	hg38	3	200000cellsB	xxx	GTSP6529	CD4+ CELLS	D0	2	0.17905102954341987	ZBTB20	TRUE	-	FALSE	-0	CD200	2224362
chr3	125726569	-	hg38	1	200000cellsB	xxx	GTSP6529	CD4+ CELLS	D0	1	0.08952551477170993	LOC105374312	FALSE	+	FALSE	-48143	MUC13	-791817
chr3	129267463	-	hg38	1	200000cellsB	xxx	GTSP6529	CD4+ CELLS	D0	1	0.08952551477170993	COPG1	TRUE	+	FALSE	-0	CNBP	-83495
chr3	158716763	-	hg38	1	200000cellsB	xxx	GTSP6529	CD4+ CELLS	D0	1	0.08952551477170993	RARRES1	TRUE	-	FALSE	0	RARRES1	0
chr3	168070235	-	hg38	3	200000cellsB	xxx	GTSP6529	CD4+ CELLS	D0	2	0.17905102954341987	GOLIM4	TRUE	-	FALSE	0	MECOM	1013262
chr3	49086437	-	hg38	1	200000cellsB	xxx	GTSP6529	CD4+ CELLS	D0	1	0.08952551477170993	QRICH1	TRUE	-	FALSE	0	USP4	190705
chr3	57837549	-	hg38	1	200000cellsB	xxx	GTSP6529	CD4+ CELLS	D0	1	0.08952551477170993	SLMAP	TRUE	+	FALSE	0	FLNB	-170849
chr3	72108296	-	hg38	2	200000cellsB	xxx	GTSP6529	CD4+ CELLS	D0	2	0.17905102954341987	LINC00877	FALSE	-	FALSE	-7840	FOXP1	-524306
chr3	140961693	+	hg38	9	200000cellsB	xxx	GTSP6529	CD4+ CELLS	D0	9	0.8057296329453895	SLC25A36	TRUE	+	FALSE	-0	RNF7	-776514
chr3	26507365	+	hg38	6	200000cellsB	xxx	GTSP6529	CD4+ CELLS	D0	5	0.4476275738585497	LRRC3B	FALSE	+	FALSE	-115439	TOP2B	-842865
chr3	47254297	+	hg38	1	200000cellsB	xxx	GTSP6529	CD4+ CELLS	D0	1	0.08952551477170993	KIF9	TRUE	-	FALSE	-0	SETD2	-90319
chr3	49833655	+	hg38	1	200000cellsB	xxx	GTSP6529	CD4+ CELLS	D0	1	0.08952551477170993	TRAIP	TRUE	-	FALSE	-0	UBA7	-19696
chr3	87079325	+	hg38	1	200000cellsB	xxx	GTSP6529	CD4+ CELLS	D0	1	0.08952551477170993	LINC00506	FALSE	+	FALSE	-9953	EPHA3	-2028197
chr3	99446588	+	hg38	2	200000cellsB	xxx	GTSP6529	CD4+ CELLS	D0	1	0.08952551477170993	COL8A1	FALSE	+	FALSE	-192006	TFG	-1262700
chr4	146693833	-	hg38	1	200000cellsB	xxx	GTSP6529	CD4+ CELLS	D0	1	0.08952551477170993	TTC29	FALSE	-	FALSE	12803	NR3C2	1384929
chr4	176222958	-	hg38	1	200000cellsB	xxx	GTSP6529	CD4+ CELLS	D0	1	0.08952551477170993	ASB5	TRUE	-	FALSE	-0	ADAM29	1244777
chr4	166800017	+	hg38	2	200000cellsB	xxx	GTSP6529	CD4+ CELLS	D0	2	0.17905102954341987	SPOCK3	TRUE	-	FALSE	-0	NPY1R	-3467221
chr4	89236187	+	hg38	3	200000cellsB	xxx	GTSP6529	CD4+ CELLS	D0	1	0.08952551477170993	GPRIN3	FALSE	-	FALSE	8089	SPP1	1252775
chr5	128131535	-	hg38	754	200000cellsB	xxx	GTSP6529	CD4+ CELLS	D0	5	0.4476275738585497	SLC12A2	TRUE	+	FALSE	0	MARCH3	-1100726
chr5	65398568	-	hg38	1	200000cellsB	xxx	GTSP6529	CD4+ CELLS	D0	1	0.08952551477170993	ADAMTS6	TRUE	-	FALSE	0	PIK3R1	-2817186
chr5	158528419	+	hg38	1	200000cellsB	xxx	GTSP6529	CD4+ CELLS	D0	1	0.08952551477170993	LINC02227	FALSE	-	FALSE	-118645	EBF1	167494
chr5	168478967	+	hg38	1	200000cellsB	xxx	GTSP6529	CD4+ CELLS	D0	1	0.08952551477170993	WWC1	FALSE	+	FALSE	6663	RANBP17	-2382913
chr6	153943289	-	hg38	1	200000cellsB	xxx	GTSP6529	CD4+ CELLS	D0	1	0.08952551477170993	OPRM1	FALSE	+	FALSE	-67205	FBXO5	-959669
chr6	83230773	-	hg38	2	200000cellsB	xxx	GTSP6529	CD4+ CELLS	D0	2	0.17905102954341987	ME1	TRUE	-	FALSE	-0	CYB5R4	-628876
chr6	107093298	+	hg38	1	200000cellsB	xxx	GTSP6529	CD4+ CELLS	D0	1	0.08952551477170993	BEND3	TRUE	-	FALSE	0	RTN4IP1	-462806
chr6	124192925	+	hg38	1	200000cellsB	xxx	GTSP6529	CD4+ CELLS	D0	1	0.08952551477170993	NKAIN2	TRUE	+	FALSE	0	NKAIN2	0
chr6	3405098	+	hg38	1	200000cellsB	xxx	GTSP6529	CD4+ CELLS	D0	1	0.08952551477170993	SLC22A23	TRUE	-	FALSE	0	SLC22A23	0
chr6	5267590	+	hg38	2	200000cellsB	xxx	GTSP6529	CD4+ CELLS	D0	2	0.17905102954341987	FARS2	TRUE	+	FALSE	0	PRPF4B	1202606
chr6	70567861	+	hg38	2	200000cellsB	xxx	GTSP6529	CD4+ CELLS	D0	1	0.08952551477170993	SDHAF4	TRUE	+	FALSE	0	SMAP1	-99908
chr7	101752294	-	hg38	4	200000cellsB	xxx	GTSP6529	CD4+ CELLS	D0	4	0.35810205908683973	CUX1	FALSE	+	FALSE	-63608	CUX1	-63608
chr7	107969130	-	hg38	1	200000cellsB	xxx	GTSP6529	CD4+ CELLS	D0	1	0.08952551477170993	LAMB1	TRUE	-	FALSE	0	NRCAM	178494
chr7	110089941	-	hg38	3	200000cellsB	xxx	GTSP6529	CD4+ CELLS	D0	3	0.26857654431512984	EIF3IP1	FALSE	-	FALSE	-129727	NRCAM	-1633543
chr7	123866969	-	hg38	1	200000cellsB	xxx	GTSP6529	CD4+ CELLS	D0	1	0.08952551477170993	HYAL4	TRUE	+	FALSE	-0	SPAM1	-58261
chr7	129139736	-	hg38	1	200000cellsB	xxx	GTSP6529	CD4+ CELLS	D0	1	0.08952551477170993	TSPAN33	FALSE	+	FALSE	-4978	SMO	-49134
chr7	77334926	-	hg38	1	200000cellsB	xxx	GTSP6529	CD4+ CELLS	D0	1	0.08952551477170993	GSAP	TRUE	-	FALSE	-0	DTX2	828930
chr7	94856189	-	hg38	1	200000cellsB	xxx	GTSP6529	CD4+ CELLS	D0	1	0.08952551477170993	PPP1R9A	FALSE	+	FALSE	-51446	PEG10	186493
chr7	128746944	+	hg38	1	200000cellsB	xxx	GTSP6529	CD4+ CELLS	D0	1	0.08952551477170993	CALU	TRUE	+	FALSE	0	SMO	-441926
chr7	24879684	+	hg38	1	200000cellsB	xxx	GTSP6529	CD4+ CELLS	D0	1	0.08952551477170993	OSBPL3	TRUE	-	FALSE	-0	OSBPL3	-0
chr7	67318563	+	hg38	2	200000cellsB	xxx	GTSP6529	CD4+ CELLS	D0	2	0.17905102954341987	STAG3L4	TRUE	+	FALSE	-0	SBDS	-322866
chr7	77884736	+	hg38	2	200000cellsB	xxx	GTSP6529	CD4+ CELLS	D0	1	0.08952551477170993	PHTF2	TRUE	+	FALSE	-0	DTX2	1378740
chr8	51088603	-	hg38	1	200000cellsB	xxx	GTSP6529	CD4+ CELLS	D0	1	0.08952551477170993	PXDNL	FALSE	-	FALSE	230972	RB1CC1	1533853
chr8	73693315	-	hg38	1	200000cellsB	xxx	GTSP6529	CD4+ CELLS	D0	1	0.08952551477170993	STAU2	TRUE	-	FALSE	0	NCOA2	-3289076
chr8	82223531	-	hg38	1	200000cellsB	xxx	GTSP6529	CD4+ CELLS	D0	1	0.08952551477170993	SNX16	FALSE	-	FALSE	-381244	TPD52	-2051871
chr8	9300658	-	hg38	7	200000cellsB	xxx	GTSP6529	CD4+ CELLS	D0	5	0.4476275738585497	LOC157273	FALSE	+	FALSE	-24391	MFHAS1	-407036
chr8	98751784	-	hg38	1	200000cellsB	xxx	GTSP6529	CD4+ CELLS	D0	1	0.08952551477170993	STK3	TRUE	-	FALSE	0	COX6C	1126209
chr8	51608675	+	hg38	2	200000cellsB	xxx	GTSP6529	CD4+ CELLS	D0	2	0.17905102954341987	PXDNL	TRUE	-	FALSE	0	RB1CC1	1013781
chr9	127995281	-	hg38	29	200000cellsB	xxx	GTSP6529	CD4+ CELLS	D0	19	1.7009847806624887	FAM102A	FALSE	-	FALSE	-14747	SPTAN1	-557275
chr9	131335927	-	hg38	1	200000cellsB	xxx	GTSP6529	CD4+ CELLS	D0	1	0.08952551477170993	PLPP7	FALSE	+	FALSE	26664	NUP214	101256
chr9	19167489	-	hg38	1	200000cellsB	xxx	GTSP6529	CD4+ CELLS	D0	1	0.08952551477170993	PLIN2	FALSE	-	FALSE	-39882	MLLT3	1174174
chr9	36420374	-	hg38	1	200000cellsB	xxx	GTSP6529	CD4+ CELLS	D0	1	0.08952551477170993	RNF38	FALSE	-	FALSE	-19175	PAX5	412899
chr9	67203499	-	hg38	3	200000cellsB	xxx	GTSP6529	CD4+ CELLS	D0	3	0.26857654431512984	CNTNAP3P2	TRUE	+	FALSE	-0	TJP2	-1917763
chr9	129314770	+	hg38	5	200000cellsB	xxx	GTSP6529	CD4+ CELLS	D0	3	0.26857654431512984	C9orf106	FALSE	+	FALSE	-6244	PTPA	165823
chr9	137560692	+	hg38	13	200000cellsB	xxx	GTSP6529	CD4+ CELLS	D0	9	0.8057296329453895	DPH7	TRUE	-	FALSE	-0	EHMT1	-58298
chr9	28243297	+	hg38	5	200000cellsB	xxx	GTSP6529	CD4+ CELLS	D0	4	0.35810205908683973	LINGO2	TRUE	-	FALSE	-0	TEK	1013118
chr9	9617910	+	hg38	1	200000cellsB	xxx	GTSP6529	CD4+ CELLS	D0	1	0.08952551477170993	PTPRD	TRUE	-	FALSE	0	PTPRD	0
chrX	42084917	-	hg38	1	200000cellsB	xxx	GTSP6529	CD4+ CELLS	D0	1	0.08952551477170993	CASK	FALSE	-	FALSE	-161882	BCOR	-1907587
chrX	123919856	+	hg38	1	200000cellsB	xxx	GTSP6529	CD4+ CELLS	D0	1	0.08952551477170993	XIAP	FALSE	+	FALSE	5876	STAG2	-40702
chrX	130043947	+	hg38	2	200000cellsB	xxx	GTSP6529	CD4+ CELLS	D0	2	0.17905102954341987	BCORL1	TRUE	+	FALSE	-0	ELF4	20971
chrX	133266850	+	hg38	1	200000cellsB	xxx	GTSP6529	CD4+ CELLS	D0	1	0.08952551477170993	GPC4	FALSE	-	FALSE	34184	GPC3	268893
chrX	134603510	+	hg38	2	200000cellsB	xxx	GTSP6529	CD4+ CELLS	D0	2	0.17905102954341987	PLAC1	TRUE	-	FALSE	-0	PHF6	174717
chrX	16701775	+	hg38	6	200000cellsB	xxx	GTSP6529	CD4+ CELLS	D0	2	0.17905102954341987	CTPS2	TRUE	-	FALSE	0	RBBP7	142873
chrY	7514455	+	hg38	1	200000cellsB	xxx	GTSP6529	CD4+ CELLS	D0	1	0.08952551477170993	PRKY	FALSE	+	FALSE	132907	P2RY8	-5977310
chr1	20591181	-	hg38	1	781.25cellsB	xxx	GTSP6533	CD4+ CELLS	D0	1	0.8	CDA	TRUE	+	FALSE	0	CDA	0
chr1	245478592	+	hg38	1	781.25cellsB	xxx	GTSP6533	CD4+ CELLS	D0	1	0.8	KIF26B	TRUE	+	FALSE	-0	SMYD3	270746
chr1	43562284	+	hg38	1	781.25cellsB	xxx	GTSP6533	CD4+ CELLS	D0	1	0.8	PTPRF	TRUE	+	FALSE	0	CDC20	199080
chr1	77895221	+	hg38	1	781.25cellsB	xxx	GTSP6533	CD4+ CELLS	D0	1	0.8	NEXN	TRUE	+	FALSE	0	FUBP1	48828
chr1	77980059	+	hg38	1	781.25cellsB	xxx	GTSP6533	CD4+ CELLS	D0	1	0.8	DNAJB4	TRUE	+	FALSE	0	FUBP1	-853
chr1	91019741	+	hg38	49	781.25cellsB	xxx	GTSP6533	CD4+ CELLS	D0	1	0.8	ZNF644	TRUE	-	FALSE	0	TGFBR3	660600
chr10	3929161	-	hg38	1	781.25cellsB	xxx	GTSP6533	CD4+ CELLS	D0	1	0.8	MIR6078	FALSE	+	FALSE	-61997	KLF6	-143879
chr10	42808479	-	hg38	1	781.25cellsB	xxx	GTSP6533	CD4+ CELLS	D0	1	0.8	BMS1	TRUE	+	FALSE	0	RET	-268546
chr10	51856807	-	hg38	3	781.25cellsB	xxx	GTSP6533	CD4+ CELLS	D0	1	0.8	PRKG1	TRUE	+	FALSE	-0	DKK1	-457374
chr10	89124797	-	hg38	52	781.25cellsB	xxx	GTSP6533	CD4+ CELLS	D0	1	0.8	MIR4679-2	FALSE	-	FALSE	-61385	FAS	107735
chr11	6375392	-	hg38	1	781.25cellsB	xxx	GTSP6533	CD4+ CELLS	D0	1	0.8	SMPD1	FALSE	+	FALSE	-15020	EIF3F	-1611926
chr11	73669658	-	hg38	1	781.25cellsB	xxx	GTSP6533	CD4+ CELLS	D0	1	0.8	RAB6A	FALSE	-	FALSE	5978	PLEKHB1	6838
chr11	323144	+	hg38	3	781.25cellsB	xxx	GTSP6533	CD4+ CELLS	D0	2	1.6	IFITM3	FALSE	-	FALSE	-2229	PGGHG	27455
chr12	110383280	-	hg38	1	781.25cellsB	xxx	GTSP6533	CD4+ CELLS	D0	1	0.8	ANAPC7	TRUE	-	FALSE	-0	PPTC7	151150
chr12	130963162	-	hg38	1	781.25cellsB	xxx	GTSP6533	CD4+ CELLS	D0	1	0.8	ADGRD1	TRUE	+	FALSE	0	RAN	85483
chr12	104308171	+	hg38	24	781.25cellsB	xxx	GTSP6533	CD4+ CELLS	D0	1	0.8	TXNRD1	TRUE	+	FALSE	-0	HSP90B1	360240
chr12	109367728	+	hg38	6	781.25cellsB	xxx	GTSP6533	CD4+ CELLS	D0	1	0.8	LINC01486	FALSE	-	FALSE	-8239	CORO1C	-636177
chr12	56752869	+	hg38	1	781.25cellsB	xxx	GTSP6533	CD4+ CELLS	D0	1	0.8	PRIM1	FALSE	-	FALSE	-506	NACA	-27326
chr13	46065468	-	hg38	2	781.25cellsB	xxx	GTSP6533	CD4+ CELLS	D0	1	0.8	CPB2-AS1,CPB2	TRUE	+,-	FALSE	-0	LCP1	60453
chr13	65096318	-	hg38	3	781.25cellsB	xxx	GTSP6533	CD4+ CELLS	D0	2	1.6	LINC01052	FALSE	+	FALSE	-769727	KLF5	-7958656
chr13	34570286	+	hg38	1	781.25cellsB	xxx	GTSP6533	CD4+ CELLS	D0	1	0.8	LINC02343,LINC00457	TRUE	+,-	FALSE	0	STARD13	-893450
chr14	40527841	+	hg38	1	781.25cellsB	xxx	GTSP6533	CD4+ CELLS	D0	1	0.8	LINC02315	FALSE	+	FALSE	-426868	FOXA1	-2932720
chr15	24325190	-	hg38	1	781.25cellsB	xxx	GTSP6533	CD4+ CELLS	D0	1	0.8	PWRN3	FALSE	+	FALSE	-115935	NPAP1	-350202
chr15	30674318	-	hg38	10	781.25cellsB	xxx	GTSP6533	CD4+ CELLS	D0	1	0.8	LOC100288637	TRUE	+	FALSE	0	TRPM1	326741
chr15	34079843	-	hg38	1	781.25cellsB	xxx	GTSP6533	CD4+ CELLS	D0	1	0.8	EMC7	FALSE	-	FALSE	4177	NUTM1	-263470
chr15	90628058	-	hg38	1	781.25cellsB	xxx	GTSP6533	CD4+ CELLS	D0	1	0.8	CRTC3,CRTC3-AS1	TRUE	+,-	FALSE	0	CRTC3	-0
chr15	28675841	+	hg38	1	781.25cellsB	xxx	GTSP6533	CD4+ CELLS	D0	1	0.8	HERC2P9	TRUE	+	FALSE	-0	TRPM1	2325218
chr16	71836999	-	hg38	1	781.25cellsB	xxx	GTSP6533	CD4+ CELLS	D0	1	0.8	ATXN1L	FALSE	+	FALSE	-8990	PHLPP2	-112297
chr16	16529811	+	hg38	1	781.25cellsB	xxx	GTSP6533	CD4+ CELLS	D0	1	0.8	NPIPA7	FALSE	+	FALSE	135838	ABCC1	386736
chr16	2418126	+	hg38	2	781.25cellsB	xxx	GTSP6533	CD4+ CELLS	D0	1	0.8	ABCA17P	TRUE	+	FALSE	-0	CCNF	-11263
chr16	74645924	+	hg38	1	781.25cellsB	xxx	GTSP6533	CD4+ CELLS	D0	1	0.8	RFWD3	TRUE	-	FALSE	0	ZFHX3	-1587288
chr16	83790579	+	hg38	2	781.25cellsB	xxx	GTSP6533	CD4+ CELLS	D0	2	1.6	CDH13	TRUE	+	FALSE	-0	CDH13	-0
chr17	11913624	-	hg38	1	781.25cellsB	xxx	GTSP6533	CD4+ CELLS	D0	1	0.8	DNAH9	TRUE	+	FALSE	-0	DNAH9	-0
chr17	16223420	-	hg38	1	781.25cellsB	xxx	GTSP6533	CD4+ CELLS	D0	1	0.8	PIGL	TRUE	+	FALSE	0	NCOR1	-7859
chr17	62235289	-	hg38	1	781.25cellsB	xxx	GTSP6533	CD4+ CELLS	D0	1	0.8	TBC1D3P2	FALSE	-	FALSE	29414	BRIP1	-371729
chr17	4870088	+	hg38	10	781.25cellsB	xxx	GTSP6533	CD4+ CELLS	D0	2	1.6	MINK1	TRUE	+	FALSE	-0	PFN1	75560
chr17	49831836	+	hg38	1	781.25cellsB	xxx	GTSP6533	CD4+ CELLS	D0	1	0.8	KAT7	FALSE	+	FALSE	2739	FAM117A	-67679
chr17	62096956	+	hg38	78	781.25cellsB	xxx	GTSP6533	CD4+ CELLS	D0	2	1.6	MED13	FALSE	-	FALSE	-31673	BRIP1	-233396
chr18	26796508	-	hg38	1	781.25cellsB	xxx	GTSP6533	CD4+ CELLS	D0	1	0.8	AQP4	FALSE	-	FALSE	55528	SS18	-705290
chr18	57639176	-	hg38	1	781.25cellsB	xxx	GTSP6533	CD4+ CELLS	D0	1	0.8	LOC100505549	TRUE	+	FALSE	0	ATP8B1	7248
chr18	21201831	+	hg38	2	781.25cellsB	xxx	GTSP6533	CD4+ CELLS	D0	1	0.8	GREB1L	FALSE	+	FALSE	-40409	GATA6	-967604
chr19	12298274	-	hg38	1	781.25cellsB	xxx	GTSP6533	CD4+ CELLS	D0	1	0.8	ZNF44	FALSE	-	FALSE	-3374	ZNF442	51095
chr19	19368831	-	hg38	5	781.25cellsB	xxx	GTSP6533	CD4+ CELLS	D0	1	0.8	MAU2	FALSE	+	FALSE	10076	BORCS8-MEF2B	-176239
chr19	3182367	-	hg38	1	781.25cellsB	xxx	GTSP6533	CD4+ CELLS	D0	1	0.8	S1PR4	FALSE	+	FALSE	2034	S1PR4	2034
chr19	34441297	-	hg38	15819	781.25cellsB	xxx	GTSP6533	CD4+ CELLS	D0	8	6.4	UBA2	TRUE	+	FALSE	0	FXYD5	-713423
chr19	36836600	-	hg38	1	781.25cellsB	xxx	GTSP6533	CD4+ CELLS	D0	1	0.8	ZNF790	TRUE	-	FALSE	0	HKR1	-476235
chr19	379510	-	hg38	20	781.25cellsB	xxx	GTSP6533	CD4+ CELLS	D0	1	0.8	THEG	FALSE	-	FALSE	-3496	CDC34	-152221
chr19	44864662	-	hg38	1	781.25cellsB	xxx	GTSP6533	CD4+ CELLS	D0	1	0.8	NECTIN2	TRUE	+	FALSE	0	CBLC	64015
chr19	14281114	+	hg38	1	781.25cellsB	xxx	GTSP6533	CD4+ CELLS	D0	1	0.8	LINC01841	FALSE	-	FALSE	24342	ADGRE5	-100028
chr19	16507981	+	hg38	1	781.25cellsB	xxx	GTSP6533	CD4+ CELLS	D0	1	0.8	C19orf44	TRUE	+	FALSE	0	EPS15L1	-35968
chr19	19769252	+	hg38	7	781.25cellsB	xxx	GTSP6533	CD4+ CELLS	D0	1	0.8	LINC00663	TRUE	-	FALSE	0	BORCS8-MEF2B	-576660
chr19	34441293	+	hg38	13097	781.25cellsB	xxx	GTSP6533	CD4+ CELLS	D0	6	4.8	UBA2	TRUE	+	FALSE	0	FXYD5	-713427
chr19	48162609	+	hg38	12	781.25cellsB	xxx	GTSP6533	CD4+ CELLS	D0	2	1.6	LIG1	TRUE	-	FALSE	0	CARD8	40537
chr2	185399862	-	hg38	1	781.25cellsB	xxx	GTSP6533	CD4+ CELLS	D0	1	0.8	LOC105373782	FALSE	-	FALSE	-232789	DIRC1	3333874
chr2	214521067	-	hg38	1	781.25cellsB	xxx	GTSP6533	CD4+ CELLS	D0	1	0.8	VWC2L,VWC2L-IT1	TRUE	+,+	FALSE	0	BARD1	204577
chr2	224170304	-	hg38	2	781.25cellsB	xxx	GTSP6533	CD4+ CELLS	D0	1	0.8	SERPINE2	FALSE	-	FALSE	-130984	ACSL3	1225652
chr2	82416463	-	hg38	24	781.25cellsB	xxx	GTSP6533	CD4+ CELLS	D0	1	0.8	DHFRP3	FALSE	+	FALSE	-440338	TMSB10	-2489174
chr2	85530877	-	hg38	3	781.25cellsB	xxx	GTSP6533	CD4+ CELLS	D0	1	0.8	PARTICL	FALSE	-	FALSE	6588	VAMP8	-46612
chr2	171454460	+	hg38	1	781.25cellsB	xxx	GTSP6533	CD4+ CELLS	D0	1	0.8	DCAF17	TRUE	+	FALSE	0	LRP2	-2091847
chr2	229963620	+	hg38	2	781.25cellsB	xxx	GTSP6533	CD4+ CELLS	D0	1	0.8	FBXO36	TRUE	+	FALSE	0	SP110	205296
chr2	25210751	+	hg38	2	781.25cellsB	xxx	GTSP6533	CD4+ CELLS	D0	2	1.6	LINC01381	FALSE	+	FALSE	1548	DNMT3A	22208
chr2	87227984	+	hg38	3	781.25cellsB	xxx	GTSP6533	CD4+ CELLS	D0	1	0.8	MIR4771-1	FALSE	+	FALSE	33124	KDM3A	735267
chr22	16886025	-	hg38	1	781.25cellsB	xxx	GTSP6533	CD4+ CELLS	D0	1	0.8	HSFY1P1	FALSE	+	FALSE	56689	HDHD5	251493
chr22	28771056	+	hg38	1	781.25cellsB	xxx	GTSP6533	CD4+ CELLS	D0	1	0.8	CCDC117	FALSE	+	FALSE	-1616	CHEK2	-29221
chr22	33882206	+	hg38	1	781.25cellsB	xxx	GTSP6533	CD4+ CELLS	D0	1	0.8	LARGE1	TRUE	-	FALSE	0	TIMP3	1019164
chr22	44016272	+	hg38	1	781.25cellsB	xxx	GTSP6533	CD4+ CELLS	D0	1	0.8	PARVB	TRUE	+	FALSE	0	PARVB	0
chr22	44638406	+	hg38	1	781.25cellsB	xxx	GTSP6533	CD4+ CELLS	D0	1	0.8	LINC00229	FALSE	-	FALSE	-12986	PARVB	469172
chr22	50236311	+	hg38	1	781.25cellsB	xxx	GTSP6533	CD4+ CELLS	D0	1	0.8	TUBGCP6	TRUE	-	FALSE	0	MAPK12	16588
chr3	168070235	-	hg38	20	781.25cellsB	xxx	GTSP6533	CD4+ CELLS	D0	2	1.6	GOLIM4	TRUE	-	FALSE	0	MECOM	1013262
chr3	184152857	-	hg38	1	781.25cellsB	xxx	GTSP6533	CD4+ CELLS	D0	1	0.8	DVL3	FALSE	+	FALSE	-2637	PSMD2	-146239
chr3	57837549	-	hg38	1	781.25cellsB	xxx	GTSP6533	CD4+ CELLS	D0	1	0.8	SLMAP	TRUE	+	FALSE	0	FLNB	-170849
chr3	152545880	+	hg38	1	781.25cellsB	xxx	GTSP6533	CD4+ CELLS	D0	1	0.8	MBNL1	FALSE	+	FALSE	80099	RAP2B	-616330
chr3	26507365	+	hg38	3	781.25cellsB	xxx	GTSP6533	CD4+ CELLS	D0	1	0.8	LRRC3B	FALSE	+	FALSE	-115439	TOP2B	-842865
chr3	49833655	+	hg38	22	781.25cellsB	xxx	GTSP6533	CD4+ CELLS	D0	2	1.6	TRAIP	TRUE	-	FALSE	-0	UBA7	-19696
chr4	63228699	-	hg38	3	781.25cellsB	xxx	GTSP6533	CD4+ CELLS	D0	1	0.8	TECRL	FALSE	-	FALSE	1049758	IGFBP7	-6118313
chr5	139573811	-	hg38	1	781.25cellsB	xxx	GTSP6533	CD4+ CELLS	D0	1	0.8	UBE2D2	TRUE	+	FALSE	0	UBE2D2	0
chr5	52926444	-	hg38	1	781.25cellsB	xxx	GTSP6533	CD4+ CELLS	D0	1	0.8	ITGA1	TRUE	+	FALSE	-0	FST	-553988
chr5	91313625	-	hg38	5	781.25cellsB	xxx	GTSP6533	CD4+ CELLS	D0	1	0.8	LUCAT1	TRUE	-	FALSE	0	NR2F1	-2269710
chr6	58007102	-	hg38	3	781.25cellsB	xxx	GTSP6533	CD4+ CELLS	D0	1	0.8	LINC00680-GUSBP4,LINC00680	FALSE	-,-	FALSE	-45655	DST	-1052473
chr6	18983221	+	hg38	1	781.25cellsB	xxx	GTSP6533	CD4+ CELLS	D0	1	0.8	LOC101928519	FALSE	-	FALSE	85320	DEK	-718652
chr6	87829048	+	hg38	1	781.25cellsB	xxx	GTSP6533	CD4+ CELLS	D0	1	0.8	LOC101928911	TRUE	+	FALSE	0	BACH2	2097478
chr7	101752294	-	hg38	218	781.25cellsB	xxx	GTSP6533	CD4+ CELLS	D0	2	1.6	CUX1	FALSE	+	FALSE	-63608	CUX1	-63608
chr7	129340409	-	hg38	2	781.25cellsB	xxx	GTSP6533	CD4+ CELLS	D0	1	0.8	AHCYL2	TRUE	+	FALSE	-0	SMO	126863
chr7	3744653	-	hg38	25	781.25cellsB	xxx	GTSP6533	CD4+ CELLS	D0	1	0.8	SDK1	TRUE	+	FALSE	0	CARD11	-700707
chr7	127631919	+	hg38	1	781.25cellsB	xxx	GTSP6533	CD4+ CELLS	D0	1	0.8	PAX4	FALSE	-	FALSE	-16192	SMO	-1556951
chr7	139097610	+	hg38	1	781.25cellsB	xxx	GTSP6533	CD4+ CELLS	D0	1	0.8	ZC3HAV1	TRUE	-	FALSE	0	KIAA1549	-116291
chr7	141192640	+	hg38	1	781.25cellsB	xxx	GTSP6533	CD4+ CELLS	D0	1	0.8	TMEM178B	TRUE	+	FALSE	0	BRAF	-267711
chr7	16433073	+	hg38	1	781.25cellsB	xxx	GTSP6533	CD4+ CELLS	D0	1	0.8	ISPD	FALSE	-	FALSE	-11750	ETV1	-2441647
chr7	21863502	+	hg38	1	781.25cellsB	xxx	GTSP6533	CD4+ CELLS	D0	1	0.8	DNAH11	TRUE	+	FALSE	-0	IL6	-863638
chr8	51088603	-	hg38	4	781.25cellsB	xxx	GTSP6533	CD4+ CELLS	D0	1	0.8	PXDNL	FALSE	-	FALSE	230972	RB1CC1	1533853
chr8	62676410	-	hg38	1	781.25cellsB	xxx	GTSP6533	CD4+ CELLS	D0	1	0.8	NKAIN3	TRUE	+	FALSE	-0	GGH	338667
chr8	9300658	-	hg38	10	781.25cellsB	xxx	GTSP6533	CD4+ CELLS	D0	2	1.6	LOC157273	FALSE	+	FALSE	-24391	MFHAS1	-407036
chr8	42832546	+	hg38	2	781.25cellsB	xxx	GTSP6533	CD4+ CELLS	D0	1	0.8	THAP1	FALSE	-	FALSE	4126	HOOK3	-64342
chr8	51977057	+	hg38	1	781.25cellsB	xxx	GTSP6533	CD4+ CELLS	D0	1	0.8	PCMTD1	FALSE	-	FALSE	-77870	RB1CC1	645399
chr9	94189107	-	hg38	2	781.25cellsB	xxx	GTSP6533	CD4+ CELLS	D0	1	0.8	MIRLET7DHG	TRUE	-	FALSE	-0	WNK2	868534
chr9	17318205	+	hg38	1	781.25cellsB	xxx	GTSP6533	CD4+ CELLS	D0	1	0.8	CNTLN	TRUE	+	FALSE	0	SH3GL2	-260747
chr9	6482772	+	hg38	21	781.25cellsB	xxx	GTSP6533	CD4+ CELLS	D0	1	0.8	UHRF2	TRUE	+	FALSE	-0	UHRF2	-0
chr9	93969846	+	hg38	2	781.25cellsB	xxx	GTSP6533	CD4+ CELLS	D0	1	0.8	BARX1-AS1	FALSE	+	FALSE	11923	WNK2	649273
chr9	94558469	+	hg38	1	781.25cellsB	xxx	GTSP6533	CD4+ CELLS	D0	1	0.8	PCAT7	TRUE	+	FALSE	0	FANCC	540583
chrX	12594611	+	hg38	12	781.25cellsB	xxx	GTSP6533	CD4+ CELLS	D0	2	1.6	FRMPD4	TRUE	+	FALSE	-0	EGFL6	-974962
chrX	130043947	+	hg38	1	781.25cellsB	xxx	GTSP6533	CD4+ CELLS	D0	1	0.8	BCORL1	TRUE	+	FALSE	-0	ELF4	20971
chr1	151603843	-	hg38	1	12500cellsB	xxx	GTSP6531	CD4+ CELLS	D0	1	0.27548209366391185	SNX27	FALSE	+	FALSE	-8341	RORC	202226
chr1	237397901	-	hg38	1	12500cellsB	xxx	GTSP6531	CD4+ CELLS	D0	1	0.27548209366391185	RYR2	TRUE	+	FALSE	0	RBM34	-2236284
chr1	36241048	-	hg38	1	12500cellsB	xxx	GTSP6531	CD4+ CELLS	D0	1	0.27548209366391185	THRAP3	TRUE	+	FALSE	0	THRAP3	0
chr1	94960006	-	hg38	2	12500cellsB	xxx	GTSP6531	CD4+ CELLS	D0	1	0.27548209366391185	LOC729970	TRUE	+	FALSE	-0	ALG14	22715
chr1	36415628	+	hg38	1	12500cellsB	xxx	GTSP6531	CD4+ CELLS	D0	1	0.27548209366391185	OSCP1	FALSE	-	FALSE	2276	CSF3R	50413
chr1	91019741	+	hg38	5	12500cellsB	xxx	GTSP6531	CD4+ CELLS	D0	3	0.8264462809917356	ZNF644	TRUE	-	FALSE	0	TGFBR3	660600
chr10	36509929	-	hg38	1	12500cellsB	xxx	GTSP6531	CD4+ CELLS	D0	1	0.27548209366391185	ANKRD30A	FALSE	+	FALSE	-615926	MAP3K8	6048095
chr10	38729662	-	hg38	1	12500cellsB	xxx	GTSP6531	CD4+ CELLS	D0	1	0.27548209366391185	ACTR3BP5	FALSE	+	FALSE	31420	RET	-4347363
chr10	42808479	-	hg38	2	12500cellsB	xxx	GTSP6531	CD4+ CELLS	D0	2	0.5509641873278237	BMS1	TRUE	+	FALSE	0	RET	-268546
chr10	73142187	-	hg38	1	12500cellsB	xxx	GTSP6531	CD4+ CELLS	D0	1	0.27548209366391185	ECD	TRUE	-	FALSE	-0	DNAJC9	99765
chr10	89124797	-	hg38	7	12500cellsB	xxx	GTSP6531	CD4+ CELLS	D0	1	0.27548209366391185	MIR4679-2	FALSE	-	FALSE	-61385	FAS	107735
chr11	3255665	-	hg38	1	12500cellsB	xxx	GTSP6531	CD4+ CELLS	D0	1	0.27548209366391185	MRGPRE	FALSE	-	FALSE	-23278	CARS	-198213
chr11	17116765	+	hg38	1	12500cellsB	xxx	GTSP6531	CD4+ CELLS	D0	1	0.27548209366391185	PIK3C2A	TRUE	-	FALSE	-0	MYOD1	-602796
chr11	3869145	+	hg38	1	12500cellsB	xxx	GTSP6531	CD4+ CELLS	D0	1	0.27548209366391185	STIM1	TRUE	+	FALSE	0	RHOG	-28161
chr11	85079806	+	hg38	7	12500cellsB	xxx	GTSP6531	CD4+ CELLS	D0	3	0.8264462809917356	DLG2	TRUE	-	FALSE	0	PICALM	877363
chr11	95938834	+	hg38	1	12500cellsB	xxx	GTSP6531	CD4+ CELLS	D0	1	0.27548209366391185	MTMR2	FALSE	-	FALSE	-14626	MAML2	37757
chr12	104308171	+	hg38	5	12500cellsB	xxx	GTSP6531	CD4+ CELLS	D0	2	0.5509641873278237	TXNRD1	TRUE	+	FALSE	-0	HSP90B1	360240
chr12	109367728	+	hg38	1	12500cellsB	xxx	GTSP6531	CD4+ CELLS	D0	1	0.27548209366391185	LINC01486	FALSE	-	FALSE	-8239	CORO1C	-636177
chr12	38581023	+	hg38	1	12500cellsB	xxx	GTSP6531	CD4+ CELLS	D0	1	0.27548209366391185	CPNE8	FALSE	-	FALSE	71175	ARID2	-7148684
chr12	62481364	+	hg38	4	12500cellsB	xxx	GTSP6531	CD4+ CELLS	D0	1	0.27548209366391185	MON2	TRUE	+	FALSE	0	USP15	71642
chr12	84072526	+	hg38	2	12500cellsB	xxx	GTSP6531	CD4+ CELLS	D0	2	0.5509641873278237	SLC6A15	FALSE	-	FALSE	786960	PAWR	-4381428
chr13	65096318	-	hg38	1	12500cellsB	xxx	GTSP6531	CD4+ CELLS	D0	1	0.27548209366391185	LINC01052	FALSE	+	FALSE	-769727	KLF5	-7958656
chr13	29736855	+	hg38	1	12500cellsB	xxx	GTSP6531	CD4+ CELLS	D0	1	0.27548209366391185	UBL3	FALSE	-	FALSE	27551	UBL3	27551
chr13	57424905	+	hg38	1	12500cellsB	xxx	GTSP6531	CD4+ CELLS	D0	1	0.27548209366391185	PCDH17	FALSE	+	FALSE	-206748	OLFM4	4372843
chr13	98862526	+	hg38	7	12500cellsB	xxx	GTSP6531	CD4+ CELLS	D0	1	0.27548209366391185	DOCK9	TRUE	-	FALSE	-0	RAP2A	1394527
chr14	64299540	-	hg38	1	12500cellsB	xxx	GTSP6531	CD4+ CELLS	D0	1	0.27548209366391185	ESR2	TRUE	-	FALSE	0	ESR2	0
chr14	71571828	+	hg38	1	12500cellsB	xxx	GTSP6531	CD4+ CELLS	D0	1	0.27548209366391185	SIPA1L1	TRUE	+	FALSE	-0	PNMA1	2139953
chr15	30674318	-	hg38	5	12500cellsB	xxx	GTSP6531	CD4+ CELLS	D0	2	0.5509641873278237	LOC100288637	TRUE	+	FALSE	0	TRPM1	326741
chr15	30710670	-	hg38	3	12500cellsB	xxx	GTSP6531	CD4+ CELLS	D0	1	0.27548209366391185	LOC100288637	TRUE	+	FALSE	-0	TRPM1	290389
chr15	23749963	+	hg38	3	12500cellsB	xxx	GTSP6531	CD4+ CELLS	D0	2	0.5509641873278237	NDN	FALSE	-	FALSE	-62659	MKRN3	181942
chr15	28675841	+	hg38	1	12500cellsB	xxx	GTSP6531	CD4+ CELLS	D0	1	0.27548209366391185	HERC2P9	TRUE	+	FALSE	-0	TRPM1	2325218
chr15	76205545	+	hg38	2	12500cellsB	xxx	GTSP6531	CD4+ CELLS	D0	1	0.27548209366391185	TMEM266	FALSE	+	FALSE	581	CSPG4	-492696
chr16	64807662	-	hg38	3	12500cellsB	xxx	GTSP6531	CD4+ CELLS	D0	1	0.27548209366391185	CDH11	FALSE	-	FALSE	136089	CDH11	136089
chr16	71836999	-	hg38	1	12500cellsB	xxx	GTSP6531	CD4+ CELLS	D0	1	0.27548209366391185	ATXN1L	FALSE	+	FALSE	-8990	PHLPP2	-112297
chr16	90045133	-	hg38	1	12500cellsB	xxx	GTSP6531	CD4+ CELLS	D0	1	0.27548209366391185	URAHP	TRUE	-	FALSE	0	FANCA	-228474
chr16	2418126	+	hg38	1	12500cellsB	xxx	GTSP6531	CD4+ CELLS	D0	1	0.27548209366391185	ABCA17P	TRUE	+	FALSE	-0	CCNF	-11263
chr16	29109268	+	hg38	1	12500cellsB	xxx	GTSP6531	CD4+ CELLS	D0	1	0.27548209366391185	RRN3P2	TRUE	+	FALSE	-0	EIF3C	373537
chr16	66824430	+	hg38	1	12500cellsB	xxx	GTSP6531	CD4+ CELLS	D0	1	0.27548209366391185	NAE1	TRUE	-	FALSE	0	CBFB	-204715
chr16	68924627	+	hg38	1	12500cellsB	xxx	GTSP6531	CD4+ CELLS	D0	1	0.27548209366391185	TANGO6	TRUE	+	FALSE	0	CDH1	89084
chr16	73986582	+	hg38	3	12500cellsB	xxx	GTSP6531	CD4+ CELLS	D0	1	0.27548209366391185	LOC101928035	FALSE	-	FALSE	205808	ZFHX3	-927946
chr17	76059967	-	hg38	2	12500cellsB	xxx	GTSP6531	CD4+ CELLS	D0	2	0.5509641873278237	SRP68	TRUE	-	FALSE	0	RNF157	82484
chr17	8997303	-	hg38	1	12500cellsB	xxx	GTSP6531	CD4+ CELLS	D0	1	0.27548209366391185	NTN1	FALSE	+	FALSE	-24237	PIK3R5	-31590
chr17	10267231	+	hg38	1	12500cellsB	xxx	GTSP6531	CD4+ CELLS	D0	1	0.27548209366391185	MYH13	FALSE	-	FALSE	33633	GAS7	-68679
chr17	4870088	+	hg38	3	12500cellsB	xxx	GTSP6531	CD4+ CELLS	D0	3	0.8264462809917356	MINK1	TRUE	+	FALSE	-0	PFN1	75560
chr17	62096956	+	hg38	15	12500cellsB	xxx	GTSP6531	CD4+ CELLS	D0	4	1.1019283746556474	MED13	FALSE	-	FALSE	-31673	BRIP1	-233396
chr17	77321564	+	hg38	1	12500cellsB	xxx	GTSP6531	CD4+ CELLS	D0	1	0.27548209366391185	SEPT9	TRUE	+	FALSE	0	SEPT9	0
chr18	15209046	-	hg38	1	12500cellsB	xxx	GTSP6531	CD4+ CELLS	D0	1	0.27548209366391185	LOC644669	FALSE	-	FALSE	104508	MC2R	-1293338
chr18	57639176	-	hg38	2	12500cellsB	xxx	GTSP6531	CD4+ CELLS	D0	2	0.5509641873278237	LOC100505549	TRUE	+	FALSE	0	ATP8B1	7248
chr18	79957096	-	hg38	6	12500cellsB	xxx	GTSP6531	CD4+ CELLS	D0	2	0.5509641873278237	PQLC1	FALSE	-	FALSE	-5442	NFATC1	427772
chr18	13272070	+	hg38	3	12500cellsB	xxx	GTSP6531	CD4+ CELLS	D0	1	0.27548209366391185	LDLRAD4	TRUE	+	FALSE	0	MC2R	609972
chr18	33001351	+	hg38	8	12500cellsB	xxx	GTSP6531	CD4+ CELLS	D0	1	0.27548209366391185	CCDC178	TRUE	-	FALSE	-0	DSG2	1452342
chr18	65543843	+	hg38	1	12500cellsB	xxx	GTSP6531	CD4+ CELLS	D0	1	0.27548209366391185	CDH7	FALSE	+	FALSE	-206407	SERPINB3	-1881879
chr19	18485828	-	hg38	1	12500cellsB	xxx	GTSP6531	CD4+ CELLS	D0	1	0.27548209366391185	ELL	TRUE	-	FALSE	0	ELL	0
chr19	34441297	-	hg38	47129	12500cellsB	xxx	GTSP6531	CD4+ CELLS	D0	91	25.068870523415974	UBA2	TRUE	+	FALSE	0	FXYD5	-713423
chr19	379510	-	hg38	16	12500cellsB	xxx	GTSP6531	CD4+ CELLS	D0	8	2.203856749311295	THEG	FALSE	-	FALSE	-3496	CDC34	-152221
chr19	50346681	-	hg38	2542	12500cellsB	xxx	GTSP6531	CD4+ CELLS	D0	5	1.3774104683195594	NAPSB	FALSE	-	FALSE	-1932	ATF5	412744
chr19	56666285	-	hg38	1	12500cellsB	xxx	GTSP6531	CD4+ CELLS	D0	1	0.27548209366391185	ZNF835	TRUE	-	FALSE	-0	PEG3	143790
chr19	17771504	+	hg38	4	12500cellsB	xxx	GTSP6531	CD4+ CELLS	D0	2	0.5509641873278237	FCHO1	TRUE	+	FALSE	-0	JAK3	53276
chr19	19769252	+	hg38	2	12500cellsB	xxx	GTSP6531	CD4+ CELLS	D0	2	0.5509641873278237	LINC00663	TRUE	-	FALSE	0	BORCS8-MEF2B	-576660
chr19	34441293	+	hg38	50991	12500cellsB	xxx	GTSP6531	CD4+ CELLS	D0	85	23.415977961432507	UBA2	TRUE	+	FALSE	0	FXYD5	-713427
chr19	48162609	+	hg38	2	12500cellsB	xxx	GTSP6531	CD4+ CELLS	D0	2	0.5509641873278237	LIG1	TRUE	-	FALSE	0	CARD8	40537
chr19	57819390	+	hg38	2	12500cellsB	xxx	GTSP6531	CD4+ CELLS	D0	1	0.27548209366391185	ZNF552	FALSE	-	FALSE	-4476	ZSCAN22	-507627
chr2	105856014	-	hg38	13	12500cellsB	xxx	GTSP6531	CD4+ CELLS	D0	2	0.5509641873278237	NCK2	TRUE	+	FALSE	-0	FHL2	-417240
chr2	132164912	-	hg38	5	12500cellsB	xxx	GTSP6531	CD4+ CELLS	D0	2	0.5509641873278237	ANKRD30BL	TRUE	-	FALSE	-0	ARHGEF4	1117658
chr2	187244535	-	hg38	1	12500cellsB	xxx	GTSP6531	CD4+ CELLS	D0	1	0.27548209366391185	CALCRL	FALSE	-	FALSE	97426	DIRC1	1489201
chr2	82416463	-	hg38	20	12500cellsB	xxx	GTSP6531	CD4+ CELLS	D0	4	1.1019283746556474	DHFRP3	FALSE	+	FALSE	-440338	TMSB10	-2489174
chr2	85530877	-	hg38	4	12500cellsB	xxx	GTSP6531	CD4+ CELLS	D0	2	0.5509641873278237	PARTICL	FALSE	-	FALSE	6588	VAMP8	-46612
chr2	167393072	+	hg38	1	12500cellsB	xxx	GTSP6531	CD4+ CELLS	D0	1	0.27548209366391185	XIRP2	FALSE	+	FALSE	133318	LRP2	1734035
chr2	25210751	+	hg38	2	12500cellsB	xxx	GTSP6531	CD4+ CELLS	D0	2	0.5509641873278237	LINC01381	FALSE	+	FALSE	1548	DNMT3A	22208
chr2	86109243	+	hg38	2	12500cellsB	xxx	GTSP6531	CD4+ CELLS	D0	2	0.5509641873278237	PTCD3	TRUE	+	FALSE	0	KDM3A	-331903
chr20	15134082	+	hg38	1	12500cellsB	xxx	GTSP6531	CD4+ CELLS	D0	1	0.27548209366391185	MACROD2	TRUE	+	FALSE	-0	SNX5	2807512
chr20	44818875	+	hg38	1	12500cellsB	xxx	GTSP6531	CD4+ CELLS	D0	1	0.27548209366391185	RIMS4	FALSE	-	FALSE	-8536	WISP2	91062
chr20	59491364	+	hg38	1	12500cellsB	xxx	GTSP6531	CD4+ CELLS	D0	1	0.27548209366391185	PHACTR3	FALSE	+	FALSE	-86143	NELFCD	496230
chr21	46280984	-	hg38	15	12500cellsB	xxx	GTSP6531	CD4+ CELLS	D0	2	0.5509641873278237	MCM3AP	TRUE	-	FALSE	0	S100B	317632
chr21	17662631	+	hg38	4	12500cellsB	xxx	GTSP6531	CD4+ CELLS	D0	1	0.27548209366391185	BTG3-AS1	FALSE	+	FALSE	48516	MIR125B2	1072305
chr21	45231309	+	hg38	1	12500cellsB	xxx	GTSP6531	CD4+ CELLS	D0	1	0.27548209366391185	LINC00334	FALSE	+	FALSE	-3029	SLC19A1	281256
chr22	24284615	-	hg38	3	12500cellsB	xxx	GTSP6531	CD4+ CELLS	D0	2	0.5509641873278237	SPECC1L,SPECC1L-ADORA2A	TRUE	+,+	FALSE	-0	BCRP3	-348298
chr22	25158001	-	hg38	1	12500cellsB	xxx	GTSP6531	CD4+ CELLS	D0	1	0.27548209366391185	KIAA1671	TRUE	+	FALSE	-0	BCRP3	504640
chr22	35886036	-	hg38	1	12500cellsB	xxx	GTSP6531	CD4+ CELLS	D0	1	0.27548209366391185	RBFOX2	TRUE	-	FALSE	0	MYH9	395239
chr22	35331724	+	hg38	2	12500cellsB	xxx	GTSP6531	CD4+ CELLS	D0	1	0.27548209366391185	TOM1	TRUE	+	FALSE	-0	MCM5	-68397
chr22	38512149	+	hg38	1	12500cellsB	xxx	GTSP6531	CD4+ CELLS	D0	1	0.27548209366391185	DDX17	FALSE	-	FALSE	-5808	DNAL4	266357
chr3	129267463	-	hg38	15	12500cellsB	xxx	GTSP6531	CD4+ CELLS	D0	3	0.8264462809917356	COPG1	TRUE	+	FALSE	-0	CNBP	-83495
chr3	168070235	-	hg38	3	12500cellsB	xxx	GTSP6531	CD4+ CELLS	D0	2	0.5509641873278237	GOLIM4	TRUE	-	FALSE	0	MECOM	1013262
chr3	140961693	+	hg38	2	12500cellsB	xxx	GTSP6531	CD4+ CELLS	D0	2	0.5509641873278237	SLC25A36	TRUE	+	FALSE	-0	RNF7	-776514
chr3	153133717	+	hg38	1	12500cellsB	xxx	GTSP6531	CD4+ CELLS	D0	1	0.27548209366391185	RAP2B	FALSE	+	FALSE	-28493	RAP2B	-28493
chr3	49833655	+	hg38	10	12500cellsB	xxx	GTSP6531	CD4+ CELLS	D0	6	1.6528925619834711	TRAIP	TRUE	-	FALSE	-0	UBA7	-19696
chr4	57910103	-	hg38	1	12500cellsB	xxx	GTSP6531	CD4+ CELLS	D0	1	0.27548209366391185	LINC02380	FALSE	+	FALSE	444116	IGFBP7	-799717
chr4	128476239	+	hg38	1	12500cellsB	xxx	GTSP6531	CD4+ CELLS	D0	1	0.27548209366391185	LOC100507487	TRUE	+	FALSE	-0	SCLT1	407752
chr4	166800017	+	hg38	4	12500cellsB	xxx	GTSP6531	CD4+ CELLS	D0	1	0.27548209366391185	SPOCK3	TRUE	-	FALSE	-0	NPY1R	-3467221
chr4	89236187	+	hg38	1	12500cellsB	xxx	GTSP6531	CD4+ CELLS	D0	1	0.27548209366391185	GPRIN3	FALSE	-	FALSE	8089	SPP1	1252775
chr4	99779156	+	hg38	1	12500cellsB	xxx	GTSP6531	CD4+ CELLS	D0	1	0.27548209366391185	DAPP1	FALSE	+	FALSE	-37666	TRMT10A	-215098
chr5	128131535	-	hg38	3	12500cellsB	xxx	GTSP6531	CD4+ CELLS	D0	1	0.27548209366391185	SLC12A2	TRUE	+	FALSE	0	MARCH3	-1100726
chr5	160212649	-	hg38	1	12500cellsB	xxx	GTSP6531	CD4+ CELLS	D0	1	0.27548209366391185	FABP6	TRUE	+	FALSE	0	PTTG1	-209156
chr5	21898544	-	hg38	1	12500cellsB	xxx	GTSP6531	CD4+ CELLS	D0	1	0.27548209366391185	CDH12	TRUE	-	FALSE	-0	CDH10	2588554
chr5	99237879	-	hg38	2	12500cellsB	xxx	GTSP6531	CD4+ CELLS	D0	2	0.5509641873278237	LINC02062	FALSE	+	FALSE	233857	LNPEP	2208467
chr5	139673681	+	hg38	1	12500cellsB	xxx	GTSP6531	CD4+ CELLS	D0	1	0.27548209366391185	CXXC5	TRUE	+	FALSE	-0	UBE2D2	45246
chr6	29663111	-	hg38	7	12500cellsB	xxx	GTSP6531	CD4+ CELLS	D0	2	0.5509641873278237	MOG	TRUE	+	FALSE	0	TRIM27	-739119
chr6	27875278	+	hg38	3	12500cellsB	xxx	GTSP6531	CD4+ CELLS	D0	2	0.5509641873278237	HIST1H4L	FALSE	-	FALSE	-1766	HIST1H1B	-7696
chr6	5267590	+	hg38	1	12500cellsB	xxx	GTSP6531	CD4+ CELLS	D0	1	0.27548209366391185	FARS2	TRUE	+	FALSE	0	PRPF4B	1202606
chr6	70567861	+	hg38	1	12500cellsB	xxx	GTSP6531	CD4+ CELLS	D0	1	0.27548209366391185	SDHAF4	TRUE	+	FALSE	0	SMAP1	-99908
chr7	101752294	-	hg38	5	12500cellsB	xxx	GTSP6531	CD4+ CELLS	D0	2	0.5509641873278237	CUX1	FALSE	+	FALSE	-63608	CUX1	-63608
chr7	110089941	-	hg38	1	12500cellsB	xxx	GTSP6531	CD4+ CELLS	D0	1	0.27548209366391185	EIF3IP1	FALSE	-	FALSE	-129727	NRCAM	-1633543
chr7	2286698	-	hg38	1	12500cellsB	xxx	GTSP6531	CD4+ CELLS	D0	1	0.27548209366391185	SNX8	TRUE	-	FALSE	0	MAD1L1	-53749
chr7	3744653	-	hg38	1	12500cellsB	xxx	GTSP6531	CD4+ CELLS	D0	1	0.27548209366391185	SDK1	TRUE	+	FALSE	0	CARD11	-700707
chr7	98239952	-	hg38	1	12500cellsB	xxx	GTSP6531	CD4+ CELLS	D0	1	0.27548209366391185	TECPR1	TRUE	-	FALSE	0	ASNS	-311389
chr7	128746944	+	hg38	1	12500cellsB	xxx	GTSP6531	CD4+ CELLS	D0	1	0.27548209366391185	CALU	TRUE	+	FALSE	0	SMO	-441926
chr7	153014621	+	hg38	1	12500cellsB	xxx	GTSP6531	CD4+ CELLS	D0	1	0.27548209366391185	ACTR3B	FALSE	+	FALSE	159241	KMT2C	-578615
chr7	5968684	+	hg38	1	12500cellsB	xxx	GTSP6531	CD4+ CELLS	D0	1	0.27548209366391185	RSPH10B	TRUE	-	FALSE	0	PMS2	2239
chr8	51088603	-	hg38	6	12500cellsB	xxx	GTSP6531	CD4+ CELLS	D0	3	0.8264462809917356	PXDNL	FALSE	-	FALSE	230972	RB1CC1	1533853
chr8	59191294	-	hg38	5	12500cellsB	xxx	GTSP6531	CD4+ CELLS	D0	2	0.5509641873278237	LOC100505501	FALSE	+	FALSE	67815	CYP7A1	-691132
chr8	82223531	-	hg38	2	12500cellsB	xxx	GTSP6531	CD4+ CELLS	D0	1	0.27548209366391185	SNX16	FALSE	-	FALSE	-381244	TPD52	-2051871
chr8	98751784	-	hg38	1	12500cellsB	xxx	GTSP6531	CD4+ CELLS	D0	1	0.27548209366391185	STK3	TRUE	-	FALSE	0	COX6C	1126209
chr8	51608675	+	hg38	8	12500cellsB	xxx	GTSP6531	CD4+ CELLS	D0	1	0.27548209366391185	PXDNL	TRUE	-	FALSE	0	RB1CC1	1013781
chr9	114882479	-	hg38	1	12500cellsB	xxx	GTSP6531	CD4+ CELLS	D0	1	0.27548209366391185	TNFSF8	FALSE	-	FALSE	10862	TNFSF15	-76350
chr9	127995281	-	hg38	46	12500cellsB	xxx	GTSP6531	CD4+ CELLS	D0	4	1.1019283746556474	FAM102A	FALSE	-	FALSE	-14747	SPTAN1	-557275
chr9	131335927	-	hg38	1	12500cellsB	xxx	GTSP6531	CD4+ CELLS	D0	1	0.27548209366391185	PLPP7	FALSE	+	FALSE	26664	NUP214	101256
chr9	36420374	-	hg38	5	12500cellsB	xxx	GTSP6531	CD4+ CELLS	D0	1	0.27548209366391185	RNF38	FALSE	-	FALSE	-19175	PAX5	412899
chr9	88101301	-	hg38	1	12500cellsB	xxx	GTSP6531	CD4+ CELLS	D0	1	0.27548209366391185	LOC102724156	FALSE	-	FALSE	-23400	CDK20	-126520
chr9	129314770	+	hg38	5	12500cellsB	xxx	GTSP6531	CD4+ CELLS	D0	1	0.27548209366391185	C9orf106	FALSE	+	FALSE	-6244	PTPA	165823
chr9	137560692	+	hg38	4	12500cellsB	xxx	GTSP6531	CD4+ CELLS	D0	1	0.27548209366391185	DPH7	TRUE	-	FALSE	-0	EHMT1	-58298
chr9	28243297	+	hg38	1	12500cellsB	xxx	GTSP6531	CD4+ CELLS	D0	1	0.27548209366391185	LINGO2	TRUE	-	FALSE	-0	TEK	1013118
chr9	6482772	+	hg38	1	12500cellsB	xxx	GTSP6531	CD4+ CELLS	D0	1	0.27548209366391185	UHRF2	TRUE	+	FALSE	-0	UHRF2	-0
chr9	96815498	+	hg38	1	12500cellsB	xxx	GTSP6531	CD4+ CELLS	D0	1	0.27548209366391185	ZNF782	FALSE	-	FALSE	769	XPA	859409
chrX	107608651	-	hg38	1	12500cellsB	xxx	GTSP6531	CD4+ CELLS	D0	1	0.27548209366391185	FRMPD3	FALSE	+	FALSE	3399	PRPS1	-19771
chrX	134603510	+	hg38	2	12500cellsB	xxx	GTSP6531	CD4+ CELLS	D0	2	0.5509641873278237	PLAC1	TRUE	-	FALSE	-0	PHF6	174717
chrX	3958048	+	hg38	1	12500cellsB	xxx	GTSP6531	CD4+ CELLS	D0	1	0.27548209366391185	FAM239B	FALSE	-	FALSE	-37305	P2RY8	-2420903
chrY	21663361	+	hg38	1	12500cellsB	xxx	GTSP6531	CD4+ CELLS	D0	1	0.27548209366391185	TTTY13	FALSE	-	FALSE	-68694	P2RY8	-20126216
chrY	7514455	+	hg38	1	12500cellsB	xxx	GTSP6531	CD4+ CELLS	D0	1	0.27548209366391185	PRKY	FALSE	+	FALSE	132907	P2RY8	-5977310
chr1	15376270	-	hg38	1	200000cellsBlood	xxx	GTSP6539	CD4+ CELLS	D0	1	0.30303030303030304	FHAD1	TRUE	+	FALSE	-0	CASP9	115129
chr1	237397901	-	hg38	2	200000cellsBlood	xxx	GTSP6539	CD4+ CELLS	D0	2	0.6060606060606061	RYR2	TRUE	+	FALSE	0	RBM34	-2236284
chr1	114951000	+	hg38	1	200000cellsBlood	xxx	GTSP6539	CD4+ CELLS	D0	1	0.30303030303030304	SYCP1	TRUE	+	FALSE	-0	NRAS	-234105
chr1	26635113	+	hg38	1	200000cellsBlood	xxx	GTSP6539	CD4+ CELLS	D0	1	0.30303030303030304	LOC101928728	FALSE	-	FALSE	56795	RPS6KA1	60083
chr1	36415628	+	hg38	5	200000cellsBlood	xxx	GTSP6539	CD4+ CELLS	D0	1	0.30303030303030304	OSCP1	FALSE	-	FALSE	2276	CSF3R	50413
chr1	91019741	+	hg38	18	200000cellsBlood	xxx	GTSP6539	CD4+ CELLS	D0	7	2.1212121212121215	ZNF644	TRUE	-	FALSE	0	TGFBR3	660600
chr10	16254071	-	hg38	1	200000cellsBlood	xxx	GTSP6539	CD4+ CELLS	D0	1	0.30303030303030304	PTER	FALSE	+	FALSE	-182870	CUBN	569893
chr10	51856807	-	hg38	1	200000cellsBlood	xxx	GTSP6539	CD4+ CELLS	D0	1	0.30303030303030304	PRKG1	TRUE	+	FALSE	-0	DKK1	-457374
chr10	89124797	-	hg38	7	200000cellsBlood	xxx	GTSP6539	CD4+ CELLS	D0	1	0.30303030303030304	MIR4679-2	FALSE	-	FALSE	-61385	FAS	107735
chr10	106524112	+	hg38	1	200000cellsBlood	xxx	GTSP6539	CD4+ CELLS	D0	1	0.30303030303030304	SORCS1	FALSE	-	FALSE	49549	ADD3	-3472236
chr10	114741401	+	hg38	1	200000cellsBlood	xxx	GTSP6539	CD4+ CELLS	D0	1	0.30303030303030304	ABLIM1	TRUE	-	FALSE	0	TCF7L2	1573722
chr10	30192703	+	hg38	3	200000cellsBlood	xxx	GTSP6539	CD4+ CELLS	D0	1	0.30303030303030304	LOC101929279	FALSE	+	FALSE	-19147	MAP3K8	-241316
chr10	35147229	+	hg38	1	200000cellsBlood	xxx	GTSP6539	CD4+ CELLS	D0	1	0.30303030303030304	CREM	TRUE	+	FALSE	0	MAP3K8	4685395
chr10	94399407	+	hg38	1	200000cellsBlood	xxx	GTSP6539	CD4+ CELLS	D0	1	0.30303030303030304	TBC1D12	FALSE	+	FALSE	-3020	LGI1	601232
chr11	12550867	-	hg38	6	200000cellsBlood	xxx	GTSP6539	CD4+ CELLS	D0	1	0.30303030303030304	PARVA	FALSE	+	FALSE	15510	PTH	941176
chr11	47931323	-	hg38	1	200000cellsBlood	xxx	GTSP6539	CD4+ CELLS	D0	1	0.30303030303030304	PTPRJ	FALSE	+	FALSE	-49233	PTPRJ	-49233
chr11	61637969	-	hg38	1	200000cellsBlood	xxx	GTSP6539	CD4+ CELLS	D0	1	0.30303030303030304	RPLP0P2	TRUE	+	TRUE	-0	FEN1	-154666
chr11	85079806	+	hg38	914	200000cellsBlood	xxx	GTSP6539	CD4+ CELLS	D0	1	0.30303030303030304	DLG2	TRUE	-	FALSE	0	PICALM	877363
chr12	109367728	+	hg38	1	200000cellsBlood	xxx	GTSP6539	CD4+ CELLS	D0	1	0.30303030303030304	LINC01486	FALSE	-	FALSE	-8239	CORO1C	-636177
chr12	53368331	+	hg38	1	200000cellsBlood	xxx	GTSP6539	CD4+ CELLS	D0	1	0.30303030303030304	SP1	FALSE	+	FALSE	-11862	RARG	-136074
chr13	46549700	-	hg38	1	200000cellsBlood	xxx	GTSP6539	CD4+ CELLS	D0	1	0.30303030303030304	LRCH1	FALSE	+	FALSE	-3459	LCP1	-367375
chr13	53429615	-	hg38	1	200000cellsBlood	xxx	GTSP6539	CD4+ CELLS	D0	1	0.30303030303030304	LINC01065	FALSE	-	FALSE	-277714	OLFM4	377553
chr13	65096318	-	hg38	1	200000cellsBlood	xxx	GTSP6539	CD4+ CELLS	D0	1	0.30303030303030304	LINC01052	FALSE	+	FALSE	-769727	KLF5	-7958656
chr14	43050256	-	hg38	1	200000cellsBlood	xxx	GTSP6539	CD4+ CELLS	D0	1	0.30303030303030304	LRFN5	FALSE	+	FALSE	1145706	FSCB	1453891
chr14	85503874	-	hg38	1	200000cellsBlood	xxx	GTSP6539	CD4+ CELLS	D0	1	0.30303030303030304	FLRT2	FALSE	+	FALSE	-26149	PTPN21	2961902
chr14	102061565	+	hg38	3	200000cellsBlood	xxx	GTSP6539	CD4+ CELLS	D0	3	0.9090909090909091	DYNC1H1	FALSE	+	FALSE	10766	HSP90AA1	19171
chr14	103604399	+	hg38	1	200000cellsBlood	xxx	GTSP6539	CD4+ CELLS	D0	1	0.30303030303030304	APOPT1	FALSE	+	FALSE	12211	XRCC3	93216
chr15	30674318	-	hg38	2	200000cellsBlood	xxx	GTSP6539	CD4+ CELLS	D0	2	0.6060606060606061	LOC100288637	TRUE	+	FALSE	0	TRPM1	326741
chr15	30710670	-	hg38	1	200000cellsBlood	xxx	GTSP6539	CD4+ CELLS	D0	1	0.30303030303030304	LOC100288637	TRUE	+	FALSE	-0	TRPM1	290389
chr15	23749963	+	hg38	1	200000cellsBlood	xxx	GTSP6539	CD4+ CELLS	D0	1	0.30303030303030304	NDN	FALSE	-	FALSE	-62659	MKRN3	181942
chr15	28675841	+	hg38	1	200000cellsBlood	xxx	GTSP6539	CD4+ CELLS	D0	1	0.30303030303030304	HERC2P9	TRUE	+	FALSE	-0	TRPM1	2325218
chr15	55986771	+	hg38	1	200000cellsBlood	xxx	GTSP6539	CD4+ CELLS	D0	1	0.30303030303030304	NEDD4	TRUE	-	FALSE	0	C15orf65	568058
chr15	70825742	+	hg38	1	200000cellsBlood	xxx	GTSP6539	CD4+ CELLS	D0	1	0.30303030303030304	LARP6	FALSE	-	FALSE	5780	PKM	1373285
chr15	76205545	+	hg38	22	200000cellsBlood	xxx	GTSP6539	CD4+ CELLS	D0	3	0.9090909090909091	TMEM266	FALSE	+	FALSE	581	CSPG4	-492696
chr15	80362517	+	hg38	1	200000cellsBlood	xxx	GTSP6539	CD4+ CELLS	D0	1	0.30303030303030304	LINC00927	FALSE	-	FALSE	-20711	BCL2A1	-391215
chr16	15590398	-	hg38	1	200000cellsBlood	xxx	GTSP6539	CD4+ CELLS	D0	1	0.30303030303030304	C16orf45	FALSE	+	FALSE	2138	MYH11	112735
chr16	64807662	-	hg38	3	200000cellsBlood	xxx	GTSP6539	CD4+ CELLS	D0	1	0.30303030303030304	CDH11	FALSE	-	FALSE	136089	CDH11	136089
chr16	14012474	+	hg38	1	200000cellsBlood	xxx	GTSP6539	CD4+ CELLS	D0	1	0.30303030303030304	LINC02185	TRUE	-	FALSE	-0	ERCC4	60125
chr16	22443962	+	hg38	3	200000cellsBlood	xxx	GTSP6539	CD4+ CELLS	D0	1	0.30303030303030304	SMG1P1	TRUE	+	FALSE	0	UQCRC2	460301
chr16	2418126	+	hg38	1	200000cellsBlood	xxx	GTSP6539	CD4+ CELLS	D0	1	0.30303030303030304	ABCA17P	TRUE	+	FALSE	-0	CCNF	-11263
chr16	6344573	+	hg38	1	200000cellsBlood	xxx	GTSP6539	CD4+ CELLS	D0	1	0.30303030303030304	RBFOX1	TRUE	+	FALSE	0	TFAP4	-2071572
chr16	89506718	+	hg38	1	200000cellsBlood	xxx	GTSP6539	CD4+ CELLS	D0	1	0.30303030303030304	SPG7	FALSE	+	FALSE	-1668	FANCA	230829
chr17	47584064	-	hg38	1	200000cellsBlood	xxx	GTSP6539	CD4+ CELLS	D0	1	0.30303030303030304	NPEPPS	TRUE	+	FALSE	-0	TBX21	-149178
chr17	48042313	-	hg38	1	200000cellsBlood	xxx	GTSP6539	CD4+ CELLS	D0	1	0.30303030303030304	COPZ2	FALSE	-	FALSE	-4506	TBX21	296193
chr17	76059967	-	hg38	4	200000cellsBlood	xxx	GTSP6539	CD4+ CELLS	D0	3	0.9090909090909091	SRP68	TRUE	-	FALSE	0	RNF157	82484
chr17	76355925	-	hg38	17	200000cellsBlood	xxx	GTSP6539	CD4+ CELLS	D0	1	0.30303030303030304	PRPSAP1	FALSE	-	FALSE	-1775	RHBDF2	114966
chr17	62096956	+	hg38	5	200000cellsBlood	xxx	GTSP6539	CD4+ CELLS	D0	2	0.6060606060606061	MED13	FALSE	-	FALSE	-31673	BRIP1	-233396
chr17	78939063	+	hg38	1	200000cellsBlood	xxx	GTSP6539	CD4+ CELLS	D0	1	0.30303030303030304	TIMP2	FALSE	-	FALSE	-13672	TIMP2	-13672
chr17	960960	+	hg38	1	200000cellsBlood	xxx	GTSP6539	CD4+ CELLS	D0	1	0.30303030303030304	NXN	TRUE	-	FALSE	0	ABR	42556
chr18	22078843	-	hg38	1	200000cellsBlood	xxx	GTSP6539	CD4+ CELLS	D0	1	0.30303030303030304	GATA6-AS1	FALSE	-	FALSE	88053	GATA6	-90592
chr18	57639176	-	hg38	3	200000cellsBlood	xxx	GTSP6539	CD4+ CELLS	D0	2	0.6060606060606061	LOC100505549	TRUE	+	FALSE	0	ATP8B1	7248
chr18	13272070	+	hg38	1	200000cellsBlood	xxx	GTSP6539	CD4+ CELLS	D0	1	0.30303030303030304	LDLRAD4	TRUE	+	FALSE	0	MC2R	609972
chr18	36018449	+	hg38	1	200000cellsBlood	xxx	GTSP6539	CD4+ CELLS	D0	1	0.30303030303030304	RPRD1A	TRUE	-	FALSE	-0	SLC39A6	90080
chr19	18485828	-	hg38	2	200000cellsBlood	xxx	GTSP6539	CD4+ CELLS	D0	1	0.30303030303030304	ELL	TRUE	-	FALSE	0	ELL	0
chr19	19368831	-	hg38	1	200000cellsBlood	xxx	GTSP6539	CD4+ CELLS	D0	1	0.30303030303030304	MAU2	FALSE	+	FALSE	10076	BORCS8-MEF2B	-176239
chr19	34441297	-	hg38	109311	200000cellsBlood	xxx	GTSP6539	CD4+ CELLS	D0	83	25.151515151515152	UBA2	TRUE	+	FALSE	0	FXYD5	-713423
chr19	36836600	-	hg38	1	200000cellsBlood	xxx	GTSP6539	CD4+ CELLS	D0	1	0.30303030303030304	ZNF790	TRUE	-	FALSE	0	HKR1	-476235
chr19	379510	-	hg38	18	200000cellsBlood	xxx	GTSP6539	CD4+ CELLS	D0	6	1.8181818181818181	THEG	FALSE	-	FALSE	-3496	CDC34	-152221
chr19	50346681	-	hg38	4	200000cellsBlood	xxx	GTSP6539	CD4+ CELLS	D0	1	0.30303030303030304	NAPSB	FALSE	-	FALSE	-1932	ATF5	412744
chr19	908451	-	hg38	1	200000cellsBlood	xxx	GTSP6539	CD4+ CELLS	D0	1	0.30303030303030304	R3HDM4	TRUE	-	FALSE	0	PTBP1	96123
chr19	17771506	+	hg38	2	200000cellsBlood	xxx	GTSP6539	CD4+ CELLS	D0	2	0.6060606060606061	FCHO1	TRUE	+	FALSE	-0	JAK3	53274
chr19	19376374	+	hg38	1	200000cellsBlood	xxx	GTSP6539	CD4+ CELLS	D0	1	0.30303030303030304	GATAD2A	FALSE	+	FALSE	-9427	BORCS8-MEF2B	-183782
chr19	19769252	+	hg38	1	200000cellsBlood	xxx	GTSP6539	CD4+ CELLS	D0	1	0.30303030303030304	LINC00663	TRUE	-	FALSE	0	BORCS8-MEF2B	-576660
chr19	34441293	+	hg38	22577	200000cellsBlood	xxx	GTSP6539	CD4+ CELLS	D0	70	21.21212121212121	UBA2	TRUE	+	FALSE	0	FXYD5	-713427
chr19	48162609	+	hg38	1	200000cellsBlood	xxx	GTSP6539	CD4+ CELLS	D0	1	0.30303030303030304	LIG1	TRUE	-	FALSE	0	CARD8	40537
chr19	49522953	+	hg38	5	200000cellsBlood	xxx	GTSP6539	CD4+ CELLS	D0	1	0.30303030303030304	FCGRT	TRUE	+	FALSE	-0	RRAS	112337
chr2	204460811	-	hg38	1	200000cellsBlood	xxx	GTSP6539	CD4+ CELLS	D0	1	0.30303030303030304	PARD3B	FALSE	+	FALSE	-84980	RAPH1	-925474
chr2	214521067	-	hg38	2	200000cellsBlood	xxx	GTSP6539	CD4+ CELLS	D0	2	0.6060606060606061	VWC2L,VWC2L-IT1	TRUE	+,+	FALSE	0	BARD1	204577
chr2	82416463	-	hg38	14	200000cellsBlood	xxx	GTSP6539	CD4+ CELLS	D0	4	1.2121212121212122	DHFRP3	FALSE	+	FALSE	-440338	TMSB10	-2489174
chr2	85530877	-	hg38	12	200000cellsBlood	xxx	GTSP6539	CD4+ CELLS	D0	4	1.2121212121212122	PARTICL	FALSE	-	FALSE	6588	VAMP8	-46612
chr2	210629491	+	hg38	1	200000cellsBlood	xxx	GTSP6539	CD4+ CELLS	D0	1	0.30303030303030304	CPS1	TRUE	+	FALSE	-0	ERBB4	746224
chr2	43401454	+	hg38	3	200000cellsBlood	xxx	GTSP6539	CD4+ CELLS	D0	1	0.30303030303030304	THADA	TRUE	-	FALSE	-0	THADA	-0
chr2	87227984	+	hg38	4	200000cellsBlood	xxx	GTSP6539	CD4+ CELLS	D0	2	0.6060606060606061	MIR4771-1	FALSE	+	FALSE	33124	KDM3A	735267
chr20	36683084	-	hg38	1	200000cellsBlood	xxx	GTSP6539	CD4+ CELLS	D0	1	0.30303030303030304	NDRG3	TRUE	-	FALSE	-0	RBL1	313263
chr20	20756326	+	hg38	1	200000cellsBlood	xxx	GTSP6539	CD4+ CELLS	D0	1	0.30303030303030304	RALGAPA2	FALSE	-	FALSE	-43702	KIZ	-369647
chr20	37637786	+	hg38	1	200000cellsBlood	xxx	GTSP6539	CD4+ CELLS	D0	1	0.30303030303030304	LINC00489	FALSE	-	FALSE	-14666	BLCAP	-109854
chr21	46280984	-	hg38	11	200000cellsBlood	xxx	GTSP6539	CD4+ CELLS	D0	3	0.9090909090909091	MCM3AP	TRUE	-	FALSE	0	S100B	317632
chr21	17662631	+	hg38	29	200000cellsBlood	xxx	GTSP6539	CD4+ CELLS	D0	2	0.6060606060606061	BTG3-AS1	FALSE	+	FALSE	48516	MIR125B2	1072305
chr22	35886036	-	hg38	1	200000cellsBlood	xxx	GTSP6539	CD4+ CELLS	D0	1	0.30303030303030304	RBFOX2	TRUE	-	FALSE	0	MYH9	395239
chr22	50310786	-	hg38	1	200000cellsBlood	xxx	GTSP6539	CD4+ CELLS	D0	1	0.30303030303030304	DENND6B	FALSE	-	FALSE	1175	MAPK12	-48975
chr22	44638406	+	hg38	1	200000cellsBlood	xxx	GTSP6539	CD4+ CELLS	D0	1	0.30303030303030304	LINC00229	FALSE	-	FALSE	-12986	PARVB	469172
chr3	129267463	-	hg38	5	200000cellsBlood	xxx	GTSP6539	CD4+ CELLS	D0	2	0.6060606060606061	COPG1	TRUE	+	FALSE	-0	CNBP	-83495
chr3	168070235	-	hg38	5	200000cellsBlood	xxx	GTSP6539	CD4+ CELLS	D0	5	1.5151515151515151	GOLIM4	TRUE	-	FALSE	0	MECOM	1013262
chr3	193721893	-	hg38	1	200000cellsBlood	xxx	GTSP6539	CD4+ CELLS	D0	1	0.30303030303030304	OPA1	FALSE	+	FALSE	24081	HES1	-414247
chr3	49169485	-	hg38	1	200000cellsBlood	xxx	GTSP6539	CD4+ CELLS	D0	1	0.30303030303030304	KLHDC8B	FALSE	+	FALSE	-2098	USP4	107657
chr3	72108296	-	hg38	2	200000cellsBlood	xxx	GTSP6539	CD4+ CELLS	D0	2	0.6060606060606061	LINC00877	FALSE	-	FALSE	-7840	FOXP1	-524306
chr3	94164269	-	hg38	1	200000cellsBlood	xxx	GTSP6539	CD4+ CELLS	D0	1	0.30303030303030304	NSUN3	FALSE	+	FALSE	32436	PROS1	-190178
chr3	26507365	+	hg38	7	200000cellsBlood	xxx	GTSP6539	CD4+ CELLS	D0	2	0.6060606060606061	LRRC3B	FALSE	+	FALSE	-115439	TOP2B	-842865
chr3	49833655	+	hg38	1	200000cellsBlood	xxx	GTSP6539	CD4+ CELLS	D0	1	0.30303030303030304	TRAIP	TRUE	-	FALSE	-0	UBA7	-19696
chr4	185012715	-	hg38	1	200000cellsBlood	xxx	GTSP6539	CD4+ CELLS	D0	1	0.30303030303030304	HELT	FALSE	+	FALSE	-6124	SORBS2	572727
chr4	128476239	+	hg38	1	200000cellsBlood	xxx	GTSP6539	CD4+ CELLS	D0	1	0.30303030303030304	LOC100507487	TRUE	+	FALSE	-0	SCLT1	407752
chr4	166800017	+	hg38	4	200000cellsBlood	xxx	GTSP6539	CD4+ CELLS	D0	2	0.6060606060606061	SPOCK3	TRUE	-	FALSE	-0	NPY1R	-3467221
chr4	175817034	+	hg38	1	200000cellsBlood	xxx	GTSP6539	CD4+ CELLS	D0	1	0.30303030303030304	GPM6A	TRUE	-	FALSE	-0	ADAM29	838853
chr5	128131535	-	hg38	1245	200000cellsBlood	xxx	GTSP6539	CD4+ CELLS	D0	1	0.30303030303030304	SLC12A2	TRUE	+	FALSE	0	MARCH3	-1100726
chr5	50472314	-	hg38	1	200000cellsBlood	xxx	GTSP6539	CD4+ CELLS	D0	1	0.30303030303030304	EMB	FALSE	-	FALSE	-30913	FST	-3008118
chr6	29663111	-	hg38	2	200000cellsBlood	xxx	GTSP6539	CD4+ CELLS	D0	1	0.30303030303030304	MOG	TRUE	+	FALSE	0	TRIM27	-739119
chr6	58007102	-	hg38	1	200000cellsBlood	xxx	GTSP6539	CD4+ CELLS	D0	1	0.30303030303030304	LINC00680-GUSBP4,LINC00680	FALSE	-,-	FALSE	-45655	DST	-1052473
chr6	83230773	-	hg38	2	200000cellsBlood	xxx	GTSP6539	CD4+ CELLS	D0	1	0.30303030303030304	ME1	TRUE	-	FALSE	-0	CYB5R4	-628876
chr6	147579632	+	hg38	1	200000cellsBlood	xxx	GTSP6539	CD4+ CELLS	D0	1	0.30303030303030304	SAMD5	FALSE	+	FALSE	9610	LATS1	2078519
chr6	66476922	+	hg38	1	200000cellsBlood	xxx	GTSP6539	CD4+ CELLS	D0	1	0.30303030303030304	SLC25A51P1	FALSE	+	FALSE	687438	COL19A1	-3389632
chr7	101752294	-	hg38	6	200000cellsBlood	xxx	GTSP6539	CD4+ CELLS	D0	2	0.6060606060606061	CUX1	FALSE	+	FALSE	-63608	CUX1	-63608
chr7	2286698	-	hg38	1	200000cellsBlood	xxx	GTSP6539	CD4+ CELLS	D0	1	0.30303030303030304	SNX8	TRUE	-	FALSE	0	MAD1L1	-53749
chr7	145185841	+	hg38	1	200000cellsBlood	xxx	GTSP6539	CD4+ CELLS	D0	1	0.30303030303030304	TPK1	FALSE	-	FALSE	-349787	TPK1	-349787
chr7	67318563	+	hg38	1	200000cellsBlood	xxx	GTSP6539	CD4+ CELLS	D0	1	0.30303030303030304	STAG3L4	TRUE	+	FALSE	-0	SBDS	-322866
chr8	41093323	-	hg38	3	200000cellsBlood	xxx	GTSP6539	CD4+ CELLS	D0	1	0.30303030303030304	SFRP1	FALSE	-	FALSE	168632	KAT6A	836154
chr8	51088603	-	hg38	1	200000cellsBlood	xxx	GTSP6539	CD4+ CELLS	D0	1	0.30303030303030304	PXDNL	FALSE	-	FALSE	230972	RB1CC1	1533853
chr8	59191294	-	hg38	5	200000cellsBlood	xxx	GTSP6539	CD4+ CELLS	D0	1	0.30303030303030304	LOC100505501	FALSE	+	FALSE	67815	CYP7A1	-691132
chr8	82223531	-	hg38	2	200000cellsBlood	xxx	GTSP6539	CD4+ CELLS	D0	1	0.30303030303030304	SNX16	FALSE	-	FALSE	-381244	TPD52	-2051871
chr8	9300658	-	hg38	5	200000cellsBlood	xxx	GTSP6539	CD4+ CELLS	D0	2	0.6060606060606061	LOC157273	FALSE	+	FALSE	-24391	MFHAS1	-407036
chr8	98751784	-	hg38	2	200000cellsBlood	xxx	GTSP6539	CD4+ CELLS	D0	1	0.30303030303030304	STK3	TRUE	-	FALSE	0	COX6C	1126209
chr8	12786318	+	hg38	1	200000cellsBlood	xxx	GTSP6539	CD4+ CELLS	D0	1	0.30303030303030304	LOC340357	TRUE	-	FALSE	-0	DLC1	297043
chr8	16681498	+	hg38	1	200000cellsBlood	xxx	GTSP6539	CD4+ CELLS	D0	1	0.30303030303030304	FGF20	FALSE	-	FALSE	311325	PDGFRL	-894933
chr8	51608675	+	hg38	3	200000cellsBlood	xxx	GTSP6539	CD4+ CELLS	D0	1	0.30303030303030304	PXDNL	TRUE	-	FALSE	0	RB1CC1	1013781
chr9	127995281	-	hg38	17	200000cellsBlood	xxx	GTSP6539	CD4+ CELLS	D0	7	2.1212121212121215	FAM102A	FALSE	-	FALSE	-14747	SPTAN1	-557275
chr9	36420374	-	hg38	4	200000cellsBlood	xxx	GTSP6539	CD4+ CELLS	D0	1	0.30303030303030304	RNF38	FALSE	-	FALSE	-19175	PAX5	412899
chr9	94189107	-	hg38	2	200000cellsBlood	xxx	GTSP6539	CD4+ CELLS	D0	2	0.6060606060606061	MIRLET7DHG	TRUE	-	FALSE	-0	WNK2	868534
chr9	129314770	+	hg38	7	200000cellsBlood	xxx	GTSP6539	CD4+ CELLS	D0	1	0.30303030303030304	C9orf106	FALSE	+	FALSE	-6244	PTPA	165823
chr9	137560692	+	hg38	12	200000cellsBlood	xxx	GTSP6539	CD4+ CELLS	D0	2	0.6060606060606061	DPH7	TRUE	-	FALSE	-0	EHMT1	-58298
chr9	28243297	+	hg38	1	200000cellsBlood	xxx	GTSP6539	CD4+ CELLS	D0	1	0.30303030303030304	LINGO2	TRUE	-	FALSE	-0	TEK	1013118
chr9	94558469	+	hg38	2	200000cellsBlood	xxx	GTSP6539	CD4+ CELLS	D0	1	0.30303030303030304	PCAT7	TRUE	+	FALSE	0	FANCC	540583
chrX	53810709	-	hg38	1	200000cellsBlood	xxx	GTSP6539	CD4+ CELLS	D0	1	0.30303030303030304	HUWE1	FALSE	-	FALSE	-123979	KDM5C	-585286
chrX	68896472	-	hg38	1	200000cellsBlood	xxx	GTSP6539	CD4+ CELLS	D0	1	0.30303030303030304	EFNB1	FALSE	+	FALSE	54307	STARD8	170629
chrX	134603510	+	hg38	6	200000cellsBlood	xxx	GTSP6539	CD4+ CELLS	D0	3	0.9090909090909091	PLAC1	TRUE	-	FALSE	-0	PHF6	174717
chrX	16701775	+	hg38	3	200000cellsBlood	xxx	GTSP6539	CD4+ CELLS	D0	2	0.6060606060606061	CTPS2	TRUE	-	FALSE	0	RBBP7	142873
chrY	7141318	-	hg38	1	200000cellsBlood	xxx	GTSP6539	CD4+ CELLS	D0	1	0.30303030303030304	TBL1Y	FALSE	+	FALSE	49634	P2RY8	-5604173
